# Blender 4.2.6 LTS
# www.blender.org
mtllib ANJ_SirvientaPalacio (6).mtl
o Vestido
v 0.325021 2.669605 -0.379846
v 0.322821 2.608341 -0.435208
v 0.289833 2.630910 -0.440896
v 0.293360 2.682973 -0.376541
v 0.138431 2.478247 -0.524584
v 0.001587 2.468017 -0.522156
v 0.001587 2.521670 -0.517802
v 0.133392 2.533741 -0.519354
v 0.311744 2.525028 -0.451368
v 0.259964 2.537040 -0.481077
v 0.197256 2.497157 -0.517572
v 0.184911 2.556195 -0.512239
v 0.207911 2.551561 -0.197002
v 0.201668 2.585362 -0.230520
v 0.162800 2.565446 -0.201318
v 0.175036 2.540545 -0.167107
v 0.252503 2.353298 -0.261782
v 0.240026 2.294744 -0.229129
v 0.251210 2.284058 -0.303264
v 0.265973 2.338180 -0.320161
v 0.279987 2.379864 -0.398821
v 0.249563 2.371591 -0.456835
v 0.255172 2.441212 -0.473581
v 0.297302 2.448977 -0.410994
v 0.200469 2.427908 -0.509008
v 0.197601 2.366632 -0.487494
v 0.140594 2.418598 -0.515999
v 0.140628 2.363894 -0.496099
v 0.001587 2.412055 -0.514753
v 0.001587 2.360485 -0.497555
v 0.723123 0.228220 -0.428806
v 0.731214 0.228220 -0.261881
v 0.328613 0.228220 -0.744633
v 0.001587 0.228220 -0.747662
v 0.173459 2.211642 -0.419165
v 0.128988 2.215466 -0.426744
v 0.135248 2.268057 -0.449882
v 0.183651 2.265594 -0.440078
v 0.265776 2.325034 -0.382516
v 0.248679 2.273155 -0.364106
v 0.224789 2.266248 -0.412263
v 0.238140 2.317061 -0.434253
v 0.190509 2.208808 -0.134511
v 0.184831 2.154201 -0.145238
v 0.206638 2.156920 -0.184339
v 0.216176 2.215856 -0.176323
v 0.155016 2.153967 -0.118130
v 0.158142 2.207251 -0.106588
v 0.160533 2.249156 -0.093642
v 0.194907 2.252006 -0.122003
v 0.203309 2.277775 -0.102380
v 0.165953 2.274807 -0.075984
v 0.181225 2.101664 -0.154630
v 0.201071 2.100603 -0.192453
v 0.152249 2.102016 -0.128136
v 0.216151 2.160136 -0.234152
v 0.229654 2.224458 -0.232269
v 0.221928 2.266081 -0.164751
v 0.231228 2.296408 -0.140443
v 0.241010 2.314911 -0.113813
v 0.212626 2.295089 -0.080055
v 0.254835 2.346746 -0.147576
v 0.247346 2.328574 -0.181874
v 0.172974 2.292245 -0.056365
v 0.219694 2.315859 -0.058682
v 0.179580 2.312499 -0.037121
v 0.222088 2.347253 -0.044613
v 0.183653 2.342846 -0.022740
v 0.246131 2.334133 -0.090800
v 0.257636 2.361095 -0.120133
v 0.255268 2.372501 -0.102283
v 0.245733 2.360037 -0.077217
v 0.255233 2.400073 -0.111475
v 0.243342 2.396321 -0.077616
v 0.220755 2.389301 -0.042220
v 0.261072 2.395000 -0.142381
v 0.260656 2.384018 -0.175236
v 0.251602 2.440396 -0.129060
v 0.237379 2.440887 -0.091772
v 0.214543 2.438099 -0.055478
v 0.262042 2.423747 -0.198720
v 0.260290 2.434733 -0.164188
v 0.254649 2.369811 -0.213508
v 0.257742 2.410361 -0.236114
v 0.259044 2.398067 -0.279541
v 0.234530 2.223606 -0.292559
v 0.230166 2.217077 -0.347887
v 0.001587 2.269216 -0.452841
v 0.001587 2.314479 -0.476655
v 0.138829 2.315804 -0.472827
v 0.179916 2.433306 -0.031289
v 0.183955 2.384714 -0.018919
v 0.114159 2.385338 -0.029612
v 0.143966 2.384594 -0.018481
v 0.141690 2.427892 -0.028421
v 0.111165 2.423502 -0.039618
v 0.120128 2.359143 -0.027776
v 0.144097 2.349405 -0.021619
v 0.139361 2.325204 -0.032712
v 0.110501 2.348499 -0.036231
v 0.100623 2.335400 -0.048094
v 0.132588 2.307054 -0.047746
v 0.094639 2.381419 -0.041343
v 0.080197 2.373927 -0.051370
v 0.088966 2.420689 -0.051854
v 0.072234 2.417727 -0.061618
v 0.111890 2.459705 -0.058828
v 0.092100 2.457927 -0.070721
v 0.076374 2.457864 -0.083843
v 0.114421 2.482141 -0.078310
v 0.102719 2.486950 -0.093615
v 0.132198 2.494218 -0.085719
v 0.121118 2.509070 -0.116029
v 0.138342 2.467261 -0.054071
v 0.106682 2.518583 -0.143116
v 0.088805 2.490354 -0.112700
v 0.089120 2.525259 -0.164396
v 0.074987 2.491692 -0.129060
v 0.145837 2.527366 -0.140126
v 0.130623 2.544307 -0.173612
v 0.107986 2.567611 -0.201924
v 0.202491 2.483264 -0.085736
v 0.188083 2.516668 -0.126019
v 0.159051 2.507296 -0.101731
v 0.170910 2.476353 -0.062652
v 0.215655 2.521001 -0.157382
v 0.227242 2.485156 -0.119381
v 0.247161 2.572412 -0.225376
v 0.248713 2.620496 -0.257955
v 0.193527 2.670099 -0.333328
v 0.214472 2.667825 -0.315245
v 0.235031 2.690612 -0.369057
v 0.209670 2.691889 -0.376596
v 0.149856 2.594172 -0.226828
v 0.244995 2.483663 -0.156741
v 0.242641 2.526999 -0.192173
v 0.257651 2.479501 -0.192081
v 0.275164 2.539283 -0.228220
v 0.192330 2.620264 -0.255014
v 0.242120 2.662110 -0.298161
v 0.304001 2.664658 -0.299059
v 0.281998 2.682630 -0.319854
v 0.178483 2.642194 -0.273977
v 0.139175 2.623133 -0.245952
v 0.130163 2.635833 -0.271304
v 0.097636 2.626666 -0.255248
v 0.102279 2.607083 -0.230412
v 0.292614 2.603218 -0.249768
v 0.280641 2.510158 -0.247170
v 0.262758 2.466354 -0.222869
v 0.260776 2.449036 -0.256780
v 0.281218 2.483661 -0.277745
v 0.230877 2.596109 -0.480419
v 0.259433 2.654038 -0.434705
v 0.286396 2.446259 -0.325318
v 0.276191 2.389483 -0.332058
v 0.191487 2.315311 -0.462772
v 0.210125 2.211577 -0.392819
v 0.124093 2.580824 -0.508497
v 0.168558 2.601327 -0.501266
v 0.001587 2.569376 -0.508662
v 0.147968 2.704655 -0.430028
v 0.177808 2.695507 -0.428347
v 0.155624 2.683347 -0.460588
v 0.127415 2.700060 -0.452748
v 0.206743 2.682809 -0.425587
v 0.183921 2.660814 -0.466700
v 0.108124 2.621456 -0.498428
v 0.001587 2.611429 -0.498200
v 0.147782 2.638225 -0.490908
v 0.208005 2.632066 -0.472296
v 0.232733 2.668832 -0.426619
v 0.262179 2.688945 -0.369418
v 0.059394 2.414018 -0.068500
v 0.063729 2.457143 -0.094757
v 0.049827 2.410580 -0.072897
v 0.053308 2.456299 -0.101597
v 0.061325 2.491390 -0.139916
v 0.068788 2.363827 -0.060414
v 0.092138 2.318524 -0.061794
v 0.071840 2.597903 -0.227025
v 0.001587 2.593585 -0.230906
v 0.001587 2.563113 -0.208171
v 0.073168 2.564753 -0.204511
v 0.096928 2.635024 -0.282343
v 0.074562 2.626360 -0.277314
v 0.071194 2.616388 -0.251830
v 0.001587 2.618597 -0.281804
v 0.001587 2.609315 -0.256314
v 0.098399 2.650103 -0.304388
v 0.079749 2.642997 -0.296289
v 0.122723 2.639816 -0.300394
v 0.115125 2.652882 -0.326036
v 0.687522 0.228220 -0.106648
v 0.210270 2.097089 -0.289003
v 0.209680 2.098901 -0.239215
v 0.217490 2.160373 -0.286941
v 0.133541 2.663030 -0.351212
v 0.149983 2.648572 -0.327112
v 0.172048 2.671398 -0.356215
v 0.148565 2.680169 -0.377400
v 0.182721 2.693171 -0.389752
v 0.154739 2.697905 -0.402939
v 0.262232 2.432099 -0.287145
v 0.058276 2.353419 -0.069634
v 0.001587 2.455829 -0.104529
v 0.001587 2.409190 -0.075064
v 0.001587 2.490750 -0.144823
v 0.069012 2.526305 -0.176147
v 0.001587 2.525427 -0.181669
v 0.001587 2.639518 -0.294629
v 0.164751 2.645441 -0.299244
v 0.178683 2.094542 -0.369129
v 0.201286 2.095857 -0.334873
v 0.664748 0.228220 -0.577080
v 0.577724 0.228220 -0.682524
v 0.160360 2.153861 -0.401591
v 0.193061 2.154052 -0.376483
v 0.146427 2.094327 -0.390104
v 0.459216 0.228220 -0.729824
v 0.119617 2.157201 -0.408210
v 0.080594 2.287384 -0.077075
v 0.122679 2.258101 -0.077514
v 0.126494 2.288245 -0.063898
v 0.001587 2.218933 -0.426909
v 0.001587 2.161626 -0.405313
v 0.511443 0.228220 0.100338
v 0.403176 0.228220 0.167144
v 0.281847 0.228220 0.198405
v 0.122432 2.156169 -0.098795
v 0.120979 2.102003 -0.107299
v 0.122710 2.211760 -0.090269
v 0.085498 2.102641 -0.099599
v 0.086277 2.160412 -0.092867
v 0.001587 2.287347 -0.087479
v 0.001587 2.224298 -0.094302
v 0.085467 2.220459 -0.087785
v 0.001587 2.164147 -0.099589
v 0.001588 0.228220 0.195773
v 0.001587 2.105110 -0.103083
v 0.615716 0.228220 0.018481
v 0.122456 2.668108 -0.479470
v 0.086339 2.655577 -0.485654
v 0.097691 2.691508 -0.466008
v 0.064956 2.683387 -0.468494
v 0.001587 2.647656 -0.483406
v 0.001587 2.678767 -0.463779
v 0.211436 2.157394 -0.336119
v 0.108740 2.096356 -0.397959
v 0.001587 2.100327 -0.394823
v 0.001587 2.350104 -0.076013
v -0.321846 2.669605 -0.379846
v -0.319646 2.608341 -0.435208
v -0.286658 2.630910 -0.440896
v -0.290186 2.682973 -0.376541
v -0.135256 2.478247 -0.524584
v -0.130218 2.533741 -0.519354
v -0.308569 2.525028 -0.451368
v -0.256789 2.537040 -0.481077
v -0.194081 2.497157 -0.517572
v -0.181736 2.556195 -0.512239
v -0.204736 2.551561 -0.197001
v -0.198493 2.585362 -0.230520
v -0.159625 2.565446 -0.201318
v -0.171862 2.540545 -0.167107
v -0.249328 2.353298 -0.261782
v -0.236851 2.294744 -0.229129
v -0.248035 2.284058 -0.303263
v -0.262798 2.338180 -0.320161
v -0.276812 2.379864 -0.398821
v -0.246388 2.371591 -0.456835
v -0.251997 2.441212 -0.473581
v -0.294127 2.448977 -0.410994
v -0.197295 2.427908 -0.509008
v -0.194427 2.366632 -0.487494
v -0.137419 2.418598 -0.515999
v -0.137453 2.363894 -0.496099
v -0.719948 0.228220 -0.428806
v -0.728039 0.228220 -0.261881
v -0.325438 0.228220 -0.744633
v -0.170284 2.211642 -0.419165
v -0.125813 2.215466 -0.426744
v -0.132073 2.268057 -0.449882
v -0.180476 2.265594 -0.440078
v -0.262601 2.325034 -0.382515
v -0.245504 2.273155 -0.364106
v -0.221614 2.266248 -0.412263
v -0.234965 2.317061 -0.434253
v -0.187334 2.208808 -0.134511
v -0.181656 2.154201 -0.145238
v -0.203463 2.156920 -0.184339
v -0.213001 2.215856 -0.176323
v -0.151841 2.153967 -0.118130
v -0.154967 2.207251 -0.106588
v -0.157358 2.249156 -0.093642
v -0.191732 2.252006 -0.122003
v -0.200134 2.277775 -0.102380
v -0.162778 2.274807 -0.075984
v -0.178050 2.101664 -0.154630
v -0.197896 2.100603 -0.192453
v -0.149074 2.102016 -0.128136
v -0.212976 2.160136 -0.234152
v -0.226479 2.224458 -0.232269
v -0.218753 2.266081 -0.164751
v -0.228053 2.296408 -0.140443
v -0.237835 2.314911 -0.113813
v -0.209451 2.295089 -0.080055
v -0.251660 2.346746 -0.147576
v -0.244171 2.328574 -0.181874
v -0.169799 2.292245 -0.056365
v -0.216519 2.315859 -0.058682
v -0.176405 2.312499 -0.037121
v -0.218913 2.347253 -0.044613
v -0.180478 2.342846 -0.022740
v -0.242956 2.334133 -0.090800
v -0.254461 2.361095 -0.120133
v -0.252093 2.372501 -0.102283
v -0.242558 2.360037 -0.077217
v -0.252058 2.400073 -0.111475
v -0.240167 2.396321 -0.077616
v -0.217580 2.389301 -0.042220
v -0.257897 2.395000 -0.142381
v -0.257481 2.384018 -0.175236
v -0.248427 2.440396 -0.129060
v -0.234204 2.440887 -0.091772
v -0.211368 2.438099 -0.055478
v -0.258867 2.423747 -0.198720
v -0.257115 2.434733 -0.164188
v -0.251474 2.369812 -0.213508
v -0.254567 2.410361 -0.236114
v -0.255869 2.398067 -0.279541
v -0.231355 2.223606 -0.292559
v -0.226991 2.217077 -0.347887
v -0.135654 2.315804 -0.472827
v -0.176741 2.433306 -0.031289
v -0.180780 2.384714 -0.018919
v -0.110984 2.385338 -0.029612
v -0.140791 2.384594 -0.018481
v -0.138515 2.427892 -0.028421
v -0.107990 2.423502 -0.039618
v -0.116953 2.359143 -0.027776
v -0.140922 2.349405 -0.021619
v -0.136186 2.325204 -0.032712
v -0.107326 2.348499 -0.036231
v -0.097448 2.335400 -0.048094
v -0.129413 2.307054 -0.047746
v -0.091464 2.381419 -0.041343
v -0.077022 2.373927 -0.051370
v -0.085792 2.420689 -0.051854
v -0.069059 2.417727 -0.061618
v -0.108715 2.459705 -0.058828
v -0.088925 2.457927 -0.070721
v -0.073199 2.457864 -0.083843
v -0.111246 2.482141 -0.078310
v -0.099544 2.486950 -0.093615
v -0.129023 2.494218 -0.085719
v -0.117943 2.509070 -0.116029
v -0.135167 2.467261 -0.054071
v -0.103507 2.518583 -0.143116
v -0.085630 2.490354 -0.112700
v -0.085945 2.525259 -0.164396
v -0.071812 2.491692 -0.129060
v -0.142662 2.527366 -0.140125
v -0.127448 2.544307 -0.173612
v -0.104811 2.567611 -0.201924
v -0.199317 2.483264 -0.085736
v -0.184908 2.516668 -0.126019
v -0.155876 2.507296 -0.101731
v -0.167735 2.476353 -0.062652
v -0.212480 2.521001 -0.157382
v -0.224067 2.485156 -0.119381
v -0.243986 2.572412 -0.225376
v -0.245538 2.620496 -0.257955
v -0.190352 2.670099 -0.333328
v -0.211297 2.667825 -0.315245
v -0.231856 2.690612 -0.369057
v -0.206495 2.691889 -0.376596
v -0.146681 2.594172 -0.226828
v -0.241820 2.483663 -0.156741
v -0.239466 2.526999 -0.192173
v -0.254476 2.479501 -0.192080
v -0.271989 2.539283 -0.228219
v -0.189155 2.620265 -0.255014
v -0.238945 2.662110 -0.298161
v -0.300826 2.664658 -0.299059
v -0.278823 2.682630 -0.319854
v -0.175308 2.642194 -0.273977
v -0.136000 2.623133 -0.245952
v -0.126988 2.635833 -0.271304
v -0.094461 2.626666 -0.255248
v -0.099104 2.607083 -0.230412
v -0.289439 2.603218 -0.249767
v -0.277466 2.510159 -0.247170
v -0.259583 2.466354 -0.222869
v -0.257601 2.449036 -0.256779
v -0.278043 2.483661 -0.277745
v -0.227702 2.596109 -0.480419
v -0.256258 2.654038 -0.434705
v -0.283221 2.446259 -0.325318
v -0.273016 2.389483 -0.332058
v -0.188312 2.315311 -0.462771
v -0.206950 2.211577 -0.392819
v -0.120918 2.580824 -0.508497
v -0.165383 2.601327 -0.501266
v -0.144793 2.704655 -0.430028
v -0.174633 2.695507 -0.428347
v -0.152450 2.683347 -0.460588
v -0.124240 2.700060 -0.452748
v -0.203568 2.682809 -0.425587
v -0.180746 2.660814 -0.466700
v -0.104950 2.621456 -0.498428
v -0.144607 2.638225 -0.490908
v -0.204830 2.632066 -0.472296
v -0.229558 2.668832 -0.426619
v -0.259004 2.688945 -0.369418
v -0.056219 2.414018 -0.068500
v -0.060554 2.457143 -0.094757
v -0.046652 2.410580 -0.072897
v -0.050133 2.456299 -0.101597
v -0.058150 2.491390 -0.139916
v -0.065613 2.363827 -0.060414
v -0.088963 2.318524 -0.061794
v -0.068665 2.597903 -0.227025
v -0.069993 2.564753 -0.204511
v -0.093753 2.635024 -0.282343
v -0.071387 2.626360 -0.277314
v -0.068020 2.616388 -0.251830
v -0.095224 2.650103 -0.304388
v -0.076574 2.642997 -0.296289
v -0.119548 2.639816 -0.300393
v -0.111950 2.652882 -0.326036
v -0.684348 0.228220 -0.106648
v -0.207095 2.097089 -0.289003
v -0.206505 2.098901 -0.239215
v -0.214316 2.160373 -0.286941
v -0.130366 2.663030 -0.351212
v -0.146808 2.648572 -0.327112
v -0.168873 2.671398 -0.356215
v -0.145390 2.680169 -0.377400
v -0.179546 2.693171 -0.389752
v -0.151565 2.697905 -0.402939
v -0.259057 2.432100 -0.287145
v -0.055101 2.353419 -0.069634
v -0.065837 2.526305 -0.176147
v -0.161576 2.645441 -0.299244
v -0.175508 2.094542 -0.369129
v -0.198111 2.095857 -0.334873
v -0.661573 0.228220 -0.577080
v -0.574549 0.228220 -0.682524
v -0.157185 2.153861 -0.401591
v -0.189886 2.154052 -0.376483
v -0.143252 2.094327 -0.390104
v -0.456041 0.228220 -0.729824
v -0.116442 2.157201 -0.408210
v -0.077419 2.287384 -0.077075
v -0.119504 2.258101 -0.077514
v -0.123319 2.288245 -0.063898
v -0.508268 0.228220 0.100338
v -0.400001 0.228220 0.167144
v -0.278672 0.228220 0.198405
v -0.119258 2.156169 -0.098795
v -0.117804 2.102003 -0.107299
v -0.119535 2.211760 -0.090269
v -0.082323 2.102641 -0.099599
v -0.083102 2.160412 -0.092867
v -0.082292 2.220459 -0.087785
v -0.612541 0.228220 0.018481
v -0.119281 2.668108 -0.479470
v -0.083164 2.655577 -0.485654
v -0.094516 2.691508 -0.466008
v -0.061781 2.683387 -0.468494
v -0.208261 2.157394 -0.336119
v -0.105565 2.096356 -0.397959
v 0.380742 2.625056 -0.379846
v 0.367311 2.565242 -0.435208
v 0.341099 2.485389 -0.451368
v 0.312916 2.413291 -0.410994
v 0.307765 2.506128 -0.228220
v 0.359171 2.624059 -0.299059
v 0.336677 2.565763 -0.249768
v 0.307792 2.476493 -0.247170
v 0.303486 2.450341 -0.277745
v 0.301695 2.412626 -0.325318
v 0.433509 2.549721 -0.372425
v 0.409115 2.503696 -0.419467
v 0.369759 2.444104 -0.433198
v 0.330523 2.391312 -0.398892
v 0.347076 2.468564 -0.243587
v 0.415604 2.553732 -0.303780
v 0.384120 2.510978 -0.261896
v 0.340466 2.444266 -0.259689
v 0.331084 2.423792 -0.285669
v 0.321177 2.393277 -0.326092
v 0.433216 2.528928 -0.368446
v 0.411135 2.487268 -0.411026
v 0.375512 2.433328 -0.423456
v 0.339997 2.385542 -0.392403
v 0.354980 2.455468 -0.251826
v 0.417009 2.532558 -0.306311
v 0.388511 2.493860 -0.268400
v 0.348997 2.433474 -0.266402
v 0.340505 2.414943 -0.289918
v 0.331537 2.387321 -0.326508
v -0.381160 2.621857 -0.379334
v -0.369007 2.562418 -0.434122
v -0.344587 2.482909 -0.450115
v -0.318070 2.411037 -0.410159
v -0.311211 2.502797 -0.229279
v -0.359835 2.620461 -0.299384
v -0.338686 2.562352 -0.250604
v -0.311800 2.473475 -0.248033
v -0.308036 2.447518 -0.278292
v -0.306980 2.410166 -0.325371
v -0.415556 2.560136 -0.372993
v -0.398591 2.510141 -0.420670
v -0.368851 2.444152 -0.434588
v -0.338132 2.384986 -0.399818
v -0.342200 2.464957 -0.242411
v -0.396992 2.561252 -0.303418
v -0.372406 2.513385 -0.260969
v -0.339517 2.439577 -0.258732
v -0.333440 2.417576 -0.285063
v -0.328463 2.385441 -0.326033
v -0.422112 2.540798 -0.367621
v -0.406003 2.493325 -0.409277
v -0.377764 2.430665 -0.421436
v -0.348593 2.374483 -0.391058
v -0.352457 2.450421 -0.253534
v -0.404485 2.541858 -0.306835
v -0.381139 2.496405 -0.269748
v -0.349908 2.426321 -0.267793
v -0.344139 2.405429 -0.290799
v -0.339412 2.374916 -0.326593
v 0.754071 2.145246 -0.348076
v 0.722664 2.109637 -0.390955
v 0.675112 2.065183 -0.403471
v 0.629112 2.026731 -0.372201
v 0.660206 2.091686 -0.230639
v 0.739053 2.152607 -0.285505
v 0.702058 2.121404 -0.247329
v 0.649183 2.071553 -0.245317
v 0.636514 2.055401 -0.268998
v 0.621246 2.030460 -0.305844
v 0.961562 1.821853 -0.297100
v 0.935545 1.800533 -0.334437
v 0.900004 1.775537 -0.345336
v 0.867474 1.754859 -0.318107
v 0.905320 1.798831 -0.194838
v 0.959047 1.830434 -0.242614
v 0.932772 1.813590 -0.209371
v 0.893081 1.785471 -0.207619
v 0.881859 1.775494 -0.228240
v 0.866105 1.759256 -0.260324
v 0.956900 1.821187 -0.293038
v 0.934157 1.802550 -0.325678
v 0.903088 1.780699 -0.335205
v 0.874651 1.762622 -0.311402
v 0.907735 1.801062 -0.203643
v 0.954702 1.828688 -0.245408
v 0.931733 1.813964 -0.216347
v 0.897036 1.789383 -0.214815
v 0.887226 1.780661 -0.232842
v 0.873454 1.766466 -0.260890
v -0.731809 2.168182 -0.363650
v -0.703498 2.133497 -0.400852
v -0.660293 2.089896 -0.411711
v -0.618334 2.052006 -0.384580
v -0.645293 2.114331 -0.261760
v -0.717392 2.174576 -0.309362
v -0.683658 2.143843 -0.276239
v -0.635631 2.094965 -0.274494
v -0.624276 2.079288 -0.295040
v -0.610787 2.055236 -0.327008
v -0.972349 1.813560 -0.300265
v -0.947751 1.795236 -0.337592
v -0.911768 1.773473 -0.348488
v -0.877566 1.755297 -0.321266
v -0.905877 1.792213 -0.198032
v -0.963836 1.820215 -0.245795
v -0.936293 1.805421 -0.212560
v -0.896226 1.780956 -0.210809
v -0.886066 1.772434 -0.231424
v -0.873090 1.758702 -0.263500
v -0.967648 1.810754 -0.297921
v -0.944938 1.793837 -0.332383
v -0.911717 1.773744 -0.342443
v -0.880141 1.756963 -0.317311
v -0.906279 1.791045 -0.203536
v -0.959789 1.816897 -0.247633
v -0.934360 1.803240 -0.216950
v -0.897369 1.780652 -0.215333
v -0.887988 1.772784 -0.234365
v -0.876009 1.760107 -0.263979
v 0.002022 1.964889 -0.070755
v 0.002026 2.023643 -0.429118
v 0.002026 2.053470 -0.078280
v 0.002026 2.078355 -0.425274
v -0.191386 1.996244 -0.142228
v -0.219313 2.023871 -0.310865
v -0.139519 1.980589 -0.105545
v -0.073796 1.968918 -0.081653
v -0.188164 2.024984 -0.364834
v -0.076421 2.024961 -0.429767
v -0.140696 2.024925 -0.407006
v -0.070693 2.056053 -0.088816
v -0.129837 2.060228 -0.120302
v -0.179005 2.068795 -0.158800
v -0.213309 2.083965 -0.318718
v -0.184103 2.083031 -0.368745
v -0.136097 2.081796 -0.403121
v -0.074118 2.079646 -0.421747
v -0.213347 2.077929 -0.205783
v -0.225538 2.012079 -0.191616
v -0.224613 2.083179 -0.261485
v -0.233979 2.020943 -0.251225
v 0.195423 1.996262 -0.142427
v 0.223365 2.023871 -0.310865
v 0.143537 1.980563 -0.105906
v 0.077825 1.968892 -0.082008
v 0.192217 2.024984 -0.364834
v 0.080473 2.024961 -0.429767
v 0.144748 2.024925 -0.407006
v 0.074745 2.056053 -0.088816
v 0.133890 2.060228 -0.120302
v 0.183058 2.068795 -0.158800
v 0.217362 2.083965 -0.318718
v 0.188155 2.083031 -0.368745
v 0.140149 2.081796 -0.403121
v 0.078170 2.079646 -0.421747
v 0.217399 2.077929 -0.205783
v 0.229588 2.012085 -0.191650
v 0.228665 2.083179 -0.261485
v 0.238032 2.020943 -0.251225
v -0.139521 2.048436 -0.109401
v -0.192127 2.058786 -0.149888
v -0.200827 2.007802 -0.138242
v -0.146324 1.992471 -0.099031
v -0.228499 2.069666 -0.200126
v -0.237066 2.023391 -0.190171
v -0.196044 2.076468 -0.374717
v -0.145248 2.075370 -0.412552
v -0.148480 2.035404 -0.415283
v -0.198898 2.035677 -0.371969
v 0.001999 2.033659 -0.438731
v -0.080752 2.035052 -0.438673
v -0.079134 2.073482 -0.433037
v 0.001999 2.072107 -0.436030
v 0.001999 2.039675 -0.066145
v -0.075645 2.042672 -0.077379
v -0.077826 1.981438 -0.072346
v 0.001996 1.977425 -0.060857
v -0.227353 2.077093 -0.320978
v -0.231572 2.034863 -0.315460
v -0.239938 2.075877 -0.259875
v -0.246520 2.032141 -0.252665
v 0.143514 2.048432 -0.109466
v 0.150293 1.992449 -0.099348
v 0.204813 2.007817 -0.138418
v 0.196123 2.058789 -0.149924
v 0.241063 2.023396 -0.190201
v 0.232498 2.069667 -0.200132
v 0.200043 2.076468 -0.374717
v 0.202897 2.035677 -0.371969
v 0.152479 2.035404 -0.415283
v 0.149247 2.075370 -0.412552
v 0.083133 2.073482 -0.433037
v 0.084751 2.035052 -0.438673
v 0.081804 1.981415 -0.072658
v 0.079640 2.042667 -0.077443
v 0.231352 2.077093 -0.320978
v 0.235571 2.034863 -0.315460
v 0.243937 2.075877 -0.259875
v 0.250519 2.032141 -0.252665
v -0.155734 2.064064 -0.138848
v -0.145542 2.026377 -0.412078
v -0.167316 1.988097 -0.122243
v 0.002011 2.052661 -0.071907
v -0.198639 2.073632 -0.181036
v -0.073291 2.055365 -0.082816
v -0.211247 2.004633 -0.165353
v -0.162132 2.082498 -0.387971
v 0.198685 2.026465 -0.368622
v -0.166519 2.024978 -0.387751
v -0.140989 2.082674 -0.408231
v -0.038264 2.024177 -0.430439
v -0.076817 2.080499 -0.427594
v -0.037203 2.078732 -0.424758
v -0.185555 2.068874 -0.155008
v -0.035501 2.054323 -0.080746
v -0.221079 2.078473 -0.203670
v -0.036615 1.965879 -0.073845
v 0.080838 2.080499 -0.427594
v -0.101853 2.057801 -0.102815
v -0.108254 1.974000 -0.092183
v -0.201026 2.083563 -0.345283
v -0.205691 2.024592 -0.338922
v 0.145011 2.082674 -0.408231
v -0.106948 2.080773 -0.414504
v -0.110674 2.025086 -0.421694
v -0.222031 2.081167 -0.232906
v -0.226845 2.025359 -0.312875
v -0.233038 2.017493 -0.220745
v -0.221413 2.083982 -0.290428
v -0.229050 2.022847 -0.281475
v -0.241943 2.022377 -0.251228
v 0.171342 1.988094 -0.122531
v 0.149563 2.026377 -0.412078
v 0.159786 2.064064 -0.138848
v 0.215293 2.004649 -0.165458
v 0.083118 2.026366 -0.435532
v 0.202691 2.073632 -0.181036
v -0.232672 2.083985 -0.261384
v 0.170571 2.024978 -0.387751
v -0.220902 2.084845 -0.320649
v 0.166184 2.082498 -0.387971
v 0.041255 2.078732 -0.424758
v 0.225101 2.078473 -0.203670
v 0.042316 2.024177 -0.430439
v 0.040655 1.965865 -0.074054
v 0.189576 2.068874 -0.155013
v 0.039553 2.054323 -0.080745
v 0.112275 1.973967 -0.092579
v 0.105905 2.057801 -0.102815
v -0.197810 1.997056 -0.138604
v 0.209743 2.024592 -0.338922
v 0.205078 2.083563 -0.345283
v 0.114726 2.025086 -0.421694
v 0.111000 2.080773 -0.414504
v 0.226083 2.081167 -0.232906
v 0.237090 2.017494 -0.220749
v -0.144210 1.981018 -0.100613
v 0.225465 2.083982 -0.290428
v 0.233102 2.022847 -0.281475
v -0.167314 2.053160 -0.128732
v -0.198169 2.033410 -0.143098
v -0.175453 1.999775 -0.117062
v -0.144159 2.020461 -0.102910
v -0.212981 2.064548 -0.173621
v -0.234784 2.046757 -0.194616
v -0.221841 2.016060 -0.162599
v -0.172811 2.075998 -0.395758
v -0.148134 2.055691 -0.415246
v -0.175893 2.035577 -0.395604
v -0.199172 2.056382 -0.374326
v -0.040523 2.034198 -0.439804
v -0.080644 2.054561 -0.437369
v -0.039778 2.072536 -0.435811
v 0.001995 2.053166 -0.438908
v -0.037982 2.040603 -0.068870
v -0.077409 2.011991 -0.073307
v -0.038766 1.978450 -0.064021
v 0.001993 2.008456 -0.061848
v -0.109268 2.045120 -0.091599
v -0.113767 1.986230 -0.084128
v -0.214092 2.076868 -0.349407
v -0.217371 2.035426 -0.344937
v -0.231436 2.056287 -0.318733
v -0.114191 2.074496 -0.425211
v -0.116810 2.035363 -0.430263
v -0.237493 2.073487 -0.229237
v -0.245319 2.054302 -0.256257
v -0.245229 2.028742 -0.220691
v -0.236236 2.076925 -0.290791
v -0.241603 2.033963 -0.284499
v 0.148132 2.020447 -0.103103
v 0.179429 1.999772 -0.117317
v 0.202152 2.033419 -0.143205
v 0.171308 2.053159 -0.128783
v 0.225835 2.016074 -0.162692
v 0.238774 2.046761 -0.194634
v 0.216979 2.064551 -0.173639
v 0.203163 2.056382 -0.374326
v 0.179892 2.035577 -0.395604
v 0.152125 2.055691 -0.415246
v 0.176810 2.075998 -0.395758
v 0.043777 2.072536 -0.435811
v 0.084635 2.054561 -0.437369
v 0.044522 2.034198 -0.439804
v 0.042753 1.978438 -0.064205
v 0.081388 2.011976 -0.073496
v 0.041979 2.040601 -0.068908
v 0.117738 1.986201 -0.084477
v 0.113261 2.045115 -0.091670
v 0.235427 2.056287 -0.318733
v 0.221369 2.035426 -0.344937
v 0.218091 2.076868 -0.349407
v 0.120809 2.035363 -0.430263
v 0.118190 2.074496 -0.425211
v 0.241492 2.073488 -0.229238
v 0.249228 2.028742 -0.220695
v 0.249310 2.054302 -0.256257
v 0.240235 2.076925 -0.290791
v 0.245602 2.033963 -0.284499
v -0.079097 2.026366 -0.435532
v 0.236693 2.083985 -0.261384
v 0.224924 2.084845 -0.320649
v -0.190642 2.083925 -0.372493
v -0.233147 2.013289 -0.189646
v 0.194664 2.083925 -0.372493
v 0.230866 2.025359 -0.312875
v 0.245965 2.022377 -0.251228
v 0.002007 1.964975 -0.064458
v -0.076362 1.969110 -0.075725
v -0.194663 2.026465 -0.368622
v 0.002011 2.079162 -0.431150
v 0.080361 1.969084 -0.076085
v 0.237167 2.013295 -0.189680
v -0.134627 2.059851 -0.115221
v 0.002011 2.025002 -0.434955
v 0.077312 2.055365 -0.082824
v 0.201816 1.997073 -0.138805
v 0.148198 1.980991 -0.100978
v 0.138648 2.059851 -0.115229
v -0.212782 2.026080 -0.341869
v -0.037941 1.965996 -0.067642
v 0.240903 2.024323 -0.282494
v 0.171941 2.083386 -0.392467
v 0.234058 2.081871 -0.231774
v -0.218353 2.005655 -0.162508
v -0.208164 2.084455 -0.348166
v 0.233344 2.084840 -0.291357
v -0.230037 2.081871 -0.231774
v -0.114502 2.026518 -0.427199
v -0.036838 2.053546 -0.074472
v 0.176284 2.026448 -0.392249
v -0.110813 2.081642 -0.420082
v -0.205872 2.073957 -0.178033
v 0.114835 2.081642 -0.420082
v -0.236882 2.024323 -0.282494
v 0.118523 2.026518 -0.427199
v -0.229322 2.084840 -0.291357
v 0.209893 2.073957 -0.178036
v -0.172926 1.988703 -0.117929
v -0.172862 2.026525 -0.121750
v -0.219282 2.040480 -0.167347
v -0.175856 2.056095 -0.396854
v -0.040513 2.053653 -0.439339
v -0.038721 2.009441 -0.064818
v -0.112487 2.015641 -0.086418
v -0.217587 2.056458 -0.347932
v -0.116504 2.055230 -0.429182
v -0.243435 2.051382 -0.224685
v -0.240973 2.055749 -0.287899
v 0.176839 2.026524 -0.121904
v 0.223269 2.040488 -0.167403
v 0.179847 2.056095 -0.396854
v 0.044504 2.053653 -0.439339
v 0.042705 2.009433 -0.064930
v 0.116461 2.015624 -0.086630
v 0.221578 2.056458 -0.347932
v 0.120495 2.055230 -0.429182
v 0.247426 2.051382 -0.224688
v 0.244964 2.055749 -0.287899
v -0.167919 2.083386 -0.392467
v 0.042620 2.079556 -0.430657
v -0.240933 2.018841 -0.219736
v 0.041950 1.965981 -0.067852
v 0.244954 2.018842 -0.219741
v -0.105602 2.057248 -0.097221
v 0.216803 2.026080 -0.341869
v -0.172262 2.026448 -0.392249
v 0.043670 2.025552 -0.436281
v -0.111939 1.974293 -0.086696
v 0.212186 2.084455 -0.348166
v 0.040859 2.053545 -0.074477
v 0.176922 1.988700 -0.118221
v 0.115928 1.974261 -0.087097
v -0.039648 2.025552 -0.436281
v 0.109623 2.057247 -0.097229
v 0.165482 2.063902 -0.134373
v -0.038598 2.079556 -0.430657
v -0.161461 2.063903 -0.134366
v 0.222368 2.005672 -0.162615
v 0.000865 2.008031 -0.404532
v 0.001250 1.686265 -0.223869
v 0.001203 1.672828 -0.294294
v 0.001328 1.705870 -0.170348
v 0.001003 1.824524 -0.113332
v 0.001448 1.760863 -0.133114
v 0.000865 1.675953 -0.369806
v 0.000865 1.895540 -0.436441
v 0.000865 1.730385 -0.424519
v 0.000916 2.008143 -0.109239
v 0.000991 1.884274 -0.106832
v 0.000891 1.935352 -0.107067
v 0.000865 1.811000 -0.446791
v -0.074781 1.693304 -0.129241
v -0.045571 1.599253 -0.163025
v -0.029918 1.653501 -0.179484
v -0.049437 1.716353 -0.140632
v -0.121768 1.686937 -0.107655
v -0.177381 1.688477 -0.124389
v -0.171833 1.595287 -0.116424
v -0.105557 1.593152 -0.106364
v -0.220862 1.778023 -0.260398
v -0.212009 1.782755 -0.337005
v -0.217627 1.699140 -0.341569
v -0.225904 1.696994 -0.260569
v -0.202901 1.858752 -0.326442
v -0.214702 1.852243 -0.257011
v -0.182089 2.021561 -0.249306
v -0.172690 2.026522 -0.303366
v -0.191171 1.927809 -0.314199
v -0.203944 1.921789 -0.252163
v -0.213532 1.692309 -0.183577
v -0.229496 1.607235 -0.258522
v -0.215027 1.601038 -0.177903
v -0.038316 2.014381 -0.395919
v -0.132568 1.786850 -0.455549
v -0.122172 1.693777 -0.447303
v -0.182502 1.696626 -0.412505
v -0.185655 1.786423 -0.410311
v -0.074826 1.783638 -0.458076
v -0.063810 1.696601 -0.433648
v -0.105236 1.607728 -0.407702
v -0.045603 1.610492 -0.363870
v -0.028520 1.695911 -0.408895
v -0.025919 1.650021 -0.337120
v -0.022996 1.580883 -0.260914
v -0.020071 1.631802 -0.252896
v -0.078488 1.865976 -0.447643
v -0.037420 1.850147 -0.448126
v -0.033860 1.769359 -0.447149
v -0.131128 1.871022 -0.436250
v -0.173234 2.016139 -0.198723
v -0.204348 1.846503 -0.192297
v -0.173073 1.841730 -0.145946
v -0.163404 1.909244 -0.153318
v -0.194119 1.915687 -0.193770
v -0.210635 1.773301 -0.188736
v -0.125168 1.904228 -0.131614
v -0.114812 2.005826 -0.140152
v -0.148509 2.010827 -0.161082
v -0.130972 1.837631 -0.125190
v -0.088813 1.903345 -0.117716
v -0.091241 1.838208 -0.117926
v -0.060260 1.851857 -0.112170
v -0.056608 1.912089 -0.107998
v -0.082478 2.004425 -0.122706
v -0.050527 2.007601 -0.110488
v -0.167655 1.608481 -0.395251
v -0.059692 1.786368 -0.122745
v -0.164312 1.935042 -0.370049
v -0.148318 2.030095 -0.350521
v -0.112998 2.029522 -0.381087
v -0.123202 1.937966 -0.407598
v -0.038584 1.920023 -0.425798
v -0.130822 1.767181 -0.115437
v -0.178531 1.769917 -0.134684
v -0.177283 1.867061 -0.392144
v -0.088040 1.769597 -0.120737
v -0.077248 1.932310 -0.420669
v -0.073829 2.022894 -0.391644
v -0.213790 1.609849 -0.338380
v -0.142786 0.934162 -0.336078
v -0.149108 0.831023 -0.360824
v -0.162566 0.825166 -0.308417
v -0.158860 0.927553 -0.291722
v -0.016314 1.495893 -0.259425
v -0.012247 1.396017 -0.256547
v -0.028165 1.405676 -0.335655
v -0.035804 1.507542 -0.343651
v -0.026796 1.304778 -0.328684
v -0.012875 1.296921 -0.253935
v -0.079769 1.413541 -0.383469
v -0.090742 1.514282 -0.386459
v -0.074781 1.311391 -0.377423
v -0.154585 1.516228 -0.383812
v -0.145806 1.416507 -0.384437
v -0.138592 1.313737 -0.382105
v -0.179424 1.209273 -0.334419
v -0.192866 1.309922 -0.340201
v -0.130755 1.213277 -0.370879
v -0.201292 1.413450 -0.339443
v -0.029876 1.206817 -0.319813
v -0.074106 1.212218 -0.363161
v -0.015801 1.199835 -0.252440
v -0.029954 1.289684 -0.176871
v -0.033265 1.191895 -0.182942
v -0.030830 1.389291 -0.174235
v -0.036240 1.491447 -0.170656
v -0.093093 1.490165 -0.111064
v -0.085525 1.386414 -0.118819
v -0.080706 1.284693 -0.124109
v -0.140255 1.186131 -0.145977
v -0.079995 1.185273 -0.136194
v -0.147412 1.285475 -0.131151
v -0.065368 0.252138 -0.388550
v -0.059039 0.194426 -0.393084
v -0.086048 0.190894 -0.383821
v -0.088702 0.249540 -0.376736
v -0.046506 0.254790 -0.370464
v -0.041031 0.196103 -0.369258
v -0.110510 0.248886 -0.358671
v -0.113801 0.190150 -0.365930
v -0.122826 0.191688 -0.329899
v -0.116520 0.250693 -0.329260
v -0.117303 0.199776 -0.298157
v -0.109706 0.255835 -0.301745
v -0.100057 0.206644 -0.278490
v -0.092064 0.261441 -0.284044
v -0.115226 0.320676 -0.352466
v -0.119710 0.322266 -0.322352
v -0.096533 0.321512 -0.375488
v -0.127441 0.410390 -0.311870
v -0.125927 0.408959 -0.346308
v -0.108766 0.409407 -0.376569
v -0.109598 0.326416 -0.295207
v -0.113505 0.413602 -0.283036
v -0.118238 0.512327 -0.268626
v -0.136628 0.510264 -0.299420
v -0.139239 0.508973 -0.339144
v -0.033363 0.198825 -0.332183
v -0.033730 0.258781 -0.339577
v -0.043887 0.262278 -0.306125
v -0.048165 0.202599 -0.294643
v -0.040639 0.329904 -0.345550
v -0.044931 0.332995 -0.313251
v -0.039275 0.416162 -0.349718
v -0.042659 0.418835 -0.314394
v -0.050435 0.326365 -0.375189
v -0.052659 0.413309 -0.380639
v -0.029361 0.512105 -0.353295
v -0.033452 0.514493 -0.310554
v -0.051161 0.510805 -0.387813
v -0.013529 0.610788 -0.357034
v -0.020489 0.611817 -0.302986
v -0.026129 0.815311 -0.283010
v -0.022863 0.822089 -0.336945
v -0.036288 0.924435 -0.318589
v -0.035384 0.916111 -0.270540
v -0.063338 0.333753 -0.288337
v -0.066898 0.263825 -0.285218
v -0.074648 0.207348 -0.276150
v -0.060588 0.419605 -0.284916
v -0.087801 0.417362 -0.271557
v -0.088558 0.331087 -0.280542
v -0.072647 0.323457 -0.388987
v -0.083211 1.090335 -0.156913
v -0.041414 1.096523 -0.195213
v -0.183025 1.193067 -0.197673
v -0.170112 1.099393 -0.210574
v -0.134107 1.092209 -0.166274
v -0.180097 1.108841 -0.270475
v -0.197353 1.202091 -0.267710
v -0.160957 1.116660 -0.323813
v -0.153279 1.012108 -0.229439
v -0.129369 1.002532 -0.188201
v -0.164318 1.020545 -0.277937
v -0.149574 0.919161 -0.245303
v -0.129012 0.909757 -0.205924
v -0.088479 0.999604 -0.180770
v -0.091280 0.906761 -0.200678
v -0.020408 1.104236 -0.253871
v -0.028296 1.010966 -0.259149
v -0.051789 1.004211 -0.211818
v -0.037535 1.020010 -0.309647
v -0.033841 1.112242 -0.311960
v -0.080675 0.410980 -0.392443
v -0.088648 0.509926 -0.396802
v -0.122610 0.508960 -0.376983
v -0.155090 0.611934 -0.332179
v -0.140227 0.612178 -0.381427
v -0.152553 0.720599 -0.379981
v -0.164697 0.717536 -0.322786
v -0.097335 0.612972 -0.406914
v -0.104569 0.721682 -0.410610
v -0.146565 0.612282 -0.286096
v -0.122852 0.612682 -0.253520
v -0.152709 0.714708 -0.273089
v -0.126071 0.712295 -0.239809
v -0.047300 0.612172 -0.397800
v -0.056703 0.910016 -0.227574
v -0.064425 0.932338 -0.354772
v -0.071037 1.027419 -0.340448
v -0.073798 1.118509 -0.346856
v -0.110773 1.030557 -0.344784
v -0.120708 1.120073 -0.353687
v -0.055572 0.828668 -0.379532
v -0.048530 0.719033 -0.397516
v -0.106363 0.832882 -0.391284
v -0.227665 1.509015 -0.258457
v -0.207515 1.514624 -0.336687
v -0.220728 1.405986 -0.261706
v -0.211181 1.302333 -0.265389
v -0.204370 1.396184 -0.180969
v -0.212516 1.500410 -0.176300
v -0.163840 1.492918 -0.115718
v -0.155105 1.388363 -0.122342
v -0.194253 1.292888 -0.188290
v -0.049486 0.613390 -0.263362
v -0.087278 0.613841 -0.247094
v -0.087488 0.514941 -0.260095
v -0.055601 0.515896 -0.275986
v -0.144660 1.028143 -0.319698
v -0.106650 0.936336 -0.362252
v -0.152887 0.818650 -0.259638
v -0.017050 0.712010 -0.293749
v -0.011164 0.715197 -0.352339
v -0.048115 0.711220 -0.251187
v -0.053807 0.811538 -0.241786
v -0.090758 0.810651 -0.221572
v -0.088316 0.711605 -0.233870
v -0.127180 0.812872 -0.226599
v -0.154640 0.101059 -0.276741
v -0.134669 0.132924 -0.319239
v -0.138900 0.084778 -0.331880
v -0.161015 0.072341 -0.290991
v -0.143554 0.121549 -0.255845
v -0.129427 0.155198 -0.282573
v -0.114812 0.137353 -0.368356
v -0.114400 0.090274 -0.373358
v -0.180683 0.059060 -0.255008
v -0.171537 0.079511 -0.242501
v -0.157642 0.094106 -0.226880
v -0.084604 0.140117 -0.393645
v -0.084451 0.092199 -0.405863
v -0.053032 0.144004 -0.400226
v -0.046320 0.093647 -0.411590
v -0.033366 0.145167 -0.371320
v -0.068296 0.013143 -0.370501
v -0.097303 0.015381 -0.378478
v -0.088196 0.044125 -0.407434
v -0.047650 0.037778 -0.408342
v -0.116481 0.027225 -0.369074
v -0.115960 0.051082 -0.376295
v -0.094423 0.012132 -0.325586
v -0.115182 0.012538 -0.334909
v -0.132378 0.024908 -0.337985
v -0.139239 0.049944 -0.337952
v -0.111835 0.164694 -0.261475
v -0.125554 0.131559 -0.237446
v -0.139713 0.101918 -0.211487
v -0.102112 0.129706 -0.227664
v -0.086207 0.162319 -0.256485
v -0.119271 0.103109 -0.198489
v -0.154398 0.020440 -0.297935
v -0.162512 0.043576 -0.298589
v -0.137836 0.010530 -0.290474
v -0.175139 0.013653 -0.259340
v -0.183784 0.034901 -0.262129
v -0.158563 0.004919 -0.249020
v -0.199374 0.027046 -0.229003
v -0.191056 0.008245 -0.224050
v -0.175239 0.000306 -0.211673
v -0.057197 0.143970 -0.273934
v -0.034842 0.145628 -0.326733
v -0.054687 0.095524 -0.280468
v -0.031569 0.097859 -0.326640
v -0.079724 0.114646 -0.226562
v -0.099292 0.093834 -0.190475
v -0.102026 0.057642 -0.151929
v -0.102682 0.028815 -0.157557
v -0.089849 0.040340 -0.198974
v -0.088432 0.069353 -0.191727
v -0.116154 0.078573 -0.155542
v -0.073349 0.083574 -0.234274
v -0.078539 0.054273 -0.243823
v -0.116937 0.007986 -0.168376
v -0.102380 0.018155 -0.209934
v -0.034740 0.057377 -0.326409
v -0.047586 0.036591 -0.324218
v -0.048995 0.022197 -0.346182
v -0.022197 0.044193 -0.369314
v -0.059763 0.061532 -0.287644
v -0.068209 0.037909 -0.296243
v -0.078202 0.021728 -0.310489
v -0.102835 0.019845 -0.266925
v -0.119550 0.012897 -0.279633
v -0.120761 0.008500 -0.222787
v -0.139978 0.005995 -0.236105
v -0.022363 0.095700 -0.375050
v -0.155634 0.080804 -0.182834
v -0.136151 0.082833 -0.168001
v -0.186091 0.062572 -0.212693
v -0.196124 0.047522 -0.223847
v -0.172522 0.073764 -0.198385
v -0.156826 0.000790 -0.196814
v -0.088626 0.032282 -0.254321
v -0.137068 0.001528 -0.181978
v -0.187423 0.059056 -0.172895
v -0.172356 0.066134 -0.154485
v -0.153124 0.069195 -0.136311
v -0.198058 0.049199 -0.188527
v -0.205093 0.037784 -0.198915
v -0.206751 0.022945 -0.201491
v -0.201254 0.008935 -0.194313
v -0.188357 0.002339 -0.179839
v -0.171403 0.003380 -0.162955
v -0.152553 0.001749 -0.145823
v -0.132399 0.005250 -0.131966
v -0.118866 0.023238 -0.124461
v -0.118007 0.047157 -0.119834
v -0.132002 0.066121 -0.121859
v -0.186422 0.044669 -0.133316
v -0.168002 0.047715 -0.110328
v -0.198290 0.039482 -0.156211
v -0.205976 0.034659 -0.174158
v -0.144439 0.044714 -0.097682
v -0.208511 0.031120 -0.185211
v -0.209065 0.023234 -0.186201
v -0.207436 0.017847 -0.175628
v -0.198860 0.014587 -0.157878
v -0.185040 0.014031 -0.136666
v -0.166358 0.013014 -0.115935
v -0.144232 0.015253 -0.103397
v -0.130768 0.024059 -0.106121
v -0.130459 0.037808 -0.103442
v 0.000480 1.686265 -0.223869
v 0.000527 1.672828 -0.294294
v 0.000402 1.705870 -0.170348
v 0.000727 1.824524 -0.113332
v 0.000282 1.760863 -0.133114
v 0.000739 1.884274 -0.106832
v 0.076512 1.693304 -0.129241
v 0.047302 1.599253 -0.163025
v 0.031648 1.653501 -0.179484
v 0.051167 1.716353 -0.140632
v 0.123498 1.686937 -0.107655
v 0.179111 1.688477 -0.124389
v 0.173563 1.595287 -0.116424
v 0.107287 1.593152 -0.106364
v 0.222592 1.778023 -0.260398
v 0.213739 1.782755 -0.337005
v 0.219357 1.699140 -0.341570
v 0.227634 1.696994 -0.260569
v 0.204631 1.858752 -0.326442
v 0.216432 1.852243 -0.257011
v 0.183819 2.021561 -0.249306
v 0.174420 2.026522 -0.303366
v 0.192901 1.927809 -0.314199
v 0.205674 1.921789 -0.252163
v 0.215263 1.692309 -0.183577
v 0.231226 1.607235 -0.258522
v 0.216758 1.601038 -0.177903
v 0.040046 2.014381 -0.395919
v 0.134298 1.786850 -0.455549
v 0.123903 1.693777 -0.447303
v 0.184232 1.696626 -0.412505
v 0.187385 1.786423 -0.410311
v 0.076556 1.783638 -0.458076
v 0.065540 1.696601 -0.433648
v 0.106966 1.607728 -0.407703
v 0.047333 1.610492 -0.363870
v 0.030250 1.695911 -0.408895
v 0.027649 1.650021 -0.337120
v 0.024727 1.580883 -0.260914
v 0.021802 1.631802 -0.252896
v 0.080219 1.865976 -0.447643
v 0.039150 1.850147 -0.448126
v 0.035590 1.769359 -0.447149
v 0.132858 1.871022 -0.436250
v 0.174965 2.016139 -0.198723
v 0.206079 1.846503 -0.192297
v 0.174803 1.841730 -0.145946
v 0.165134 1.909244 -0.153318
v 0.195849 1.915687 -0.193770
v 0.212365 1.773301 -0.188736
v 0.126898 1.904228 -0.131614
v 0.116542 2.005826 -0.140152
v 0.150239 2.010827 -0.161082
v 0.132702 1.837631 -0.125190
v 0.090543 1.903345 -0.117716
v 0.092972 1.838208 -0.117926
v 0.061990 1.851857 -0.112170
v 0.058338 1.912089 -0.107998
v 0.084208 2.004425 -0.122706
v 0.052257 2.007601 -0.110488
v 0.169385 1.608481 -0.395251
v 0.061423 1.786368 -0.122745
v 0.166043 1.935042 -0.370049
v 0.150048 2.030095 -0.350521
v 0.114729 2.029522 -0.381087
v 0.124932 1.937966 -0.407598
v 0.040314 1.920023 -0.425798
v 0.132552 1.767181 -0.115437
v 0.180262 1.769917 -0.134684
v 0.179013 1.867061 -0.392144
v 0.089770 1.769597 -0.120737
v 0.078979 1.932310 -0.420669
v 0.075560 2.022894 -0.391644
v 0.215520 1.609849 -0.338380
v 0.144516 0.934162 -0.336078
v 0.150838 0.831023 -0.360825
v 0.164296 0.825166 -0.308417
v 0.160590 0.927553 -0.291722
v 0.018044 1.495893 -0.259425
v 0.013977 1.396017 -0.256547
v 0.029895 1.405676 -0.335655
v 0.037534 1.507542 -0.343651
v 0.028526 1.304778 -0.328684
v 0.014605 1.296921 -0.253935
v 0.081499 1.413541 -0.383470
v 0.092472 1.514282 -0.386460
v 0.076512 1.311391 -0.377423
v 0.156316 1.516227 -0.383812
v 0.147536 1.416507 -0.384437
v 0.140322 1.313737 -0.382105
v 0.181155 1.209273 -0.334419
v 0.194596 1.309922 -0.340201
v 0.132485 1.213277 -0.370879
v 0.203022 1.413450 -0.339443
v 0.031606 1.206817 -0.319813
v 0.075836 1.212218 -0.363161
v 0.017531 1.199835 -0.252440
v 0.031684 1.289684 -0.176871
v 0.034995 1.191895 -0.182942
v 0.032560 1.389291 -0.174235
v 0.037971 1.491447 -0.170656
v 0.094824 1.490165 -0.111064
v 0.087255 1.386414 -0.118819
v 0.082437 1.284693 -0.124109
v 0.141986 1.186131 -0.145977
v 0.081725 1.185273 -0.136194
v 0.149142 1.285475 -0.131151
v 0.067098 0.252138 -0.388550
v 0.060769 0.194426 -0.393084
v 0.087778 0.190894 -0.383821
v 0.090432 0.249540 -0.376736
v 0.048236 0.254790 -0.370464
v 0.042761 0.196103 -0.369258
v 0.112240 0.248886 -0.358671
v 0.115531 0.190150 -0.365930
v 0.124556 0.191688 -0.329899
v 0.118250 0.250693 -0.329260
v 0.119033 0.199776 -0.298157
v 0.111436 0.255835 -0.301745
v 0.101787 0.206644 -0.278490
v 0.093794 0.261441 -0.284044
v 0.116956 0.320676 -0.352466
v 0.121440 0.322266 -0.322353
v 0.098263 0.321512 -0.375488
v 0.129171 0.410390 -0.311870
v 0.127657 0.408959 -0.346309
v 0.110496 0.409407 -0.376569
v 0.111328 0.326416 -0.295207
v 0.115235 0.413602 -0.283036
v 0.119968 0.512327 -0.268626
v 0.138358 0.510264 -0.299420
v 0.140969 0.508973 -0.339144
v 0.035093 0.198825 -0.332183
v 0.035460 0.258781 -0.339577
v 0.045616 0.262278 -0.306125
v 0.049895 0.202599 -0.294643
v 0.042369 0.329904 -0.345550
v 0.046661 0.332995 -0.313251
v 0.041005 0.416162 -0.349718
v 0.044389 0.418835 -0.314394
v 0.052165 0.326365 -0.375189
v 0.054389 0.413309 -0.380639
v 0.031091 0.512105 -0.353295
v 0.035182 0.514493 -0.310554
v 0.052891 0.510805 -0.387813
v 0.015259 0.610788 -0.357034
v 0.022219 0.611817 -0.302986
v 0.027859 0.815311 -0.283010
v 0.024593 0.822089 -0.336945
v 0.038018 0.924435 -0.318589
v 0.037114 0.916111 -0.270540
v 0.065068 0.333753 -0.288337
v 0.068628 0.263825 -0.285218
v 0.076378 0.207348 -0.276150
v 0.062318 0.419605 -0.284916
v 0.089531 0.417362 -0.271557
v 0.090288 0.331087 -0.280542
v 0.074377 0.323457 -0.388987
v 0.084941 1.090335 -0.156913
v 0.043144 1.096523 -0.195213
v 0.184755 1.193067 -0.197673
v 0.171842 1.099393 -0.210574
v 0.135837 1.092209 -0.166274
v 0.181827 1.108841 -0.270475
v 0.199083 1.202091 -0.267710
v 0.162687 1.116660 -0.323813
v 0.155009 1.012108 -0.229439
v 0.131099 1.002532 -0.188201
v 0.166048 1.020545 -0.277937
v 0.151304 0.919161 -0.245303
v 0.130742 0.909757 -0.205924
v 0.090209 0.999604 -0.180770
v 0.093010 0.906761 -0.200678
v 0.022139 1.104236 -0.253871
v 0.030026 1.010966 -0.259149
v 0.053519 1.004211 -0.211818
v 0.039265 1.020010 -0.309647
v 0.035571 1.112242 -0.311960
v 0.082405 0.410980 -0.392443
v 0.090378 0.509926 -0.396802
v 0.124340 0.508960 -0.376983
v 0.156820 0.611934 -0.332179
v 0.141957 0.612178 -0.381427
v 0.154283 0.720599 -0.379981
v 0.166427 0.717536 -0.322787
v 0.099065 0.612972 -0.406914
v 0.106299 0.721682 -0.410610
v 0.148295 0.612282 -0.286097
v 0.124582 0.612682 -0.253520
v 0.154439 0.714708 -0.273089
v 0.127801 0.712295 -0.239810
v 0.049030 0.612172 -0.397800
v 0.058433 0.910016 -0.227574
v 0.066155 0.932338 -0.354772
v 0.072767 1.027419 -0.340448
v 0.075528 1.118509 -0.346856
v 0.112503 1.030557 -0.344785
v 0.122438 1.120073 -0.353687
v 0.057302 0.828668 -0.379532
v 0.050260 0.719033 -0.397516
v 0.108093 0.832882 -0.391284
v 0.229395 1.509015 -0.258457
v 0.209246 1.514624 -0.336688
v 0.222458 1.405986 -0.261706
v 0.212911 1.302333 -0.265389
v 0.206100 1.396184 -0.180969
v 0.214246 1.500409 -0.176300
v 0.165570 1.492917 -0.115718
v 0.156835 1.388363 -0.122342
v 0.195983 1.292888 -0.188291
v 0.051216 0.613390 -0.263362
v 0.089008 0.613841 -0.247094
v 0.089218 0.514941 -0.260095
v 0.057331 0.515896 -0.275986
v 0.146390 1.028143 -0.319698
v 0.108380 0.936336 -0.362252
v 0.154618 0.818650 -0.259639
v 0.018780 0.712010 -0.293749
v 0.012894 0.715197 -0.352339
v 0.049845 0.711220 -0.251187
v 0.055537 0.811538 -0.241786
v 0.092488 0.810651 -0.221572
v 0.090046 0.711605 -0.233870
v 0.128910 0.812872 -0.226599
v 0.156370 0.101059 -0.276741
v 0.136399 0.132924 -0.319239
v 0.140630 0.084778 -0.331880
v 0.162744 0.072341 -0.290991
v 0.145284 0.121549 -0.255845
v 0.131157 0.155198 -0.282573
v 0.116542 0.137353 -0.368356
v 0.116130 0.090274 -0.373358
v 0.182413 0.059060 -0.255008
v 0.173267 0.079511 -0.242501
v 0.159372 0.094106 -0.226880
v 0.086334 0.140117 -0.393645
v 0.086181 0.092198 -0.405863
v 0.054762 0.144004 -0.400226
v 0.048050 0.093647 -0.411590
v 0.035096 0.145167 -0.371320
v 0.070026 0.013143 -0.370501
v 0.099033 0.015381 -0.378478
v 0.089925 0.044125 -0.407435
v 0.049380 0.037778 -0.408342
v 0.118211 0.027225 -0.369074
v 0.117689 0.051082 -0.376296
v 0.096153 0.012132 -0.325586
v 0.116912 0.012538 -0.334909
v 0.134108 0.024908 -0.337985
v 0.140969 0.049944 -0.337952
v 0.113565 0.164694 -0.261475
v 0.127284 0.131559 -0.237446
v 0.141443 0.101918 -0.211487
v 0.103842 0.129706 -0.227664
v 0.087937 0.162319 -0.256485
v 0.121000 0.103109 -0.198489
v 0.156128 0.020440 -0.297935
v 0.164242 0.043576 -0.298589
v 0.139566 0.010530 -0.290474
v 0.176868 0.013653 -0.259340
v 0.185514 0.034901 -0.262129
v 0.160293 0.004919 -0.249020
v 0.201104 0.027046 -0.229003
v 0.192785 0.008245 -0.224050
v 0.176969 0.000306 -0.211673
v 0.058927 0.143970 -0.273934
v 0.036572 0.145628 -0.326733
v 0.056416 0.095524 -0.280468
v 0.033298 0.097859 -0.326640
v 0.081454 0.114646 -0.226562
v 0.101022 0.093834 -0.190475
v 0.103756 0.057642 -0.151929
v 0.104412 0.028815 -0.157557
v 0.091579 0.040340 -0.198974
v 0.090162 0.069353 -0.191727
v 0.117884 0.078573 -0.155542
v 0.075078 0.083574 -0.234274
v 0.080269 0.054273 -0.243824
v 0.118667 0.007986 -0.168376
v 0.104110 0.018155 -0.209934
v 0.036470 0.057377 -0.326409
v 0.049316 0.036591 -0.324218
v 0.050725 0.022197 -0.346182
v 0.023927 0.044193 -0.369314
v 0.061493 0.061532 -0.287644
v 0.069938 0.037909 -0.296243
v 0.079932 0.021728 -0.310489
v 0.104565 0.019845 -0.266925
v 0.121280 0.012897 -0.279633
v 0.122491 0.008500 -0.222787
v 0.141708 0.005995 -0.236105
v 0.024093 0.095700 -0.375050
v 0.157364 0.080804 -0.182835
v 0.137881 0.082833 -0.168001
v 0.187821 0.062572 -0.212693
v 0.197853 0.047522 -0.223847
v 0.174252 0.073764 -0.198385
v 0.158556 0.000790 -0.196814
v 0.090356 0.032282 -0.254321
v 0.138798 0.001528 -0.181978
v 0.189153 0.059056 -0.172895
v 0.174086 0.066134 -0.154485
v 0.154854 0.069195 -0.136311
v 0.199788 0.049199 -0.188528
v 0.206823 0.037784 -0.198915
v 0.208481 0.022945 -0.201491
v 0.202983 0.008935 -0.194313
v 0.190087 0.002339 -0.179839
v 0.173133 0.003380 -0.162955
v 0.154283 0.001749 -0.145824
v 0.134129 0.005250 -0.131966
v 0.120596 0.023238 -0.124461
v 0.119737 0.047157 -0.119834
v 0.133732 0.066121 -0.121859
v 0.188152 0.044669 -0.133316
v 0.169732 0.047715 -0.110328
v 0.200020 0.039481 -0.156211
v 0.207706 0.034659 -0.174158
v 0.146169 0.044714 -0.097682
v 0.210241 0.031120 -0.185211
v 0.210795 0.023234 -0.186201
v 0.209166 0.017846 -0.175628
v 0.200590 0.014587 -0.157878
v 0.186770 0.014031 -0.136666
v 0.168088 0.013014 -0.115935
v 0.145962 0.015253 -0.103397
v 0.132498 0.024059 -0.106121
v 0.132189 0.037808 -0.103442
v 0.921789 1.848577 -0.253629
v 0.902354 1.842648 -0.221929
v 0.933932 1.839979 -0.294681
v 0.931123 1.826256 -0.322031
v 0.935491 1.817798 -0.234896
v 0.916010 1.824290 -0.220165
v 0.941223 1.820599 -0.258370
v 0.924111 1.838921 -0.234695
v 0.945909 1.814509 -0.282742
v 0.899021 1.811140 -0.318468
v 0.938913 1.799732 -0.322715
v 0.921902 1.783743 -0.331290
v 0.904317 1.793666 -0.316263
v 0.923395 1.807100 -0.325675
v 0.875225 1.807909 -0.267668
v 0.886007 1.786733 -0.262367
v 0.891000 1.777760 -0.286636
v 0.887649 1.796580 -0.297803
v 0.951177 1.799306 -0.301428
v 0.941038 1.820511 -0.308125
v 0.881034 1.822110 -0.222168
v 0.886579 1.785376 -0.238204
v 0.895739 1.807222 -0.220182
v 0.882190 1.802098 -0.232849
v 1.011370 1.704179 -0.208519
v 1.030720 1.672795 -0.201148
v 1.011877 1.666614 -0.194649
v 1.001723 1.674872 -0.195286
v 1.001168 1.698384 -0.197602
v 1.016866 1.681974 -0.196133
v 1.035054 1.668846 -0.217375
v 1.011233 1.710993 -0.225000
v 0.971084 1.761456 -0.220977
v 0.976500 1.734767 -0.194530
v 1.002176 1.731791 -0.257391
v 1.008643 1.713974 -0.242247
v 0.964508 1.779887 -0.245460
v 1.030182 1.689548 -0.266025
v 0.967079 1.781028 -0.270587
v 1.003565 1.722720 -0.277300
v 0.971958 1.768798 -0.289972
v 1.037683 1.672697 -0.250841
v 1.029258 1.670587 -0.234660
v 1.039387 1.673405 -0.267096
v 1.019297 1.698678 -0.290235
v 1.030488 1.673870 -0.282258
v 1.025728 1.686285 -0.276819
v 0.934633 1.801650 -0.213565
v 0.921622 1.801836 -0.210079
v 0.954977 1.640755 -0.098145
v 0.949925 1.642913 -0.102659
v 0.957623 1.631584 -0.095969
v 0.966056 1.633596 -0.090120
v 0.963235 1.636889 -0.087681
v 0.957162 1.635372 -0.092950
v 0.955119 1.640887 -0.097321
v 0.956762 1.652340 -0.104042
v 0.951311 1.657688 -0.109360
v 0.967060 1.655560 -0.103561
v 0.966823 1.663535 -0.109543
v 0.971969 1.648634 -0.093151
v 0.976067 1.640896 -0.084632
v 0.959805 1.638271 -0.124695
v 0.948551 1.641073 -0.112488
v 0.940839 1.653224 -0.129578
v 0.968004 1.656691 -0.137709
v 0.978301 1.634528 -0.102553
v 0.944210 1.665992 -0.117021
v 0.941932 1.654069 -0.116998
v 0.964919 1.674617 -0.117303
v 0.975643 1.641663 -0.087486
v 0.976256 1.637704 -0.090848
v 0.977868 1.649631 -0.097764
v 0.979462 1.654327 -0.102499
v 0.982810 1.641613 -0.096392
v 0.980577 1.644569 -0.092941
v 0.981172 1.654790 -0.112281
v 0.975670 1.668842 -0.129104
v 0.975757 1.667435 -0.117824
v 1.117938 1.550810 -0.250251
v 1.114246 1.556044 -0.248137
v 1.118321 1.542433 -0.248509
v 1.121919 1.540033 -0.254865
v 1.124804 1.543596 -0.254680
v 1.121885 1.544430 -0.250663
v 1.118375 1.550763 -0.251130
v 1.113526 1.561684 -0.254130
v 1.107933 1.571080 -0.252777
v 1.114368 1.560688 -0.262478
v 1.107934 1.571108 -0.264433
v 1.085108 1.567706 -0.252352
v 1.095244 1.574875 -0.244942
v 1.104076 1.560797 -0.245276
v 1.082573 1.594564 -0.244067
v 1.071145 1.587352 -0.266069
v 1.091198 1.557577 -0.266891
v 1.103594 1.578872 -0.252039
v 1.102357 1.573417 -0.246548
v 1.103351 1.578806 -0.265688
v 1.091141 1.598426 -0.265978
v 1.121442 1.551184 -0.262291
v 1.126157 1.542859 -0.262343
v 1.109429 1.539789 -0.253750
v 1.124757 1.543764 -0.262674
v 1.121850 1.540127 -0.262673
v 1.117934 1.551095 -0.267113
v 1.114320 1.556106 -0.269198
v 1.118607 1.542619 -0.268803
v 1.121848 1.544690 -0.266740
v 1.094207 1.574816 -0.272837
v 1.104182 1.560575 -0.272156
v 1.102140 1.573337 -0.271190
v 1.095203 1.560908 -0.170473
v 1.091675 1.565016 -0.170117
v 1.095832 1.552506 -0.168576
v 1.101309 1.549950 -0.173545
v 1.103216 1.553361 -0.172429
v 1.099496 1.554556 -0.169248
v 1.095905 1.560752 -0.171409
v 1.091677 1.570798 -0.177188
v 1.087003 1.578292 -0.178464
v 1.094517 1.568298 -0.185038
v 1.089593 1.576901 -0.189475
v 1.064470 1.575678 -0.182762
v 1.072082 1.581435 -0.174680
v 1.082099 1.567956 -0.170410
v 1.060427 1.598246 -0.178799
v 1.055307 1.590892 -0.200227
v 1.075011 1.563220 -0.192223
v 1.082211 1.585086 -0.179620
v 1.080232 1.579785 -0.173916
v 1.085026 1.583357 -0.192552
v 1.075159 1.599458 -0.197440
v 1.101703 1.559199 -0.181995
v 1.106406 1.551349 -0.179939
v 1.089303 1.549029 -0.174739
v 1.105106 1.552068 -0.180695
v 1.102738 1.548973 -0.179789
v 1.099092 1.558275 -0.187604
v 1.096431 1.562145 -0.190593
v 1.099735 1.549562 -0.186513
v 1.103155 1.552059 -0.185273
v 1.078381 1.579120 -0.200049
v 1.088384 1.564742 -0.195066
v 1.085689 1.577256 -0.196380
v 1.098250 1.553301 -0.319368
v 1.095593 1.557541 -0.316372
v 1.099475 1.544309 -0.319587
v 1.101786 1.543333 -0.326026
v 1.104451 1.546842 -0.325738
v 1.102356 1.547010 -0.321360
v 1.098469 1.552873 -0.320399
v 1.092846 1.564253 -0.321100
v 1.088083 1.572615 -0.318140
v 1.092381 1.563869 -0.329501
v 1.086116 1.574311 -0.329537
v 1.064924 1.569835 -0.314713
v 1.076786 1.572438 -0.308619
v 1.087210 1.559465 -0.312572
v 1.063719 1.589571 -0.303731
v 1.049037 1.588570 -0.322850
v 1.070285 1.560115 -0.329992
v 1.083753 1.579286 -0.315549
v 1.084762 1.572466 -0.310922
v 1.081776 1.581244 -0.329549
v 1.071409 1.596807 -0.326640
v 1.099643 1.554950 -0.331585
v 1.104403 1.547240 -0.333486
v 1.090485 1.542115 -0.323209
v 1.102928 1.548056 -0.333483
v 1.100399 1.544355 -0.333069
v 1.095028 1.555782 -0.335763
v 1.091881 1.560627 -0.336661
v 1.095887 1.547236 -0.338384
v 1.099335 1.549388 -0.336772
v 1.071985 1.575503 -0.334611
v 1.082446 1.562573 -0.337164
v 1.080888 1.575914 -0.334713
v 0.970770 1.688721 -0.188144
v 0.969836 1.705046 -0.176982
v 0.983590 1.703379 -0.190124
v 0.984417 1.684968 -0.194351
v 0.953143 1.688162 -0.185935
v 0.966285 1.691107 -0.155943
v 0.959721 1.677672 -0.160466
v 0.962688 1.689870 -0.172409
v 0.944806 1.688879 -0.214542
v 0.970529 1.681622 -0.211479
v 0.980659 1.674150 -0.210959
v 0.953262 1.721950 -0.159548
v 0.954270 1.705389 -0.146794
v 0.942318 1.756963 -0.178013
v 0.971851 1.723600 -0.179390
v 0.925968 1.789029 -0.198751
v 0.946064 1.781387 -0.200721
v 1.016320 1.680836 -0.336634
v 0.998358 1.715403 -0.325231
v 1.019671 1.673978 -0.325736
v 1.008716 1.708664 -0.310506
v 1.019103 1.645504 -0.341796
v 1.025636 1.657613 -0.348116
v 1.013910 1.655381 -0.327631
v 1.017161 1.665496 -0.333926
v 1.017992 1.663633 -0.362239
v 1.004702 1.686698 -0.350186
v 0.986125 1.715053 -0.343207
v 0.987175 1.678760 -0.355271
v 1.035356 1.638746 -0.358578
v 1.017141 1.641697 -0.374614
v 0.997970 1.649783 -0.355754
v 1.004764 1.643133 -0.344187
v 0.993917 1.654877 -0.327923
v 1.014670 1.631338 -0.352966
v 1.010275 1.645015 -0.335651
v 1.025263 1.633171 -0.348333
v 1.018148 1.633870 -0.346753
v 1.036971 1.629023 -0.379201
v 1.032558 1.619021 -0.357463
v 1.048865 1.611510 -0.373141
v 1.043183 1.615747 -0.385210
v 1.032741 1.612511 -0.387359
v 1.029876 1.604610 -0.369653
v 1.041005 1.605622 -0.366477
v 1.046158 1.641412 -0.318923
v 1.030789 1.634755 -0.323881
v 1.029605 1.673868 -0.312974
v 1.026286 1.661454 -0.321157
v 1.033542 1.673234 -0.297043
v 1.049411 1.640137 -0.302368
v 1.063446 1.613198 -0.306827
v 1.044585 1.611778 -0.327937
v 1.020030 1.625454 -0.312874
v 1.023463 1.624888 -0.300756
v 1.003456 1.646481 -0.291481
v 1.012320 1.640314 -0.322935
v 1.035326 1.606092 -0.317965
v 1.032030 1.614104 -0.322086
v 1.038311 1.605444 -0.305564
v 1.007470 1.643932 -0.269982
v 1.018269 1.642030 -0.282922
v 1.032978 1.626456 -0.294707
v 1.012983 1.642582 -0.289288
v 1.050513 1.608856 -0.298514
v 1.034539 1.640663 -0.291748
v 1.053055 1.619139 -0.298061
v 1.029471 1.656395 -0.282118
v 1.033882 1.661460 -0.289886
v 1.060130 1.644580 -0.266740
v 1.060019 1.644324 -0.249929
v 1.047845 1.636245 -0.274826
v 1.038247 1.663892 -0.274815
v 1.050839 1.642633 -0.210389
v 1.029679 1.655774 -0.233787
v 1.042826 1.635619 -0.219449
v 1.033892 1.657401 -0.224936
v 1.049359 1.636574 -0.241927
v 1.037634 1.661656 -0.242387
v 1.078511 1.621295 -0.249916
v 1.066297 1.614805 -0.273972
v 1.034259 1.625083 -0.264335
v 1.035093 1.625416 -0.250816
v 1.007220 1.644044 -0.248824
v 1.030702 1.634730 -0.274420
v 1.056105 1.608729 -0.265598
v 1.053656 1.615347 -0.271503
v 1.056862 1.609104 -0.250743
v 1.022475 1.640466 -0.233957
v 1.033763 1.634696 -0.242000
v 1.007901 1.646774 -0.225866
v 1.018036 1.642075 -0.242506
v 1.067495 1.616091 -0.242561
v 1.055866 1.616002 -0.243812
v 1.062273 1.622167 -0.188030
v 1.057109 1.614418 -0.212252
v 1.028654 1.625753 -0.212360
v 1.003027 1.652822 -0.204061
v 1.029948 1.635378 -0.222591
v 1.045263 1.606578 -0.205958
v 1.046801 1.615911 -0.213936
v 1.041157 1.608404 -0.191216
v 1.031877 1.642659 -0.189019
v 0.937194 1.701779 -0.261758
v 0.911623 1.733065 -0.267975
v 0.915478 1.721624 -0.258858
v 0.948895 1.694499 -0.286086
v 0.956962 1.687206 -0.268693
v 0.915790 1.728383 -0.278963
v 0.930261 1.712771 -0.272444
v 0.956917 1.683658 -0.240261
v 0.969877 1.676859 -0.250774
v 0.893262 1.762480 -0.263072
v 0.897759 1.756155 -0.294301
v 0.898594 1.754059 -0.273831
v 0.977612 1.671841 -0.237507
v 0.970529 1.679210 -0.226769
v 0.897328 1.735905 -0.239623
v 0.977208 1.669125 -0.262641
v 0.944250 1.695630 -0.308050
v 0.961486 1.682108 -0.333145
v 0.914418 1.735774 -0.327575
v 0.960528 1.708519 -0.348500
v 0.971674 1.684811 -0.349817
v 0.968614 1.676298 -0.292528
v 0.986720 1.655072 -0.305285
v 0.994854 1.654706 -0.226260
v 0.987899 1.691787 -0.353628
v 0.973242 1.672066 -0.342225
v 0.889536 1.767140 -0.224199
v 0.899953 1.727667 -0.198668
v 0.896281 1.787905 -0.212343
v 0.910500 1.749488 -0.177875
v 0.907302 1.781505 -0.199400
v 0.894789 1.766934 -0.203101
v 0.932229 1.691075 -0.187744
v 0.920549 1.715896 -0.158731
v 0.930054 1.680900 -0.158718
v 0.994056 1.649232 -0.265830
v 0.970628 1.676609 -0.137110
v 0.940511 1.677863 -0.127669
v 1.057523 1.587199 -0.383434
v 1.055962 1.590960 -0.379219
v 1.056409 1.579557 -0.385041
v 1.058434 1.579233 -0.391617
v 1.060849 1.581331 -0.390589
v 1.059668 1.581400 -0.386489
v 1.057762 1.587169 -0.384442
v 1.054735 1.597597 -0.383138
v 1.051648 1.605246 -0.377578
v 1.053122 1.598226 -0.390262
v 1.047388 1.608235 -0.387398
v 1.047639 1.593807 -0.373897
v 1.048912 1.605066 -0.369975
v 1.032670 1.596148 -0.384174
v 1.048724 1.579016 -0.386652
v 1.056682 1.580669 -0.396422
v 1.058535 1.583238 -0.396953
v 1.052732 1.591323 -0.396738
v 1.059644 1.582289 -0.397270
v 1.049002 1.596157 -0.396436
v 1.051219 1.583200 -0.398815
v 1.055120 1.585119 -0.398905
v 1.039972 1.599122 -0.393134
v 1.039436 1.611376 -0.390716
v 1.057282 1.589678 -0.394088
v 0.956320 1.760933 -0.331961
v 1.028141 1.642516 -0.233116
v 1.024334 1.642080 -0.284362
v -0.921789 1.848577 -0.253629
v -0.902354 1.842648 -0.221929
v -0.933932 1.839979 -0.294681
v -0.931123 1.826256 -0.322031
v -0.935491 1.817798 -0.234896
v -0.916010 1.824290 -0.220165
v -0.941223 1.820599 -0.258370
v -0.924111 1.838921 -0.234695
v -0.945909 1.814509 -0.282742
v -0.899021 1.811140 -0.318468
v -0.938913 1.799732 -0.322715
v -0.921902 1.783743 -0.331290
v -0.904317 1.793666 -0.316263
v -0.923395 1.807100 -0.325675
v -0.875225 1.807909 -0.267668
v -0.886007 1.786733 -0.262367
v -0.891000 1.777760 -0.286636
v -0.887649 1.796580 -0.297803
v -0.951177 1.799306 -0.301428
v -0.941038 1.820511 -0.308125
v -0.881034 1.822110 -0.222168
v -0.886579 1.785376 -0.238204
v -0.895739 1.807222 -0.220182
v -0.882190 1.802098 -0.232849
v -1.011370 1.704179 -0.208519
v -1.030720 1.672795 -0.201148
v -1.011877 1.666614 -0.194649
v -1.001723 1.674872 -0.195286
v -1.001168 1.698384 -0.197602
v -1.016866 1.681974 -0.196133
v -1.035054 1.668846 -0.217375
v -1.011233 1.710993 -0.225000
v -0.971084 1.761456 -0.220977
v -0.976500 1.734767 -0.194530
v -1.002176 1.731791 -0.257391
v -1.008643 1.713974 -0.242247
v -0.964508 1.779887 -0.245460
v -1.030182 1.689548 -0.266025
v -0.967079 1.781028 -0.270587
v -1.003565 1.722720 -0.277300
v -0.971958 1.768798 -0.289972
v -1.037683 1.672697 -0.250841
v -1.029258 1.670587 -0.234660
v -1.039387 1.673405 -0.267096
v -1.019297 1.698678 -0.290235
v -1.030488 1.673870 -0.282258
v -1.025728 1.686285 -0.276819
v -0.934633 1.801650 -0.213565
v -0.921622 1.801836 -0.210079
v -0.954977 1.640755 -0.098145
v -0.949925 1.642913 -0.102659
v -0.957623 1.631584 -0.095969
v -0.966056 1.633596 -0.090120
v -0.963235 1.636889 -0.087681
v -0.957162 1.635372 -0.092950
v -0.955119 1.640887 -0.097321
v -0.956762 1.652340 -0.104042
v -0.951311 1.657688 -0.109360
v -0.967060 1.655560 -0.103561
v -0.966823 1.663535 -0.109543
v -0.971969 1.648634 -0.093151
v -0.976067 1.640896 -0.084632
v -0.959805 1.638271 -0.124695
v -0.948551 1.641073 -0.112488
v -0.940839 1.653224 -0.129578
v -0.968004 1.656691 -0.137709
v -0.978301 1.634528 -0.102553
v -0.944210 1.665992 -0.117021
v -0.941932 1.654069 -0.116998
v -0.964919 1.674617 -0.117303
v -0.975643 1.641663 -0.087486
v -0.976256 1.637704 -0.090848
v -0.977868 1.649631 -0.097764
v -0.979462 1.654327 -0.102499
v -0.982810 1.641613 -0.096392
v -0.980577 1.644569 -0.092941
v -0.981172 1.654790 -0.112281
v -0.975670 1.668842 -0.129104
v -0.975757 1.667435 -0.117824
v -1.117938 1.550810 -0.250251
v -1.114246 1.556044 -0.248137
v -1.118321 1.542433 -0.248509
v -1.121919 1.540033 -0.254865
v -1.124804 1.543596 -0.254680
v -1.121885 1.544430 -0.250663
v -1.118375 1.550763 -0.251130
v -1.113526 1.561684 -0.254130
v -1.107933 1.571080 -0.252777
v -1.114368 1.560688 -0.262478
v -1.107934 1.571108 -0.264433
v -1.085108 1.567706 -0.252352
v -1.095244 1.574875 -0.244942
v -1.104076 1.560797 -0.245276
v -1.082573 1.594564 -0.244067
v -1.071145 1.587352 -0.266069
v -1.091198 1.557577 -0.266891
v -1.103594 1.578872 -0.252039
v -1.102357 1.573417 -0.246548
v -1.103351 1.578806 -0.265688
v -1.091141 1.598426 -0.265978
v -1.121442 1.551184 -0.262291
v -1.126157 1.542859 -0.262343
v -1.109429 1.539789 -0.253750
v -1.124757 1.543764 -0.262674
v -1.121850 1.540127 -0.262673
v -1.117934 1.551095 -0.267113
v -1.114320 1.556106 -0.269198
v -1.118607 1.542619 -0.268803
v -1.121848 1.544690 -0.266740
v -1.094207 1.574816 -0.272837
v -1.104182 1.560575 -0.272156
v -1.102140 1.573337 -0.271190
v -1.095203 1.560908 -0.170473
v -1.091675 1.565016 -0.170117
v -1.095832 1.552506 -0.168576
v -1.101309 1.549950 -0.173545
v -1.103216 1.553361 -0.172429
v -1.099496 1.554556 -0.169248
v -1.095905 1.560752 -0.171409
v -1.091677 1.570798 -0.177188
v -1.087003 1.578292 -0.178464
v -1.094517 1.568298 -0.185038
v -1.089593 1.576901 -0.189475
v -1.064470 1.575678 -0.182762
v -1.072082 1.581435 -0.174680
v -1.082099 1.567956 -0.170410
v -1.060427 1.598246 -0.178799
v -1.055307 1.590892 -0.200227
v -1.075011 1.563220 -0.192223
v -1.082211 1.585086 -0.179620
v -1.080232 1.579785 -0.173916
v -1.085026 1.583357 -0.192552
v -1.075159 1.599458 -0.197440
v -1.101703 1.559199 -0.181995
v -1.106406 1.551349 -0.179939
v -1.089303 1.549029 -0.174739
v -1.105106 1.552068 -0.180695
v -1.102738 1.548973 -0.179789
v -1.099092 1.558275 -0.187604
v -1.096431 1.562145 -0.190593
v -1.099735 1.549562 -0.186513
v -1.103155 1.552059 -0.185273
v -1.078381 1.579120 -0.200049
v -1.088384 1.564742 -0.195066
v -1.085689 1.577256 -0.196380
v -1.098250 1.553301 -0.319368
v -1.095593 1.557541 -0.316372
v -1.099475 1.544309 -0.319587
v -1.101786 1.543333 -0.326026
v -1.104451 1.546842 -0.325738
v -1.102356 1.547010 -0.321360
v -1.098469 1.552873 -0.320399
v -1.092846 1.564253 -0.321100
v -1.088083 1.572615 -0.318140
v -1.092381 1.563869 -0.329501
v -1.086116 1.574311 -0.329537
v -1.064924 1.569835 -0.314713
v -1.076786 1.572438 -0.308619
v -1.087210 1.559465 -0.312572
v -1.063719 1.589571 -0.303731
v -1.049037 1.588570 -0.322850
v -1.070285 1.560115 -0.329992
v -1.083753 1.579286 -0.315549
v -1.084762 1.572466 -0.310922
v -1.081776 1.581244 -0.329549
v -1.071409 1.596807 -0.326640
v -1.099643 1.554950 -0.331585
v -1.104403 1.547240 -0.333486
v -1.090485 1.542115 -0.323209
v -1.102928 1.548056 -0.333483
v -1.100399 1.544355 -0.333069
v -1.095028 1.555782 -0.335763
v -1.091881 1.560627 -0.336661
v -1.095887 1.547236 -0.338384
v -1.099335 1.549388 -0.336772
v -1.071985 1.575503 -0.334611
v -1.082446 1.562573 -0.337164
v -1.080888 1.575914 -0.334713
v -0.970770 1.688721 -0.188144
v -0.969836 1.705046 -0.176982
v -0.983590 1.703379 -0.190124
v -0.984417 1.684968 -0.194351
v -0.953143 1.688162 -0.185935
v -0.966285 1.691107 -0.155943
v -0.959721 1.677672 -0.160466
v -0.962688 1.689870 -0.172409
v -0.944806 1.688879 -0.214542
v -0.970529 1.681622 -0.211479
v -0.980659 1.674150 -0.210959
v -0.953262 1.721950 -0.159548
v -0.954270 1.705389 -0.146794
v -0.942318 1.756963 -0.178013
v -0.971851 1.723600 -0.179390
v -0.925968 1.789029 -0.198751
v -0.946064 1.781387 -0.200721
v -1.016320 1.680836 -0.336634
v -0.998358 1.715403 -0.325231
v -1.019671 1.673978 -0.325736
v -1.008716 1.708664 -0.310506
v -1.019103 1.645504 -0.341796
v -1.025636 1.657613 -0.348116
v -1.013910 1.655381 -0.327631
v -1.017161 1.665496 -0.333926
v -1.017992 1.663633 -0.362239
v -1.004702 1.686698 -0.350186
v -0.986125 1.715053 -0.343207
v -0.987175 1.678760 -0.355271
v -1.035356 1.638746 -0.358578
v -1.017141 1.641697 -0.374614
v -0.997970 1.649783 -0.355754
v -1.004764 1.643133 -0.344187
v -0.993917 1.654877 -0.327923
v -1.014670 1.631338 -0.352966
v -1.010275 1.645015 -0.335651
v -1.025263 1.633171 -0.348333
v -1.018148 1.633870 -0.346753
v -1.036971 1.629023 -0.379201
v -1.032558 1.619021 -0.357463
v -1.048865 1.611510 -0.373141
v -1.043183 1.615747 -0.385210
v -1.032741 1.612511 -0.387359
v -1.029876 1.604610 -0.369653
v -1.041005 1.605622 -0.366477
v -1.046158 1.641412 -0.318923
v -1.030789 1.634755 -0.323881
v -1.029605 1.673868 -0.312974
v -1.026286 1.661454 -0.321157
v -1.033542 1.673234 -0.297043
v -1.049411 1.640137 -0.302368
v -1.063446 1.613198 -0.306827
v -1.044585 1.611778 -0.327937
v -1.020030 1.625454 -0.312874
v -1.023463 1.624888 -0.300756
v -1.003456 1.646481 -0.291481
v -1.012320 1.640314 -0.322935
v -1.035326 1.606092 -0.317965
v -1.032030 1.614104 -0.322086
v -1.038311 1.605444 -0.305564
v -1.007470 1.643932 -0.269982
v -1.018269 1.642030 -0.282922
v -1.032978 1.626456 -0.294707
v -1.012983 1.642582 -0.289288
v -1.050513 1.608856 -0.298514
v -1.034539 1.640663 -0.291748
v -1.053055 1.619139 -0.298061
v -1.029471 1.656395 -0.282118
v -1.033882 1.661460 -0.289886
v -1.060130 1.644580 -0.266740
v -1.060019 1.644324 -0.249929
v -1.047845 1.636245 -0.274826
v -1.038247 1.663892 -0.274815
v -1.050839 1.642633 -0.210389
v -1.029679 1.655774 -0.233787
v -1.042826 1.635619 -0.219449
v -1.033892 1.657401 -0.224936
v -1.049359 1.636574 -0.241927
v -1.037634 1.661656 -0.242387
v -1.078511 1.621295 -0.249916
v -1.066297 1.614805 -0.273972
v -1.034259 1.625083 -0.264335
v -1.035093 1.625416 -0.250816
v -1.007220 1.644044 -0.248824
v -1.030702 1.634730 -0.274420
v -1.056105 1.608729 -0.265598
v -1.053656 1.615347 -0.271503
v -1.056862 1.609104 -0.250743
v -1.022475 1.640466 -0.233957
v -1.033763 1.634696 -0.242000
v -1.007901 1.646774 -0.225866
v -1.018036 1.642075 -0.242506
v -1.067495 1.616091 -0.242561
v -1.055866 1.616002 -0.243812
v -1.062273 1.622167 -0.188030
v -1.057109 1.614418 -0.212252
v -1.028654 1.625753 -0.212360
v -1.003027 1.652822 -0.204061
v -1.029948 1.635378 -0.222591
v -1.045263 1.606578 -0.205958
v -1.046801 1.615911 -0.213936
v -1.041157 1.608404 -0.191216
v -1.031877 1.642659 -0.189019
v -0.937194 1.701779 -0.261758
v -0.911623 1.733065 -0.267975
v -0.915478 1.721624 -0.258858
v -0.948895 1.694499 -0.286086
v -0.956962 1.687206 -0.268693
v -0.915790 1.728383 -0.278963
v -0.930261 1.712771 -0.272444
v -0.956917 1.683658 -0.240261
v -0.969877 1.676859 -0.250774
v -0.893262 1.762480 -0.263072
v -0.897759 1.756155 -0.294301
v -0.898594 1.754059 -0.273831
v -0.977612 1.671841 -0.237507
v -0.970529 1.679210 -0.226769
v -0.897328 1.735905 -0.239623
v -0.977208 1.669125 -0.262641
v -0.944250 1.695630 -0.308050
v -0.961486 1.682108 -0.333145
v -0.914418 1.735774 -0.327575
v -0.960528 1.708519 -0.348500
v -0.971674 1.684811 -0.349817
v -0.968614 1.676298 -0.292528
v -0.986720 1.655072 -0.305285
v -0.994854 1.654706 -0.226260
v -0.987899 1.691787 -0.353628
v -0.973242 1.672066 -0.342225
v -0.889536 1.767140 -0.224199
v -0.899953 1.727667 -0.198668
v -0.896281 1.787905 -0.212343
v -0.910500 1.749488 -0.177875
v -0.907302 1.781505 -0.199400
v -0.894789 1.766934 -0.203101
v -0.932229 1.691075 -0.187744
v -0.920549 1.715896 -0.158731
v -0.930054 1.680900 -0.158718
v -0.994056 1.649232 -0.265830
v -0.970628 1.676609 -0.137110
v -0.940511 1.677863 -0.127669
v -1.057523 1.587199 -0.383434
v -1.055962 1.590960 -0.379219
v -1.056409 1.579557 -0.385041
v -1.058434 1.579233 -0.391617
v -1.060849 1.581331 -0.390589
v -1.059668 1.581400 -0.386489
v -1.057762 1.587169 -0.384442
v -1.054735 1.597597 -0.383138
v -1.051648 1.605246 -0.377578
v -1.053122 1.598226 -0.390262
v -1.047388 1.608235 -0.387398
v -1.047639 1.593807 -0.373897
v -1.048912 1.605066 -0.369975
v -1.032670 1.596148 -0.384174
v -1.048724 1.579016 -0.386652
v -1.056682 1.580669 -0.396422
v -1.058535 1.583238 -0.396953
v -1.052732 1.591323 -0.396738
v -1.059644 1.582289 -0.397270
v -1.049002 1.596157 -0.396436
v -1.051219 1.583200 -0.398815
v -1.055120 1.585119 -0.398905
v -1.039972 1.599122 -0.393134
v -1.039436 1.611376 -0.390716
v -1.057282 1.589678 -0.394088
v -0.956320 1.760933 -0.331961
v -1.028141 1.642516 -0.233116
v -1.024334 1.642080 -0.284362
v -0.017492 2.550696 -0.492397
v -0.057599 2.552992 -0.491672
v -0.038112 2.492371 -0.497917
v 0.015811 2.550696 -0.492397
v -0.000841 2.492007 -0.492376
v -0.049339 2.630029 -0.473232
v -0.016184 2.628182 -0.481458
v 0.014503 2.628182 -0.481458
v -0.127234 2.591095 -0.466107
v -0.097000 2.497784 -0.496374
v -0.099999 2.643707 -0.450198
v -0.186962 2.632997 -0.411363
v -0.190492 2.601509 -0.447500
v -0.145287 2.661651 -0.405547
v 0.055917 2.552992 -0.491672
v 0.036431 2.492371 -0.497917
v 0.047658 2.630029 -0.473232
v 0.125553 2.591095 -0.466107
v 0.098318 2.643707 -0.450198
v 0.095318 2.497784 -0.496374
v 0.185280 2.632998 -0.411363
v 0.143606 2.661652 -0.405547
v 0.188810 2.601510 -0.447500
v -0.013582 2.619286 -0.268457
v -0.031069 2.622287 -0.267189
v -0.018054 2.604510 -0.257949
v -0.009292 2.646383 -0.275703
v 0.007611 2.646384 -0.275703
v 0.011900 2.619286 -0.268457
v -0.000841 2.609909 -0.264430
v -0.047791 2.622961 -0.272670
v -0.036465 2.608360 -0.256651
v -0.077442 2.627238 -0.293256
v -0.055407 2.607160 -0.267739
v -0.129039 2.650436 -0.343229
v -0.169657 2.627340 -0.345484
v -0.109384 2.615054 -0.293386
v -0.220540 2.623237 -0.379087
v -0.013702 2.697043 -0.272939
v -0.042447 2.746708 -0.280320
v -0.016053 2.737184 -0.259524
v -0.037464 2.707878 -0.285745
v -0.029090 2.662372 -0.282136
v 0.012020 2.697043 -0.272939
v 0.014372 2.737184 -0.259524
v -0.087806 2.680025 -0.325192
v -0.069796 2.673921 -0.298944
v -0.092638 2.742728 -0.327398
v -0.100544 2.743296 -0.355010
v -0.109179 2.696107 -0.360518
v -0.051582 2.672545 -0.288152
v -0.012818 2.761192 -0.427647
v -0.037345 2.761687 -0.425395
v -0.041819 2.684600 -0.449908
v -0.014278 2.678428 -0.456743
v -0.026143 2.825712 -0.415888
v 0.011136 2.761192 -0.427647
v 0.024461 2.825712 -0.415888
v 0.012596 2.678428 -0.456743
v -0.075333 2.691705 -0.431554
v -0.107177 2.700961 -0.397878
v -0.062145 2.761964 -0.410798
v -0.071850 2.823406 -0.401826
v -0.079348 2.741165 -0.309815
v -0.061847 2.745718 -0.298679
v -0.052661 2.701564 -0.293050
v -0.104206 2.809763 -0.328717
v -0.109732 2.813363 -0.354677
v -0.081769 2.785282 -0.296970
v -0.020840 2.757752 -0.241795
v -0.056579 2.770548 -0.262178
v 0.019158 2.757752 -0.241795
v -0.090261 2.760969 -0.387506
v -0.098922 2.804551 -0.375018
v -0.094582 2.868109 -0.414498
v -0.124928 2.872151 -0.377930
v -0.105663 2.843304 -0.384219
v -0.032865 2.860648 -0.440421
v -0.076465 2.779344 -0.237009
v -0.098209 2.799568 -0.280281
v -0.082390 2.789667 -0.201792
v -0.107485 2.814214 -0.244876
v -0.048553 2.759464 -0.188565
v -0.020355 2.753716 -0.199058
v -0.046623 2.764899 -0.223265
v -0.051901 2.772872 -0.168096
v -0.018345 2.748929 -0.163865
v -0.018538 2.763477 -0.150058
v 0.016663 2.748930 -0.163865
v 0.018674 2.753716 -0.199058
v 0.016857 2.763477 -0.150058
v 0.031183 2.860648 -0.440421
v -0.112773 2.822197 -0.312972
v -0.124038 2.838535 -0.284533
v -0.123129 2.863602 -0.352065
v -0.127227 2.860839 -0.333741
v -0.136004 2.870875 -0.311785
v 0.029388 2.622287 -0.267189
v 0.016372 2.604511 -0.257949
v 0.046110 2.622963 -0.272670
v 0.034784 2.608361 -0.256651
v 0.075761 2.627240 -0.293256
v 0.053725 2.607160 -0.267739
v 0.127358 2.650438 -0.343229
v 0.167976 2.627342 -0.345484
v 0.107703 2.615057 -0.293386
v 0.218859 2.623238 -0.379087
v 0.040766 2.746708 -0.280320
v 0.035783 2.707878 -0.285745
v 0.027409 2.662372 -0.282136
v 0.086124 2.680027 -0.325192
v 0.068114 2.673923 -0.298944
v 0.107498 2.696109 -0.360518
v 0.098862 2.743296 -0.355010
v 0.090957 2.742728 -0.327398
v 0.049901 2.672545 -0.288152
v 0.035663 2.761687 -0.425395
v 0.040138 2.684600 -0.449908
v 0.073652 2.691705 -0.431554
v 0.105495 2.700961 -0.397878
v 0.060464 2.761964 -0.410798
v 0.070169 2.823406 -0.401826
v 0.077666 2.741165 -0.309815
v 0.060166 2.745718 -0.298679
v 0.050980 2.701564 -0.293050
v 0.102524 2.809763 -0.328717
v 0.108051 2.813363 -0.354677
v 0.080088 2.785282 -0.296970
v 0.054898 2.770548 -0.262178
v 0.088580 2.760969 -0.387506
v 0.097240 2.804551 -0.375018
v 0.092900 2.868109 -0.414498
v 0.123247 2.833554 -0.377930
v 0.103981 2.843304 -0.384219
v 0.074783 2.779344 -0.237009
v 0.096528 2.799568 -0.280281
v 0.080708 2.789667 -0.201792
v 0.105804 2.814214 -0.244876
v 0.046871 2.759464 -0.188565
v 0.050220 2.772872 -0.168096
v 0.044942 2.764899 -0.223265
v 0.132077 2.830530 -0.285855
v 0.143341 2.846868 -0.257416
v 0.121447 2.825005 -0.352065
v 0.146530 2.869173 -0.306625
v 0.134323 2.870875 -0.311785
v 0.043932 3.143832 -0.209054
v -0.029474 3.134268 -0.208228
v 0.095599 3.121437 -0.218726
v 0.103606 3.135817 -0.285096
v 0.006019 2.798703 -0.145756
v -0.007701 2.798703 -0.145756
v -0.009992 2.807065 -0.143097
v 0.008311 2.807065 -0.143097
v 0.012200 2.786804 -0.144517
v -0.013881 2.786805 -0.144517
v 0.038072 2.793584 -0.153004
v 0.027525 2.810246 -0.147035
v 0.019010 2.799717 -0.147896
v 0.067491 3.040018 -0.151678
v 0.108496 3.037923 -0.170381
v 0.066159 3.017177 -0.146708
v 0.100434 3.014322 -0.160274
v 0.108621 3.063871 -0.183706
v 0.068660 3.068257 -0.162813
v 0.021336 3.028357 -0.145819
v 0.020686 3.062643 -0.152585
v 0.035442 3.008638 -0.148724
v 0.064406 2.804394 -0.166219
v 0.046925 2.817131 -0.153188
v 0.083436 2.825463 -0.175704
v 0.062344 2.828813 -0.157680
v 0.108698 2.839308 -0.214503
v 0.089879 2.810032 -0.195581
v 0.126821 2.867470 -0.256052
v 0.136581 3.067307 -0.284145
v 0.121289 3.096916 -0.227071
v 0.102895 3.105048 -0.197785
v 0.067814 3.113921 -0.179844
v 0.138830 2.898654 -0.289051
v 0.127841 2.891041 -0.234486
v 0.141268 2.925253 -0.275954
v 0.112388 2.867573 -0.202441
v 0.145387 3.018665 -0.352713
v 0.144284 2.914884 -0.319854
v 0.147707 2.935989 -0.319577
v 0.140973 2.897222 -0.328562
v 0.022496 3.115929 -0.171962
v -0.024178 3.115929 -0.171962
v 0.019500 2.992247 -0.154249
v 0.008043 3.000683 -0.148541
v -0.023017 3.028357 -0.145819
v -0.022368 3.062643 -0.152585
v -0.009724 3.000683 -0.148541
v 0.134214 2.890135 -0.341334
v 0.129228 2.855074 -0.361064
v 0.135779 2.871816 -0.385290
v 0.146763 2.945306 -0.413315
v 0.130376 2.867564 -0.404400
v 0.139368 3.003625 -0.270366
v 0.146628 3.030609 -0.310392
v 0.126496 3.035850 -0.215045
v 0.125325 3.005595 -0.198484
v 0.114932 2.994668 -0.179553
v 0.139548 2.948435 -0.249537
v 0.145625 2.956168 -0.297196
v 0.129020 2.969149 -0.211953
v 0.132660 2.984714 -0.231962
v 0.043739 2.923977 -0.145700
v 0.069919 2.906435 -0.152175
v 0.045680 2.892162 -0.144301
v 0.026311 2.907910 -0.137379
v 0.033092 2.903099 -0.139881
v 0.034862 2.906162 -0.142471
v 0.107942 2.921490 -0.170358
v 0.060756 2.948458 -0.154939
v 0.094968 2.949464 -0.162926
v 0.078823 2.932666 -0.153399
v 0.035643 2.960062 -0.158446
v 0.025958 2.935124 -0.145308
v 0.019975 2.911825 -0.130368
v 0.088673 2.877337 -0.163621
v 0.065589 2.866529 -0.150727
v 0.113209 2.893269 -0.187133
v 0.090521 2.850787 -0.172627
v 0.070001 2.843659 -0.156835
v 0.130840 2.915083 -0.214774
v 0.127857 2.941759 -0.195620
v 0.112697 2.964722 -0.179936
v 0.113932 2.977617 -0.187454
v -0.088830 3.118011 -0.227301
v -0.039753 2.793585 -0.153004
v -0.029207 2.810246 -0.147035
v -0.020691 2.799717 -0.147896
v -0.069172 3.040018 -0.151678
v -0.110177 3.037923 -0.170381
v -0.067840 3.017177 -0.146708
v -0.102115 3.014322 -0.160274
v -0.037124 3.008638 -0.148724
v -0.070341 3.068257 -0.162813
v -0.110303 3.063871 -0.183706
v -0.066087 2.804394 -0.166219
v -0.048606 2.817131 -0.153188
v -0.085118 2.825463 -0.175704
v -0.064026 2.828813 -0.157680
v -0.110379 2.839308 -0.214503
v -0.091560 2.810032 -0.195581
v -0.128502 2.867470 -0.256052
v -0.122122 3.057743 -0.283320
v -0.106830 3.087353 -0.226246
v -0.088436 3.095484 -0.196960
v -0.053356 3.104357 -0.179018
v -0.140511 2.898654 -0.289051
v -0.129522 2.891041 -0.234486
v -0.142949 2.925253 -0.275954
v -0.114069 2.867573 -0.202441
v -0.145965 2.914884 -0.319854
v -0.149388 2.935988 -0.319577
v -0.142655 2.897221 -0.328562
v -0.021181 2.992247 -0.154249
v -0.135896 2.890135 -0.341334
v -0.130909 2.893672 -0.361064
v -0.141049 3.003625 -0.270366
v -0.148309 3.030609 -0.310392
v -0.128177 3.035850 -0.215045
v -0.127007 3.005595 -0.198484
v -0.116613 2.994667 -0.179553
v -0.141230 2.948435 -0.249537
v -0.147307 2.956168 -0.297196
v -0.130702 2.969149 -0.211953
v -0.134341 2.984714 -0.231962
v -0.045421 2.923976 -0.145700
v -0.071600 2.906435 -0.152175
v -0.047362 2.892162 -0.144301
v -0.027992 2.907910 -0.137379
v -0.034773 2.903099 -0.139881
v -0.036543 2.906162 -0.142471
v -0.021656 2.911825 -0.130368
v -0.027640 2.935124 -0.145308
v -0.062437 2.948458 -0.154939
v -0.037324 2.960062 -0.158446
v -0.109624 2.921490 -0.170358
v -0.096649 2.949464 -0.162926
v -0.080504 2.932666 -0.153399
v -0.090354 2.877337 -0.163621
v -0.067271 2.866528 -0.150727
v -0.114890 2.893269 -0.187133
v -0.092202 2.850787 -0.172627
v -0.071682 2.843659 -0.156835
v -0.129538 2.941759 -0.195620
v -0.114378 2.964722 -0.179936
v -0.132521 2.915083 -0.214774
v -0.115613 2.977617 -0.187454
v 0.098538 2.982603 -0.170371
v 0.083284 2.991907 -0.158408
v 0.082168 2.990430 -0.158066
v 0.095660 2.982410 -0.169079
v 0.098185 2.976230 -0.171299
v 0.102668 2.974126 -0.173235
v 0.105539 2.978522 -0.177198
v 0.101466 2.978439 -0.174425
v 0.104155 2.986048 -0.172219
v 0.089615 2.998780 -0.157756
v 0.088007 2.962429 -0.163414
v 0.059967 2.955584 -0.157907
v 0.059301 2.962814 -0.157034
v 0.085032 2.967628 -0.160997
v 0.039910 2.962047 -0.160181
v 0.042630 2.966600 -0.161044
v 0.033421 2.967867 -0.160976
v 0.037561 2.969089 -0.161920
v 0.026296 2.970588 -0.159712
v 0.093299 2.980444 -0.171426
v 0.092176 2.982672 -0.168040
v 0.091491 2.979848 -0.176455
v 0.090631 2.981903 -0.174809
v 0.092806 2.978258 -0.169661
v 0.089867 2.978712 -0.175643
v 0.095125 2.980184 -0.171948
v 0.058082 2.970247 -0.156163
v 0.080894 2.973202 -0.159648
v 0.059694 2.972119 -0.164036
v 0.079463 2.975151 -0.167846
v 0.045242 2.970844 -0.161713
v 0.047354 2.971041 -0.167077
v 0.044337 2.971425 -0.167312
v 0.041055 2.970674 -0.163410
v 0.037977 2.970867 -0.164694
v 0.034204 2.970343 -0.161952
v 0.035293 2.968840 -0.161944
v 0.041925 2.973003 -0.168230
v 0.040277 2.974488 -0.163390
v 0.041133 2.975260 -0.168806
v 0.038199 2.975815 -0.160623
v 0.045885 2.982910 -0.158486
v 0.045737 2.983262 -0.165696
v 0.044503 2.984898 -0.156339
v 0.060301 2.991143 -0.153953
v 0.060934 2.991825 -0.160539
v 0.060223 2.992715 -0.153600
v 0.080819 2.989259 -0.158089
v 0.080624 2.988940 -0.165842
v 0.039544 2.994173 -0.152111
v 0.062977 3.002306 -0.148849
v 0.028258 2.981456 -0.157430
v 0.035438 2.976027 -0.158431
v 0.042959 2.986725 -0.154266
v 0.031390 2.971025 -0.160038
v 0.060365 2.994753 -0.152182
v 0.090827 2.979665 -0.182049
v 0.090221 2.979136 -0.182603
v 0.071037 2.974440 -0.171873
v 0.053039 2.972189 -0.172946
v 0.046972 2.970647 -0.170953
v 0.044240 2.972778 -0.169374
v 0.043062 2.975415 -0.171569
v 0.041716 2.978427 -0.173100
v 0.052085 2.989419 -0.169155
v 0.071554 2.993181 -0.166714
v 0.087864 2.984228 -0.178439
v 0.085262 2.978336 -0.179515
v 0.015540 2.974981 -0.154968
v 0.014994 2.949202 -0.142036
v 0.022622 2.963442 -0.156724
v -0.100219 2.982603 -0.170371
v -0.084965 2.991907 -0.158408
v -0.083849 2.990430 -0.158066
v -0.097341 2.982410 -0.169079
v -0.091297 2.998780 -0.157756
v -0.105837 2.986048 -0.172219
v -0.107221 2.978522 -0.177198
v -0.099866 2.976230 -0.171299
v -0.104349 2.974126 -0.173235
v -0.103147 2.978439 -0.174425
v -0.089688 2.962429 -0.163414
v -0.061649 2.955584 -0.157907
v -0.041591 2.962047 -0.160181
v -0.060982 2.962814 -0.157034
v -0.044311 2.966600 -0.161044
v -0.086713 2.967628 -0.160997
v -0.035103 2.967867 -0.160976
v -0.039242 2.969090 -0.161920
v -0.027978 2.970588 -0.159712
v -0.094981 2.980445 -0.171426
v -0.093858 2.982672 -0.168040
v -0.093172 2.979848 -0.176455
v -0.092312 2.981903 -0.174809
v -0.094487 2.978258 -0.169661
v -0.096806 2.980184 -0.171948
v -0.091548 2.978712 -0.175643
v -0.059764 2.970247 -0.156163
v -0.082575 2.973202 -0.159648
v -0.046924 2.970844 -0.161713
v -0.061376 2.972119 -0.164036
v -0.049036 2.971041 -0.167077
v -0.081144 2.975151 -0.167846
v -0.042736 2.970674 -0.163410
v -0.046019 2.971426 -0.167312
v -0.039659 2.970867 -0.164694
v -0.035886 2.970343 -0.161952
v -0.036974 2.968840 -0.161944
v -0.041958 2.974488 -0.163390
v -0.039881 2.975815 -0.160622
v -0.043607 2.973002 -0.168230
v -0.042814 2.975260 -0.168806
v -0.047566 2.982910 -0.158486
v -0.046185 2.984898 -0.156339
v -0.047419 2.983261 -0.165696
v -0.061982 2.991143 -0.153953
v -0.061904 2.992715 -0.153600
v -0.062615 2.991825 -0.160539
v -0.082501 2.989259 -0.158089
v -0.082306 2.988940 -0.165842
v -0.064658 3.002306 -0.148849
v -0.041226 2.994173 -0.152111
v -0.029939 2.981456 -0.157430
v -0.037119 2.976027 -0.158431
v -0.044640 2.986725 -0.154266
v -0.033072 2.971025 -0.160038
v -0.062046 2.994753 -0.152182
v -0.092508 2.979665 -0.182049
v -0.091902 2.979136 -0.182603
v -0.054721 2.972189 -0.172946
v -0.072718 2.974440 -0.171873
v -0.048653 2.970647 -0.170953
v -0.045922 2.972778 -0.169374
v -0.044743 2.975415 -0.171569
v -0.043398 2.978427 -0.173100
v -0.053766 2.989419 -0.169155
v -0.073235 2.993181 -0.166714
v -0.089545 2.984228 -0.178439
v -0.086944 2.978336 -0.179515
v -0.017221 2.974980 -0.154968
v -0.016676 2.949202 -0.142036
v -0.024304 2.963442 -0.156724
v -0.017832 2.868257 -0.279057
v -0.004521 2.847368 -0.308272
v -0.014391 2.839785 -0.310686
v -0.004521 2.837143 -0.316358
v 0.016151 2.868257 -0.279057
v 0.002840 2.847368 -0.308272
v -0.024841 2.884609 -0.209337
v 0.023160 2.884609 -0.209337
v -0.000841 2.885923 -0.243837
v -0.048391 2.868282 -0.260763
v -0.058087 2.874846 -0.215919
v -0.040419 2.841007 -0.280159
v -0.028542 2.822398 -0.305388
v -0.027515 2.850924 -0.288765
v -0.013811 2.877218 -0.161589
v 0.012130 2.877218 -0.161589
v -0.039033 2.873676 -0.178681
v -0.013000 2.820587 -0.151930
v -0.016599 2.832758 -0.148997
v -0.006208 2.832043 -0.145555
v 0.011319 2.820588 -0.151930
v 0.004527 2.832044 -0.145555
v -0.012307 2.810606 -0.179233
v 0.010625 2.810606 -0.179233
v -0.035572 2.820085 -0.165237
v -0.032500 2.810530 -0.192628
v -0.030111 2.834320 -0.155223
v -0.013284 2.859349 -0.143067
v -0.038366 2.857809 -0.157839
v 0.011603 2.859349 -0.143067
v -0.006402 2.847773 -0.139553
v 0.004721 2.847773 -0.139553
v -0.016624 2.846688 -0.142634
v -0.030947 2.846385 -0.151117
v -0.051114 2.828721 -0.178697
v -0.042579 2.836218 -0.162420
v -0.069701 2.826443 -0.214351
v -0.048218 2.810002 -0.222695
v -0.050342 2.814301 -0.189334
v -0.053420 2.846959 -0.176351
v -0.043584 2.842233 -0.161541
v -0.071290 2.855965 -0.212894
v -0.055180 2.862786 -0.181497
v -0.064440 2.831600 -0.257471
v -0.051662 2.816285 -0.263425
v -0.061029 2.858088 -0.254378
v -0.012169 2.808199 -0.325526
v -0.017272 2.800817 -0.308957
v 0.010488 2.808199 -0.325526
v 0.015590 2.800817 -0.308957
v 0.012710 2.839785 -0.310686
v 0.002840 2.837143 -0.316358
v -0.000841 2.828534 -0.323108
v -0.019660 2.816967 -0.267501
v -0.037279 2.817798 -0.285874
v -0.004070 2.818202 -0.308711
v -0.004070 2.817988 -0.312634
v 0.002389 2.818203 -0.308711
v 0.002389 2.817988 -0.312634
v -0.004226 2.823473 -0.308674
v 0.002544 2.823473 -0.308674
v -0.004226 2.823189 -0.312686
v 0.002544 2.823189 -0.312686
v -0.003204 2.832404 -0.312401
v -0.003204 2.832660 -0.309015
v 0.001523 2.832660 -0.309015
v 0.001523 2.832404 -0.312401
v 0.017978 2.816967 -0.267501
v -0.017277 2.811984 -0.223158
v 0.015596 2.811984 -0.223158
v -0.040534 2.840702 -0.155087
v -0.040544 2.840650 -0.156955
v -0.045477 2.839938 -0.158267
v -0.044110 2.840110 -0.160202
v -0.026795 2.840292 -0.147663
v -0.038995 2.839780 -0.150078
v -0.046900 2.839813 -0.154783
v -0.040843 2.843980 -0.146563
v -0.045127 2.852396 -0.145891
v -0.028205 2.860890 -0.134888
v -0.050719 2.842946 -0.152359
v -0.049244 2.839166 -0.154290
v -0.059285 2.843982 -0.153431
v -0.052990 2.833236 -0.154557
v -0.052094 2.838479 -0.154245
v -0.054306 2.862646 -0.146759
v -0.042199 2.884310 -0.142315
v -0.027890 2.877698 -0.136805
v -0.041852 2.870286 -0.140794
v -0.036993 2.893665 -0.139776
v -0.023661 2.883823 -0.135638
v -0.031130 2.887032 -0.136097
v -0.033445 2.885951 -0.140212
v -0.013598 2.876490 -0.129960
v -0.014493 2.863881 -0.127181
v -0.014056 2.882563 -0.130977
v -0.005613 2.874636 -0.129416
v -0.004978 2.882831 -0.123598
v -0.009863 2.885025 -0.123937
v -0.009557 2.881563 -0.126984
v -0.006351 2.862140 -0.126492
v 0.003932 2.874635 -0.129416
v 0.004670 2.862140 -0.126492
v 0.003297 2.882831 -0.123598
v -0.005831 2.838013 -0.138616
v -0.014591 2.838650 -0.141342
v 0.004150 2.838013 -0.138616
v -0.006256 2.835375 -0.133512
v 0.004574 2.835375 -0.133512
v -0.005426 2.838217 -0.138442
v -0.015798 2.839138 -0.140667
v 0.003745 2.838217 -0.138442
v -0.005791 2.838582 -0.143524
v 0.004110 2.838582 -0.143524
v -0.015745 2.839081 -0.146125
v -0.015784 2.856265 -0.123888
v -0.006835 2.854986 -0.122220
v 0.005153 2.854986 -0.122220
v -0.028934 2.840102 -0.151044
v -0.046468 2.838990 -0.155485
v -0.037589 2.829737 -0.146247
v -0.040906 2.823545 -0.148652
v -0.025879 2.817003 -0.139958
v -0.009172 2.814008 -0.135038
v 0.007491 2.814007 -0.135037
v 0.038737 2.841007 -0.280159
v 0.026861 2.822398 -0.305388
v 0.046709 2.868281 -0.260763
v 0.025834 2.850924 -0.288765
v 0.056406 2.874846 -0.215919
v 0.037351 2.873676 -0.178681
v 0.014918 2.832758 -0.148997
v 0.033890 2.820084 -0.165237
v 0.028430 2.834320 -0.155223
v 0.030819 2.810530 -0.192628
v 0.036685 2.857809 -0.157839
v 0.014942 2.846688 -0.142634
v 0.029265 2.846385 -0.151117
v 0.049432 2.828721 -0.178697
v 0.040898 2.836218 -0.162420
v 0.068020 2.826443 -0.214351
v 0.046537 2.810002 -0.222695
v 0.048661 2.814301 -0.189334
v 0.051739 2.846959 -0.176351
v 0.041903 2.842233 -0.161541
v 0.069609 2.855965 -0.212894
v 0.053499 2.862786 -0.181497
v 0.062759 2.831600 -0.257471
v 0.059348 2.858088 -0.254378
v 0.049981 2.816285 -0.263425
v 0.035598 2.817798 -0.285874
v 0.038853 2.840703 -0.155087
v 0.038863 2.840650 -0.156955
v 0.043796 2.839938 -0.158267
v 0.042429 2.840110 -0.160202
v 0.045218 2.839813 -0.154783
v 0.025113 2.840293 -0.147663
v 0.049038 2.842946 -0.152359
v 0.043445 2.852396 -0.145891
v 0.026523 2.860890 -0.134888
v 0.047562 2.839166 -0.154290
v 0.057603 2.843982 -0.153431
v 0.045535 2.835620 -0.152652
v 0.051309 2.833236 -0.154557
v 0.050412 2.838479 -0.154245
v 0.052624 2.862646 -0.146759
v 0.040517 2.884310 -0.142315
v 0.026209 2.877698 -0.136805
v 0.040171 2.870286 -0.140794
v 0.035312 2.893665 -0.139776
v 0.021980 2.883823 -0.135638
v 0.029449 2.887032 -0.136098
v 0.031764 2.885951 -0.140212
v 0.011917 2.876490 -0.129960
v 0.012375 2.882563 -0.130977
v 0.012812 2.863881 -0.127181
v 0.008181 2.885025 -0.123937
v 0.007876 2.881563 -0.126984
v 0.012910 2.838650 -0.141342
v 0.014064 2.839081 -0.146125
v 0.014103 2.856265 -0.123888
v 0.027252 2.840102 -0.151044
v 0.027437 2.839663 -0.146911
v 0.039224 2.823545 -0.148652
v 0.024197 2.817003 -0.139958
v 0.149834 2.859011 -0.350494
v 0.151995 2.870801 -0.347649
v 0.141096 2.855571 -0.348698
v 0.146376 2.900548 -0.339484
v 0.147859 2.913289 -0.337557
v 0.149331 2.926667 -0.339573
v 0.149893 2.939763 -0.335836
v 0.005000 2.978692 -0.147522
v 0.005071 2.958025 -0.135192
v -0.006681 2.978692 -0.147522
v -0.006752 2.958025 -0.135192
v 0.005283 2.911903 -0.104266
v 0.014358 2.908726 -0.113133
v 0.004862 2.931686 -0.118388
v 0.013663 2.922333 -0.123382
v -0.006964 2.911903 -0.104266
v -0.006543 2.931686 -0.118388
v 0.004943 2.896376 -0.100471
v -0.006625 2.896376 -0.100471
v 0.014308 2.897064 -0.109977
v 0.021492 2.907201 -0.123366
v 0.022651 2.898281 -0.119444
v 0.003553 2.887115 -0.110728
v -0.005235 2.887115 -0.110728
v 0.014240 2.890893 -0.113879
v 0.009495 2.888680 -0.115115
v 0.009120 2.890379 -0.107010
v 0.021431 2.891786 -0.120310
v 0.030050 2.905576 -0.132722
v 0.031893 2.896577 -0.129541
v 0.028349 2.890320 -0.129046
v 0.011433 2.894176 -0.134889
v 0.008695 2.895994 -0.128531
v 0.017674 2.894052 -0.137391
v 0.021900 2.894977 -0.136489
v 0.022429 2.896027 -0.131596
v 0.019373 2.896563 -0.125623
v 0.015325 2.898036 -0.122135
v 0.011417 2.898393 -0.122652
v 0.008348 2.906030 -0.135354
v 0.013227 2.904986 -0.139975
v 0.018044 2.904272 -0.141725
v 0.018926 2.903296 -0.131582
v 0.017206 2.904377 -0.128660
v 0.013855 2.907204 -0.126556
v 0.018879 2.903446 -0.136907
v 0.009871 2.907940 -0.129127
v -0.016039 2.908725 -0.113133
v -0.015344 2.922333 -0.123382
v -0.015990 2.897064 -0.109977
v -0.023173 2.907201 -0.123366
v -0.024332 2.898281 -0.119444
v -0.015921 2.890893 -0.113879
v -0.011176 2.888680 -0.115115
v -0.010801 2.890379 -0.107010
v -0.023112 2.891786 -0.120310
v -0.031732 2.905576 -0.132722
v -0.033574 2.896577 -0.129541
v -0.030030 2.890320 -0.129046
v -0.013114 2.894176 -0.134889
v -0.010377 2.895994 -0.128531
v -0.019355 2.894053 -0.137391
v -0.023582 2.894977 -0.136489
v -0.024110 2.896027 -0.131596
v -0.021054 2.896563 -0.125623
v -0.017006 2.898036 -0.122135
v -0.013098 2.898393 -0.122652
v -0.010029 2.906030 -0.135354
v -0.014908 2.904986 -0.139975
v -0.019725 2.904272 -0.141725
v -0.020607 2.903296 -0.131582
v -0.018888 2.904377 -0.128660
v -0.015536 2.907204 -0.126556
v -0.020560 2.903446 -0.136907
v -0.011553 2.907940 -0.129127
v 0.062124 2.992585 -0.157694
v 0.056262 2.986723 -0.157694
v 0.060931 2.995496 -0.159752
v 0.053383 2.987948 -0.159752
v 0.066269 2.988229 -0.155870
v 0.060617 2.982577 -0.155870
v 0.070414 2.992585 -0.157694
v 0.071607 2.995497 -0.159752
v 0.056262 2.978432 -0.157694
v 0.053383 2.977273 -0.159752
v 0.076277 2.986723 -0.157694
v 0.079156 2.987948 -0.159752
v 0.071921 2.982577 -0.155870
v 0.076277 2.978432 -0.157694
v 0.079156 2.977273 -0.159752
v 0.058538 3.001274 -0.164323
v 0.047604 2.990341 -0.164323
v 0.074001 3.001274 -0.164323
v 0.047604 2.974877 -0.164323
v 0.084935 2.990340 -0.164323
v 0.084935 2.974877 -0.164323
v 0.055655 3.008173 -0.175551
v 0.040645 2.993163 -0.175551
v 0.076883 3.008173 -0.175551
v 0.040645 2.971935 -0.175551
v 0.091894 2.993162 -0.175551
v 0.091894 2.971935 -0.175551
v 0.066269 2.976925 -0.155870
v 0.062124 2.972569 -0.157694
v 0.070414 2.972569 -0.157694
v 0.060931 2.969724 -0.159752
v 0.071607 2.969724 -0.159752
v 0.058538 2.963943 -0.164323
v 0.074001 2.963943 -0.164323
v 0.055655 2.956924 -0.175551
v 0.076883 2.956924 -0.175551
v -0.063805 2.992585 -0.157694
v -0.057943 2.986723 -0.157694
v -0.062613 2.995496 -0.159752
v -0.055064 2.987948 -0.159752
v -0.072096 2.992585 -0.157694
v -0.073288 2.995496 -0.159752
v -0.067951 2.988229 -0.155870
v -0.062299 2.982577 -0.155870
v -0.057943 2.978432 -0.157694
v -0.055064 2.977273 -0.159752
v -0.077958 2.986722 -0.157694
v -0.080837 2.987948 -0.159752
v -0.077958 2.978432 -0.157694
v -0.080837 2.977273 -0.159752
v -0.073602 2.982577 -0.155870
v -0.060219 3.001274 -0.164323
v -0.049285 2.990341 -0.164323
v -0.075682 3.001274 -0.164323
v -0.049285 2.974877 -0.164323
v -0.086616 2.990341 -0.164323
v -0.086616 2.974877 -0.164323
v -0.057337 3.008173 -0.175551
v -0.042326 2.993162 -0.175551
v -0.078565 3.008173 -0.175551
v -0.042326 2.971935 -0.175551
v -0.093575 2.993162 -0.175551
v -0.093575 2.971935 -0.175551
v -0.067951 2.976925 -0.155870
v -0.063805 2.972569 -0.157694
v -0.072096 2.972569 -0.157694
v -0.062613 2.969723 -0.159752
v -0.073288 2.969724 -0.159752
v -0.060219 2.963943 -0.164323
v -0.075682 2.963943 -0.164323
v -0.057337 2.956924 -0.175551
v -0.078565 2.956924 -0.175551
v 0.113744 3.065732 -0.194338
v 0.111112 2.865446 -0.259185
v 0.095623 2.829595 -0.284170
v 0.077860 2.648328 -0.276596
v 0.177564 2.914463 -0.263873
v 0.190380 2.979332 -0.275969
v 0.196869 2.990201 -0.383078
v 0.214357 2.936162 -0.432075
v 0.178065 2.972605 -0.442111
v 0.180739 2.912215 -0.491406
v 0.083218 2.953259 -0.512110
v 0.081200 2.895135 -0.553845
v 0.081613 2.810335 -0.572299
v 0.178309 2.774042 -0.535458
v 0.237530 2.814029 -0.473893
v 0.218443 2.785799 -0.301580
v 0.202052 2.733828 -0.319449
v 0.079501 2.647980 -0.276546
v 0.232500 2.707753 -0.422482
v 0.234714 2.684388 -0.474124
v 0.151146 2.730636 -0.560302
v 0.228600 2.650576 -0.500752
v 0.152650 2.568389 -0.498787
v 0.108532 2.714374 -0.577016
v 0.030469 3.140309 -0.125801
v 0.039012 3.169887 -0.133992
v 0.089608 3.122229 -0.155630
v 0.132937 3.080558 -0.202964
v 0.096219 3.149934 -0.162557
v 0.150710 3.089797 -0.221858
v 0.043221 3.188741 -0.278018
v 0.096255 3.161645 -0.300317
v 0.044275 3.199826 -0.350589
v 0.092397 3.170954 -0.370261
v 0.140252 3.119547 -0.391626
v 0.050002 3.082609 -0.483162
v 0.032357 3.143265 -0.459881
v 0.009093 3.171419 -0.424606
v -0.012643 3.174797 -0.413405
v 0.236822 2.746522 -0.447601
v 0.213138 2.711647 -0.510510
v 0.216559 2.676349 -0.529487
v 0.164824 2.636793 -0.558412
v 0.219861 2.685523 -0.393801
v 0.222425 2.658511 -0.443298
v 0.217158 2.635070 -0.470107
v 0.125206 2.793602 -0.294481
v 0.170413 2.803597 -0.282960
v 0.133486 2.982026 -0.220547
v 0.026502 3.111405 -0.138187
v 0.076809 3.098474 -0.154743
v 0.042541 3.184102 -0.202555
v 0.087153 3.151838 -0.219563
v 0.135380 3.093795 -0.281686
v 0.173254 3.050619 -0.337893
v 0.165397 3.019517 -0.426573
v 0.134111 2.941432 -0.478816
v 0.127307 2.891238 -0.514288
v 0.114436 2.732973 -0.563235
v 0.164440 3.055040 -0.291104
v 0.045981 3.200675 -0.308610
v 0.098699 3.173913 -0.328149
v 0.148416 3.118459 -0.357325
v 0.149792 3.065720 -0.419985
v 0.054938 2.991761 -0.506198
v 0.030710 2.886420 -0.556001
v 0.034285 2.809242 -0.577407
v 0.073255 2.711061 -0.597764
v 0.112362 2.626708 -0.567860
v 0.191508 2.660606 -0.528736
v 0.209587 2.635455 -0.509366
v 0.165122 2.770622 -0.296807
v 0.204542 2.856683 -0.287450
v 0.167990 2.997036 -0.224322
v 0.181466 3.021837 -0.250260
v 0.218414 2.874941 -0.329372
v 0.235327 2.794759 -0.352400
v 0.229625 2.724473 -0.363657
v 0.209035 2.704425 -0.347703
v 0.188935 2.992412 -0.324899
v 0.201644 2.928869 -0.372575
v 0.233164 2.810254 -0.411584
v 0.158526 3.079094 -0.375174
v 0.129471 2.916950 -0.242369
v -0.011896 3.119287 -0.134582
v 0.026804 3.117638 -0.136201
v 0.080077 3.103954 -0.155503
v 0.117677 3.070344 -0.196763
v 0.141259 2.985106 -0.222766
v 0.141590 2.916605 -0.247434
v 0.129935 2.870364 -0.261091
v 0.162449 2.839609 -0.274286
v 0.123817 2.834844 -0.274626
v 0.096203 2.787842 -0.298639
v 0.076820 2.648632 -0.275987
v 0.101813 2.640171 -0.319619
v 0.155656 2.871858 -0.264355
v 0.152296 2.753239 -0.309253
v 0.233540 2.764110 -0.481271
v 0.198820 2.733715 -0.528936
v 0.190168 2.702369 -0.540475
v 0.135001 2.673664 -0.560277
v 0.091966 2.670136 -0.577108
v 0.161799 2.693028 -0.537174
v 0.160009 2.995881 -0.428722
v 0.107092 2.888809 -0.526199
v 0.106444 2.806927 -0.552608
v 0.103001 2.730838 -0.565611
v 0.150138 2.686718 -0.541786
v 0.188021 2.994025 -0.340167
v 0.202368 2.932667 -0.390265
v 0.232685 2.812342 -0.427007
v 0.237659 2.746815 -0.426704
v 0.172720 3.068784 -0.375715
v 0.160184 3.051368 -0.425974
v 0.069626 2.979462 -0.515393
v -0.013185 2.955940 -0.530677
v 0.151248 3.088241 -0.322160
v 0.138072 3.113845 -0.328416
v 0.127903 3.125380 -0.272864
v 0.089379 3.165779 -0.233257
v 0.040313 3.196554 -0.220028
v 0.096717 2.733802 -0.305620
v 0.123874 2.754085 -0.315409
v 0.134619 2.948034 -0.233076
v 0.143497 2.947346 -0.238724
v 0.174626 2.948080 -0.250125
v 0.206513 2.928941 -0.307868
v -0.011902 3.173556 -0.154359
v 0.041593 3.175359 -0.155869
v 0.093046 3.153429 -0.184451
v 0.145088 3.090573 -0.243295
v 0.164241 3.052434 -0.271599
v 0.187969 2.988051 -0.302054
v 0.203988 2.934425 -0.341251
v -0.011951 3.187673 -0.174883
v 0.042487 3.192584 -0.179077
v 0.091614 3.166701 -0.200463
v 0.141920 3.101145 -0.259917
v 0.159630 3.048074 -0.309348
v 0.214762 2.868062 -0.396635
v 0.213641 2.864420 -0.417617
v 0.224884 2.867793 -0.459097
v 0.180233 2.840351 -0.516288
v 0.128719 2.805430 -0.544501
v 0.184434 2.650602 -0.533041
v 0.203501 2.603072 -0.476111
v 0.210480 2.629973 -0.481801
v 0.124846 2.768366 -0.308287
v 0.090718 2.747376 -0.304578
v 0.100976 2.716670 -0.302165
v 0.104313 2.757385 -0.308462
v 0.107536 2.745206 -0.310866
v 0.077044 2.648560 -0.276237
v 0.168414 3.077353 -0.329861
v 0.158486 3.078700 -0.306056
v 0.165408 3.059536 -0.315674
v 0.175046 3.037996 -0.376328
v 0.169698 3.019469 -0.368332
v 0.081213 2.930430 -0.508343
v 0.036876 2.915661 -0.526652
v 0.129789 3.106877 -0.277214
v 0.147004 3.093213 -0.331557
v 0.155745 3.088461 -0.372090
v 0.151544 3.081286 -0.407021
v 0.055320 3.011248 -0.493826
v -0.013138 2.988632 -0.523882
v 0.086673 3.153031 -0.224221
v 0.041791 3.186216 -0.208727
v 0.043061 3.197119 -0.253419
v 0.097336 3.173007 -0.270984
v 0.143104 3.121986 -0.302939
v 0.147900 3.097450 -0.311674
v 0.135693 3.070196 -0.427630
v 0.112823 3.114585 -0.427093
v 0.069244 3.163722 -0.408978
v 0.028976 3.187011 -0.386475
v 0.116359 2.955600 -0.479135
v 0.130357 2.987104 -0.479770
v 0.121342 3.017407 -0.482620
v 0.104325 3.028169 -0.470935
v 0.095295 3.042694 -0.463555
v 0.080629 3.104930 -0.455670
v 0.047725 3.161811 -0.434820
v 0.017066 3.187452 -0.406470
v 0.034870 3.180135 -0.372206
v 0.077105 3.155296 -0.392768
v 0.120092 3.111238 -0.408172
v 0.138626 3.080979 -0.414414
v 0.035048 2.937562 -0.532863
v 0.026346 2.963287 -0.530901
v 0.021476 2.976054 -0.523432
v 0.019544 2.995803 -0.520429
v 0.015827 3.087598 -0.502098
v 0.008091 3.148349 -0.468226
v -0.000853 3.166045 -0.444586
v 0.005641 3.167649 -0.433202
v 0.025106 3.142292 -0.464568
v 0.038725 3.080712 -0.489948
v 0.043606 3.004526 -0.502911
v 0.224465 2.872470 -0.370923
v 0.244526 2.800443 -0.393066
v 0.243323 2.730927 -0.405965
v 0.236464 2.703931 -0.436143
v 0.139028 3.055663 -0.215042
v 0.157006 3.053910 -0.242853
v 0.122095 3.037463 -0.201253
v 0.126606 3.038013 -0.203876
v 0.141850 3.039194 -0.213411
v 0.161134 3.041692 -0.245055
v 0.166943 3.039188 -0.277341
v 0.125693 3.055445 -0.205109
v 0.121967 3.054268 -0.202663
v 0.180132 3.023401 -0.288308
v 0.182488 3.023896 -0.313414
v 0.177521 3.020663 -0.328920
v 0.168326 3.036611 -0.298164
v 0.164533 3.033391 -0.314501
v 0.164750 3.033760 -0.335558
v -0.003526 3.119155 -0.134592
v -0.003784 3.144608 -0.125085
v -0.002056 3.167847 -0.135520
v -0.001257 3.174504 -0.154037
v -0.000097 3.189491 -0.175407
v -0.000098 3.184337 -0.195607
v 0.000047 3.186851 -0.201791
v -0.000816 3.193271 -0.211513
v -0.000546 3.195742 -0.243842
v -0.000239 3.191221 -0.265694
v 0.001390 3.199954 -0.297642
v 0.001559 3.199681 -0.334159
v -0.000791 3.183095 -0.356496
v -0.000731 3.188373 -0.373756
v -0.002435 3.188398 -0.395443
v -0.005047 3.174818 -0.415572
v -0.006748 3.171159 -0.424637
v -0.007279 3.169539 -0.433864
v -0.002853 3.112681 -0.135629
v -0.011697 2.810528 -0.569969
v -0.013294 2.882682 -0.549528
v -0.012296 3.197287 -0.294484
v 0.009724 2.608089 -0.582071
v -0.012057 3.189208 -0.208605
v -0.012501 3.187742 -0.369902
v -0.013164 2.967482 -0.526751
v -0.012991 3.087455 -0.506157
v -0.012704 3.169409 -0.433801
v 0.005030 2.713108 -0.612987
v 0.007987 2.663674 -0.593112
v -0.011849 3.144841 -0.125599
v -0.011862 3.166526 -0.136526
v -0.012022 3.185500 -0.199933
v -0.012000 3.183296 -0.194033
v -0.012374 3.196979 -0.329189
v -0.012470 3.182799 -0.352346
v -0.012203 3.190508 -0.262660
v -0.011894 3.112837 -0.135348
v -0.012138 3.192682 -0.241002
v -0.013223 2.908260 -0.530704
v -0.012581 3.187223 -0.391561
v -0.013231 2.929954 -0.535352
v -0.012839 3.147632 -0.472729
v -0.012753 3.165607 -0.447134
v -0.012688 3.171341 -0.422944
v 0.173548 2.717911 -0.313552
v 0.130004 2.723537 -0.316505
v 0.113636 2.724607 -0.308028
v 0.112083 2.851272 -0.270849
v 0.242426 2.785852 -0.452524
v 0.205149 2.891018 -0.478997
v 0.099043 2.762442 -0.569084
v 0.021408 2.758257 -0.593771
v 0.096171 2.853761 -0.554352
v 0.006726 2.852503 -0.561518
v 0.107262 2.812544 -0.289591
v 0.144211 2.818105 -0.279922
v 0.220363 2.737974 -0.494223
v 0.177337 2.731379 -0.548245
v 0.124518 2.697730 -0.560788
v 0.053667 2.686720 -0.598277
v 0.227624 2.655140 -0.472555
v 0.229975 2.682856 -0.434977
v 0.210478 2.683808 -0.361641
v -0.009487 3.130700 -0.129236
v 0.157974 2.964984 -0.233036
v 0.202652 2.968071 -0.381456
v 0.130364 3.063292 -0.207069
v 0.107980 3.093175 -0.178187
v 0.055563 3.121541 -0.139349
v -0.009587 3.157589 -0.129058
v 0.063355 3.151017 -0.138015
v 0.149540 3.067280 -0.223652
v 0.122843 3.112711 -0.185534
v -0.008562 3.183701 -0.198401
v 0.064416 3.170486 -0.211319
v 0.199385 2.958281 -0.437270
v 0.104145 2.956107 -0.493183
v 0.125042 3.148208 -0.362595
v 0.071023 3.193385 -0.338996
v -0.007757 3.200012 -0.313531
v -0.008231 3.189819 -0.343138
v 0.052071 3.173041 -0.389574
v 0.010281 3.159951 -0.451046
v 0.096773 3.136528 -0.409892
v 0.140008 3.094246 -0.407642
v 0.024004 3.120117 -0.481785
v 0.041791 2.977276 -0.521242
v 0.031598 3.038963 -0.505709
v 0.237509 2.724836 -0.435468
v 0.231446 2.712551 -0.468423
v 0.226598 2.680107 -0.508815
v 0.188794 2.625645 -0.539814
v 0.012583 2.537191 -0.516244
v 0.223194 2.666082 -0.415727
v 0.221532 2.637576 -0.453561
v 0.212993 2.626094 -0.469664
v 0.214008 2.695463 -0.373078
v 0.113281 2.756714 -0.312708
v 0.139972 2.765499 -0.307953
v -0.008601 3.186759 -0.185759
v 0.065742 3.179838 -0.197358
v 0.114713 3.131104 -0.238503
v 0.179227 2.998919 -0.402561
v 0.145195 2.990615 -0.453668
v 0.153764 2.931761 -0.484497
v 0.151877 2.862132 -0.522362
v 0.135421 2.757149 -0.558535
v 0.168543 3.068104 -0.319904
v 0.161623 3.036317 -0.319845
v -0.008401 3.193938 -0.277965
v 0.070926 3.184199 -0.300845
v 0.136152 3.043834 -0.451289
v 0.055035 2.856444 -0.569767
v 0.077328 2.756863 -0.584614
v 0.107630 2.686648 -0.579117
v 0.054971 2.543061 -0.509003
v 0.150536 2.711504 -0.554210
v 0.214208 2.652507 -0.520484
v 0.192961 2.771284 -0.295841
v 0.193118 2.820789 -0.282632
v 0.216376 2.901392 -0.424627
v 0.176273 2.871104 -0.270373
v 0.182495 2.987069 -0.247098
v 0.166897 3.044092 -0.286303
v 0.189987 2.942932 -0.274707
v 0.223763 2.828702 -0.315907
v 0.226286 2.752224 -0.335477
v 0.186910 2.702527 -0.323232
v 0.194543 2.962833 -0.335075
v 0.154950 3.099128 -0.385338
v 0.175587 3.059934 -0.353747
v 0.163094 3.069599 -0.399104
v 0.150165 2.894033 -0.257167
v -0.009214 3.114700 -0.136727
v 0.051558 3.109644 -0.143974
v 0.099901 3.084222 -0.176480
v 0.122832 3.049650 -0.201982
v 0.137515 2.963248 -0.230518
v 0.126939 2.893601 -0.252537
v 0.141458 2.852479 -0.267202
v 0.216839 2.771160 -0.506489
v 0.204942 2.704333 -0.533105
v 0.163427 2.662002 -0.546999
v 0.081332 2.648100 -0.576561
v 0.127969 2.651639 -0.566226
v 0.193739 2.680859 -0.533455
v 0.146043 2.969306 -0.455996
v 0.115948 2.920250 -0.499468
v 0.115559 2.848203 -0.534872
v 0.105825 2.766881 -0.559711
v 0.126515 2.709529 -0.552144
v 0.168901 3.018351 -0.399744
v 0.166726 3.045753 -0.325261
v 0.164209 3.041587 -0.303193
v 0.193794 2.964215 -0.354837
v 0.205650 2.896168 -0.396910
v 0.235533 2.779724 -0.425706
v 0.242386 2.770008 -0.411678
v 0.239383 2.723995 -0.423889
v 0.172697 3.046611 -0.400370
v 0.149134 3.021334 -0.455773
v 0.053646 2.956999 -0.526446
v 0.150199 3.099677 -0.348383
v 0.123575 3.140656 -0.328332
v 0.109687 3.124213 -0.248861
v 0.122372 3.141814 -0.302649
v 0.070126 3.183062 -0.275150
v -0.008908 3.191824 -0.252859
v 0.143016 3.107741 -0.295166
v 0.116654 2.737357 -0.313649
v 0.149852 2.712185 -0.315650
v 0.136173 2.933778 -0.240330
v 0.158546 2.931154 -0.248566
v 0.214778 2.905924 -0.339437
v 0.204652 2.897996 -0.296335
v -0.009356 3.170477 -0.144978
v 0.067066 3.167822 -0.153774
v 0.125232 3.122387 -0.203321
v 0.159479 3.067105 -0.249853
v 0.198025 2.960503 -0.306995
v -0.008872 3.181632 -0.164479
v 0.066675 3.178169 -0.175532
v 0.119822 3.130125 -0.221897
v 0.158128 3.071186 -0.271438
v 0.152450 3.072682 -0.288061
v 0.231153 2.838701 -0.395606
v 0.221480 2.838523 -0.411692
v 0.231408 2.841465 -0.442001
v 0.210659 2.825326 -0.498024
v 0.160503 2.803942 -0.535950
v 0.210949 2.901059 -0.373951
v 0.173182 2.672522 -0.531986
v 0.198552 2.640404 -0.521597
v 0.208546 2.607299 -0.455208
v 0.216778 2.635329 -0.490387
v 0.145895 2.785124 -0.294336
v 0.111072 2.775141 -0.304786
v 0.120673 2.716764 -0.313168
v 0.095959 2.762319 -0.305131
v 0.098907 2.745135 -0.308562
v 0.106516 2.732960 -0.307025
v 0.102010 2.711450 -0.304534
v 0.164206 3.080600 -0.349885
v 0.153629 3.086569 -0.307227
v 0.155035 3.069870 -0.301994
v 0.097149 2.921203 -0.516571
v 0.058945 2.910985 -0.536418
v 0.010145 2.900456 -0.539609
v 0.060781 2.932480 -0.518347
v 0.142083 3.093903 -0.299366
v 0.152720 3.086442 -0.349983
v 0.155627 3.077524 -0.395912
v 0.147035 3.071344 -0.417260
v 0.035359 2.985971 -0.514632
v 0.110520 3.134649 -0.249321
v 0.064030 3.179016 -0.215841
v -0.008685 3.188038 -0.202562
v -0.008943 3.192705 -0.224757
v 0.067433 3.189100 -0.240991
v 0.119141 3.146758 -0.269311
v 0.148542 3.091901 -0.320701
v 0.147018 3.103140 -0.320725
v 0.123821 3.049626 -0.444748
v 0.110987 3.081873 -0.443643
v 0.080262 3.141056 -0.432420
v 0.040120 3.181039 -0.407816
v -0.007938 3.189440 -0.381353
v 0.103511 2.983829 -0.501604
v 0.086874 3.004412 -0.497198
v 0.075363 3.012527 -0.485477
v 0.069350 3.055761 -0.476948
v 0.052306 3.126073 -0.462006
v 0.024815 3.169924 -0.431787
v -0.008637 3.181335 -0.404418
v -0.008383 3.184000 -0.362007
v 0.061697 3.178899 -0.373665
v 0.109106 3.139118 -0.393030
v 0.130654 3.091037 -0.418766
v 0.012272 2.920823 -0.531713
v 0.008673 2.945946 -0.535039
v 0.005055 2.965683 -0.528703
v 0.004006 2.973863 -0.525899
v 0.002942 3.036195 -0.517113
v -0.000089 3.124755 -0.488758
v -0.004338 3.160511 -0.457380
v -0.008380 3.168298 -0.439570
v -0.009782 3.172114 -0.419548
v 0.017923 3.158424 -0.445324
v 0.037711 3.113733 -0.477623
v 0.046718 3.039159 -0.494234
v 0.049733 2.994010 -0.502211
v 0.233409 2.838164 -0.364238
v 0.242962 2.757670 -0.382785
v 0.231015 2.710986 -0.387285
v 0.230727 2.697823 -0.419059
v 0.130504 3.049587 -0.206536
v 0.148183 3.047880 -0.227992
v 0.162694 3.045419 -0.261015
v 0.129676 3.011467 -0.211508
v 0.143242 3.016021 -0.212305
v 0.164442 3.028170 -0.228837
v 0.173015 3.034688 -0.264768
v 0.121793 3.059694 -0.203557
v 0.185671 3.007815 -0.277203
v 0.184992 3.010248 -0.306484
v 0.184447 3.011828 -0.323017
v 0.183103 3.009507 -0.349232
v 0.174416 3.032022 -0.295782
v 0.173489 3.029422 -0.313051
v 0.167595 3.026788 -0.336108
v 0.170773 3.034355 -0.354795
v 0.008087 3.114792 -0.136887
v 0.008459 3.129485 -0.128070
v 0.012272 3.158416 -0.125938
v 0.016603 3.173399 -0.142473
v 0.018026 3.185073 -0.164503
v 0.018861 3.190748 -0.188625
v 0.018948 3.186161 -0.202780
v 0.017657 3.193250 -0.207894
v 0.017492 3.199089 -0.230950
v 0.018259 3.194013 -0.259661
v 0.019650 3.196125 -0.284810
v 0.021414 3.204654 -0.322540
v 0.017804 3.191864 -0.354153
v 0.013522 3.184379 -0.370847
v 0.009272 3.191340 -0.388636
v 0.003022 3.182383 -0.409321
v -0.000566 3.171780 -0.422546
v -0.002755 3.169702 -0.432652
v -0.010277 3.170474 -0.428359
v 0.205219 2.713754 -0.334446
v 0.174060 2.743415 -0.308188
v 0.143020 2.738842 -0.314540
v 0.135246 2.962552 -0.227892
v 0.102213 2.846042 -0.272960
v 0.107561 2.833566 -0.280284
v 0.125766 2.852200 -0.267423
v 0.119086 2.869898 -0.261481
v 0.237527 2.781267 -0.434942
v 0.237249 2.757498 -0.465825
v 0.239224 2.785209 -0.476902
v 0.239340 2.816141 -0.447016
v 0.202872 2.926148 -0.463292
v 0.219694 2.901560 -0.448411
v 0.207326 2.856263 -0.489061
v 0.180081 2.875817 -0.506840
v 0.096438 2.808841 -0.562421
v 0.101129 2.765989 -0.562715
v 0.107312 2.722693 -0.570011
v 0.093246 2.758611 -0.576987
v -0.003943 2.757489 -0.593618
v 0.010151 2.809891 -0.573286
v 0.052840 2.756875 -0.590638
v 0.037046 2.712285 -0.607322
v 0.107467 2.849074 -0.541333
v 0.079474 2.857705 -0.566368
v 0.096894 2.892692 -0.540562
v -0.013353 2.852459 -0.557378
v 0.007805 2.883533 -0.552341
v 0.028833 2.853495 -0.567271
v 0.124166 2.813804 -0.284445
v 0.094976 2.810493 -0.291722
v 0.109108 2.791866 -0.297966
v 0.146135 2.800339 -0.287355
v 0.167256 2.821682 -0.278473
v 0.142016 2.836231 -0.272872
v 0.205121 2.721989 -0.521887
v 0.218903 2.750265 -0.503430
v 0.223725 2.727589 -0.481592
v 0.157680 2.746057 -0.556057
v 0.191001 2.750818 -0.533005
v 0.193383 2.716352 -0.539211
v 0.166858 2.716911 -0.554517
v 0.123610 2.706015 -0.555065
v 0.145087 2.679994 -0.550154
v 0.121701 2.689627 -0.568900
v 0.084278 2.686471 -0.589556
v 0.069118 2.669336 -0.582704
v 0.007228 2.684339 -0.606389
v 0.194197 2.592575 -0.489047
v 0.233056 2.667043 -0.489904
v 0.229807 2.670355 -0.456341
v 0.220408 2.645074 -0.459506
v 0.223321 2.641881 -0.483813
v 0.236022 2.696439 -0.453320
v 0.229747 2.692159 -0.418984
v 0.222596 2.672504 -0.420168
v 0.209449 2.688141 -0.363651
v 0.105730 2.634817 -0.319949
v 0.219265 2.678596 -0.389156
v 0.077348 2.648459 -0.276446
v -0.009228 3.119225 -0.134664
v -0.003773 3.130374 -0.128968
v -0.009664 3.144905 -0.125634
v -0.011871 3.130700 -0.129165
v 0.121378 3.050153 -0.200882
v 0.120624 3.057567 -0.202111
v 0.173325 2.971117 -0.237125
v 0.154043 2.989209 -0.221901
v 0.143625 2.963963 -0.231815
v 0.158363 2.945075 -0.242890
v 0.193273 2.993243 -0.358118
v 0.195206 2.966463 -0.363744
v 0.210578 2.936559 -0.407510
v 0.207068 2.966283 -0.406468
v 0.098426 3.081960 -0.175145
v 0.124346 3.060982 -0.204546
v 0.131184 3.055738 -0.208191
v 0.139047 3.065682 -0.212880
v 0.123996 3.074897 -0.198616
v 0.102332 3.087119 -0.176995
v 0.115331 3.101885 -0.180788
v 0.084468 3.111098 -0.155260
v 0.052824 3.113368 -0.142597
v 0.059250 3.134141 -0.136903
v 0.028001 3.126894 -0.130326
v -0.003006 3.157997 -0.128205
v -0.009428 3.166783 -0.136474
v -0.011849 3.157398 -0.129066
v 0.093955 3.137537 -0.157422
v 0.066426 3.164743 -0.143382
v 0.034840 3.156764 -0.127465
v 0.143544 3.086103 -0.211309
v 0.148519 3.054968 -0.227593
v 0.157721 3.067836 -0.236846
v 0.127267 3.121065 -0.192888
v -0.012025 3.183574 -0.198030
v -0.008650 3.183459 -0.194341
v 0.000055 3.184446 -0.199769
v -0.008493 3.185807 -0.200336
v 0.064825 3.172078 -0.207329
v 0.086419 3.150020 -0.223056
v 0.064225 3.173387 -0.212974
v 0.042347 3.183341 -0.206833
v 0.181124 2.946112 -0.465933
v 0.192283 2.983733 -0.413023
v 0.107458 2.968865 -0.498113
v 0.124543 2.973154 -0.476598
v 0.098934 2.941548 -0.496185
v 0.083154 2.941772 -0.506184
v 0.097022 3.175134 -0.349511
v 0.126860 3.146348 -0.343041
v 0.147020 3.120309 -0.375445
v 0.118888 3.145895 -0.381161
v 0.046117 3.203192 -0.330240
v 0.071835 3.191645 -0.316964
v 0.067845 3.189233 -0.360130
v -0.012333 3.199023 -0.312561
v -0.007992 3.198112 -0.295248
v 0.001814 3.202144 -0.316704
v -0.007801 3.197827 -0.330347
v 0.000368 3.190796 -0.346817
v -0.008578 3.182906 -0.353227
v -0.012444 3.189361 -0.342081
v 0.032073 3.181674 -0.379191
v 0.055457 3.170746 -0.382509
v 0.073607 3.158121 -0.400356
v 0.048095 3.178802 -0.397192
v 0.017660 3.145591 -0.466011
v 0.003573 3.160799 -0.454680
v 0.003054 3.166805 -0.439182
v 0.015246 3.158866 -0.447598
v 0.100218 3.133965 -0.401507
v 0.117235 3.112700 -0.416544
v 0.092265 3.140876 -0.419708
v 0.144509 3.078974 -0.412854
v 0.132091 3.091576 -0.412120
v 0.129552 3.115016 -0.401202
v 0.149338 3.097350 -0.400374
v 0.033050 3.115689 -0.478785
v 0.028776 3.084329 -0.495851
v 0.012343 3.124102 -0.485475
v 0.062304 2.987312 -0.511411
v 0.047003 2.969297 -0.525226
v 0.023339 2.971121 -0.526892
v 0.037919 2.982355 -0.516877
v 0.041703 3.038986 -0.497706
v 0.033460 3.000649 -0.511785
v 0.018119 3.038289 -0.513700
v 0.235515 2.707693 -0.431224
v 0.237125 2.721407 -0.445345
v 0.237304 2.748963 -0.433166
v 0.236869 2.724976 -0.430937
v 0.226077 2.698640 -0.493358
v 0.225241 2.662770 -0.517088
v 0.214980 2.692994 -0.524727
v 0.081200 2.549690 -0.503733
v 0.178387 2.643841 -0.545459
v 0.196251 2.634059 -0.526207
v 0.010379 2.587862 -0.576275
v 0.090078 2.625535 -0.573219
v 0.026163 2.538651 -0.511291
v 0.223534 2.650863 -0.438249
v 0.217791 2.628562 -0.463431
v 0.213087 2.631344 -0.476371
v 0.209196 2.626595 -0.477813
v 0.078654 2.648186 -0.276551
v 0.224262 2.696063 -0.403528
v 0.221914 2.703797 -0.383201
v 0.201172 2.697248 -0.341679
v 0.123792 2.762013 -0.312698
v 0.112639 2.763194 -0.309749
v 0.105844 2.750722 -0.310504
v 0.114197 2.750009 -0.313919
v 0.138426 2.755984 -0.313033
v 0.158015 2.761265 -0.304477
v 0.143756 2.773265 -0.301102
v 0.008713 3.112670 -0.136056
v 0.050992 3.107491 -0.143422
v -0.011990 3.186467 -0.185517
v -0.008589 3.188004 -0.175035
v -0.000013 3.188042 -0.186652
v 0.066570 3.184850 -0.185428
v 0.089403 3.160470 -0.210731
v 0.042625 3.189765 -0.192083
v 0.118489 3.135358 -0.229357
v 0.137220 3.099316 -0.268368
v 0.110940 3.124890 -0.246076
v 0.168285 2.986906 -0.431707
v 0.168618 3.008818 -0.400086
v 0.182852 3.006191 -0.373449
v 0.141089 2.979027 -0.453922
v 0.150486 3.004579 -0.454512
v 0.161492 3.006397 -0.427152
v 0.152727 2.955515 -0.464575
v 0.152408 2.899958 -0.506738
v 0.128364 2.921154 -0.495002
v 0.153967 2.827153 -0.531892
v 0.127901 2.852168 -0.530129
v 0.149501 2.783593 -0.544979
v 0.131369 2.730972 -0.565343
v 0.116220 2.764216 -0.558740
v 0.169849 3.055343 -0.324426
v 0.172885 3.064602 -0.334359
v 0.163044 3.079867 -0.313594
v 0.162547 3.069982 -0.309432
v 0.162798 3.039397 -0.323432
v 0.161911 3.038964 -0.311060
v 0.163601 3.031914 -0.326311
v -0.012249 3.193472 -0.277304
v -0.008792 3.190762 -0.263294
v 0.000535 3.194963 -0.280241
v 0.044592 3.193770 -0.291646
v 0.069838 3.178772 -0.287833
v 0.097605 3.166745 -0.312917
v 0.154227 3.059684 -0.423518
v 0.143547 3.036031 -0.455422
v 0.112498 3.024569 -0.477507
v 0.128917 3.047459 -0.446660
v 0.057156 2.891651 -0.557745
v 0.059509 2.809946 -0.577180
v 0.097154 2.711123 -0.586952
v 0.115608 2.670989 -0.569438
v 0.140058 2.630773 -0.564387
v 0.176695 2.695773 -0.538944
v 0.134893 2.710591 -0.551869
v 0.205090 2.666530 -0.529933
v 0.218859 2.641254 -0.506749
v 0.202361 2.646087 -0.521245
v 0.196651 2.794821 -0.287533
v 0.169484 2.785652 -0.289335
v 0.184611 2.753148 -0.303941
v 0.213005 2.755625 -0.311889
v 0.214416 2.821183 -0.294405
v 0.185326 2.846937 -0.277960
v 0.207584 2.897301 -0.407500
v 0.222518 2.867873 -0.435294
v 0.192458 2.887177 -0.277758
v 0.164919 2.888424 -0.262544
v 0.158491 2.857126 -0.268701
v 0.185292 2.963107 -0.262050
v 0.186344 3.002702 -0.261087
v 0.177074 3.010302 -0.234489
v 0.165282 3.054048 -0.282264
v 0.165543 3.044352 -0.275279
v 0.168199 3.037886 -0.288995
v 0.166534 3.043513 -0.295249
v 0.175953 2.932922 -0.258431
v 0.196455 2.922544 -0.285848
v 0.198176 2.954399 -0.292511
v 0.213929 2.867375 -0.306302
v 0.229451 2.788271 -0.325515
v 0.227873 2.836635 -0.341138
v 0.217219 2.725678 -0.340298
v 0.235388 2.754963 -0.361006
v 0.080173 2.647661 -0.276814
v 0.193901 2.708610 -0.326047
v 0.170145 2.708469 -0.315357
v 0.188307 2.990341 -0.314537
v 0.195004 2.962842 -0.320437
v 0.202497 2.931736 -0.358174
v 0.194760 2.962601 -0.347644
v 0.155648 3.099813 -0.366670
v 0.155559 3.084813 -0.392227
v 0.175091 3.044849 -0.355377
v 0.175784 3.053989 -0.376362
v 0.172034 3.073818 -0.351441
v 0.157395 3.073669 -0.397761
v 0.165537 3.075838 -0.375441
v 0.169353 3.061778 -0.399977
v 0.121748 2.893828 -0.249788
v 0.136135 2.893795 -0.253916
v 0.143744 2.870538 -0.262186
v 0.156503 2.916420 -0.252499
v -0.008789 3.112776 -0.135436
v -0.003533 3.114647 -0.136797
v -0.011911 3.114791 -0.136656
v 0.026252 3.113619 -0.138716
v 0.078111 3.100601 -0.155579
v 0.115071 3.068051 -0.196025
v 0.123819 3.037348 -0.202783
v 0.125188 3.049958 -0.203267
v 0.123287 3.054940 -0.203953
v 0.136974 2.948104 -0.236151
v 0.135765 2.983085 -0.222602
v 0.133380 2.916783 -0.245098
v 0.093003 2.740826 -0.305806
v 0.214137 2.797287 -0.504347
v 0.205805 2.689194 -0.534700
v 0.150722 2.655844 -0.558715
v 0.169749 2.668192 -0.536324
v 0.102442 2.649145 -0.571534
v 0.008691 2.641321 -0.588303
v 0.179322 2.676329 -0.531769
v 0.124580 2.946838 -0.477792
v 0.114728 2.887905 -0.519131
v 0.108291 2.922462 -0.504458
v 0.114070 2.806150 -0.547973
v 0.105181 2.733612 -0.563333
v 0.154334 2.690558 -0.537780
v 0.172709 3.030103 -0.400299
v 0.170841 3.027368 -0.374625
v 0.162319 3.054530 -0.313230
v 0.169225 3.040188 -0.338844
v 0.161190 3.052885 -0.299163
v 0.166584 3.035044 -0.305905
v 0.187706 2.993679 -0.331262
v 0.200486 2.929631 -0.380948
v 0.207751 2.897565 -0.387502
v 0.211794 2.865317 -0.406029
v 0.236982 2.777261 -0.419663
v 0.230721 2.811439 -0.417188
v 0.246223 2.762108 -0.399960
v 0.241507 2.740116 -0.418023
v 0.239711 2.805593 -0.404361
v 0.237972 2.715346 -0.413404
v 0.164427 3.036244 -0.426577
v 0.128295 3.003364 -0.482601
v 0.077656 2.966953 -0.515378
v 0.059124 2.943682 -0.524315
v 0.030859 2.951005 -0.533453
v 0.143049 3.115222 -0.341896
v 0.145124 3.100233 -0.332406
v 0.151300 3.091038 -0.350254
v 0.120385 3.137172 -0.315763
v 0.129720 3.102425 -0.277932
v 0.109899 3.127887 -0.249199
v 0.140672 3.117559 -0.316037
v 0.097154 3.166710 -0.286927
v 0.123839 3.147409 -0.287635
v 0.043157 3.191824 -0.266359
v 0.069929 3.189153 -0.260338
v -0.012158 3.191297 -0.252218
v -0.008916 3.193664 -0.241698
v -0.000495 3.192906 -0.255160
v 0.137643 3.122777 -0.287367
v 0.130219 3.114717 -0.275720
v 0.142189 3.098984 -0.297558
v 0.148713 3.106332 -0.309567
v 0.099403 2.725326 -0.304052
v 0.119267 2.724372 -0.313030
v 0.126706 2.738961 -0.316292
v 0.110651 2.735017 -0.309573
v 0.148549 2.721716 -0.314666
v 0.131551 2.714646 -0.317213
v 0.133218 2.933911 -0.237351
v 0.143424 2.932997 -0.243157
v 0.222851 2.875360 -0.351576
v 0.213803 2.904531 -0.357512
v 0.207184 2.933182 -0.325417
v 0.212293 2.904089 -0.319203
v -0.001598 3.171456 -0.144273
v -0.009203 3.173747 -0.154357
v -0.011894 3.170254 -0.144997
v 0.040901 3.173242 -0.144111
v 0.095118 3.152453 -0.173002
v 0.066670 3.169308 -0.165687
v 0.149347 3.089868 -0.232875
v 0.121236 3.123228 -0.213912
v 0.161855 3.052732 -0.257995
v 0.158417 3.067430 -0.261713
v 0.189964 2.986011 -0.289279
v -0.011931 3.181355 -0.164411
v -0.000632 3.182757 -0.164485
v 0.042126 3.184774 -0.167259
v 0.092353 3.161256 -0.192653
v 0.143585 3.096272 -0.251925
v 0.156745 3.074296 -0.279909
v 0.150225 3.070006 -0.295532
v 0.224480 2.839755 -0.404286
v 0.220362 2.870257 -0.385438
v 0.235968 2.837501 -0.383093
v 0.223356 2.838085 -0.422679
v 0.231803 2.840112 -0.467768
v 0.182165 2.809254 -0.523733
v 0.186701 2.655733 -0.528622
v 0.206539 2.610514 -0.471897
v 0.210881 2.631476 -0.493248
v 0.125362 2.778672 -0.302314
v 0.101714 2.770926 -0.304700
v 0.091521 2.764500 -0.301852
v 0.100522 2.711523 -0.301097
v 0.114922 2.718344 -0.307563
v 0.096980 2.750517 -0.307381
v 0.101996 2.741011 -0.308518
v 0.110449 2.724531 -0.305298
v 0.156364 3.083669 -0.349307
v 0.159967 3.084089 -0.325964
v 0.145092 3.090454 -0.302100
v 0.150312 3.083348 -0.297876
v 0.081182 2.917138 -0.529353
v 0.034057 2.904782 -0.539289
v 0.060217 2.922065 -0.518919
v -0.013265 2.898807 -0.538604
v 0.012185 2.910503 -0.530408
v 0.037122 2.926173 -0.527560
v 0.147926 3.092488 -0.313521
v 0.155960 3.082433 -0.374481
v 0.149164 3.089608 -0.329656
v 0.152400 3.073336 -0.411215
v 0.141974 3.064014 -0.426175
v 0.139711 3.075840 -0.418384
v 0.020445 2.979669 -0.522484
v 0.046028 2.991246 -0.506516
v 0.113116 3.141849 -0.254344
v 0.087341 3.158952 -0.226025
v 0.064770 3.185025 -0.223877
v 0.040743 3.191553 -0.212051
v -0.012032 3.187288 -0.201994
v -0.000405 3.190085 -0.204395
v -0.008873 3.190374 -0.209296
v -0.012079 3.191513 -0.224016
v -0.000753 3.195508 -0.226993
v 0.041614 3.198542 -0.235891
v 0.093723 3.171577 -0.250653
v 0.147588 3.095589 -0.320879
v 0.099345 3.031399 -0.466644
v 0.118603 3.058395 -0.444235
v 0.089816 3.070458 -0.460580
v 0.098882 3.112050 -0.440573
v 0.126650 3.089018 -0.428840
v 0.065378 3.136332 -0.446933
v 0.059260 3.165236 -0.420960
v 0.031324 3.178507 -0.419852
v 0.023299 3.189421 -0.396038
v -0.012529 3.189145 -0.380188
v -0.008022 3.187902 -0.370884
v -0.001340 3.190216 -0.384224
v -0.008143 3.187547 -0.392739
v 0.095572 2.997015 -0.501894
v 0.079471 3.008684 -0.490668
v 0.057092 2.998306 -0.498327
v 0.072638 3.025148 -0.481090
v 0.053591 3.043433 -0.489316
v 0.063290 3.093142 -0.471208
v 0.042589 3.116472 -0.473608
v 0.038689 3.152388 -0.448992
v 0.020409 3.161268 -0.441116
v 0.012347 3.179613 -0.416510
v -0.012613 3.181144 -0.403453
v -0.003747 3.181784 -0.406517
v -0.009271 3.174800 -0.414092
v -0.012493 3.183953 -0.361129
v -0.000858 3.184151 -0.365013
v 0.039730 3.189149 -0.363619
v 0.084561 3.161945 -0.383685
v -0.013211 2.918402 -0.531946
v 0.010940 2.932331 -0.535837
v -0.013208 2.943662 -0.533992
v 0.006423 2.958209 -0.531820
v -0.013168 2.963137 -0.528233
v 0.004340 2.970252 -0.526481
v -0.013165 2.971066 -0.526135
v 0.003696 2.991011 -0.523838
v -0.013065 3.034814 -0.517317
v 0.001701 3.087957 -0.505514
v -0.012899 3.124231 -0.489987
v -0.002191 3.148329 -0.471246
v -0.012782 3.160086 -0.458343
v -0.006383 3.165677 -0.446913
v -0.012732 3.168256 -0.439569
v -0.009788 3.169529 -0.433896
v -0.004777 3.168699 -0.437779
v -0.012652 3.172161 -0.418986
v -0.006058 3.171970 -0.420789
v -0.010159 3.171302 -0.423405
v 0.007244 3.168317 -0.429272
v 0.028906 3.140693 -0.463795
v 0.043796 3.079305 -0.487578
v 0.048124 3.006390 -0.498748
v 0.241705 2.797807 -0.375336
v 0.238849 2.725986 -0.386712
v 0.219693 2.710568 -0.357134
v 0.132941 3.038479 -0.206458
v 0.138307 3.048836 -0.214037
v 0.152261 3.040707 -0.227523
v 0.157291 3.046729 -0.244840
v 0.165316 3.040835 -0.262205
v 0.127622 3.010870 -0.209736
v 0.133796 3.013120 -0.211939
v 0.154595 3.020832 -0.216631
v 0.171110 3.034129 -0.245901
v 0.181336 3.024499 -0.269498
v 0.173130 3.032945 -0.282387
v 0.184041 3.008351 -0.293112
v 0.185945 3.011911 -0.316642
v 0.181411 3.023710 -0.302868
v 0.182718 3.010739 -0.331809
v 0.180781 3.022452 -0.320218
v 0.173964 3.019725 -0.345114
v 0.175139 3.031099 -0.305751
v 0.170581 3.027753 -0.321797
v 0.166856 3.028361 -0.349306
v 0.008242 3.119092 -0.134316
v 0.009532 3.143421 -0.123503
v 0.015139 3.169915 -0.133056
v 0.017339 3.176071 -0.153266
v 0.018587 3.192585 -0.176232
v 0.018941 3.186369 -0.198505
v 0.018589 3.188871 -0.204800
v 0.017022 3.197337 -0.215505
v 0.018181 3.198093 -0.247837
v 0.018469 3.191735 -0.270619
v 0.020917 3.202137 -0.302124
v 0.020556 3.201834 -0.341412
v 0.014924 3.183213 -0.363168
v 0.012160 3.189164 -0.378808
v 0.005898 3.189552 -0.399185
v 0.000831 3.174817 -0.417604
v -0.001594 3.170874 -0.426720
v -0.007191 3.170354 -0.429656
v -0.012696 3.170406 -0.428056
v 0.189418 2.723661 -0.318424
v 0.160515 2.739521 -0.310942
v -0.110777 3.059270 -0.191547
v -0.098245 2.859421 -0.256583
v -0.081344 2.824502 -0.281970
v -0.053005 2.644562 -0.274970
v -0.167501 2.904532 -0.259584
v -0.184322 2.968548 -0.271312
v -0.194084 2.978950 -0.378219
v -0.209646 2.923959 -0.426806
v -0.175770 2.962422 -0.437713
v -0.176191 2.901942 -0.486970
v -0.081735 2.948511 -0.510060
v -0.077415 2.890570 -0.551874
v -0.073410 2.805874 -0.570372
v -0.166914 2.764107 -0.531168
v -0.226789 2.800666 -0.468122
v -0.201837 2.773703 -0.296357
v -0.182934 2.722748 -0.314664
v -0.054622 2.644121 -0.274879
v -0.214381 2.694892 -0.416927
v -0.216530 2.671402 -0.468515
v -0.137926 2.722317 -0.556709
v -0.209145 2.637978 -0.495311
v -0.128569 2.560296 -0.495292
v -0.094875 2.708520 -0.574487
v -0.030252 3.138562 -0.125046
v -0.040683 3.167593 -0.133001
v -0.088976 3.117089 -0.153411
v -0.131000 3.072962 -0.199684
v -0.097340 3.144364 -0.160152
v -0.149739 3.081151 -0.218124
v -0.049544 3.186071 -0.276865
v -0.101470 3.155955 -0.297860
v -0.053036 3.197026 -0.349380
v -0.099891 3.165421 -0.367871
v -0.145227 3.111331 -0.388078
v -0.055304 3.079578 -0.481854
v -0.040603 3.141165 -0.458975
v -0.018127 3.170636 -0.424268
v 0.003649 3.175266 -0.413607
v -0.221548 2.733331 -0.441904
v -0.197467 2.699830 -0.505406
v -0.199323 2.664381 -0.524318
v -0.146134 2.627844 -0.554547
v -0.199777 2.673446 -0.388585
v -0.202012 2.646296 -0.438023
v -0.196073 2.623177 -0.464971
v -0.109056 2.786860 -0.291569
v -0.154463 2.794248 -0.278922
v -0.126319 2.974549 -0.217318
v -0.024939 3.109924 -0.137547
v -0.074814 3.094110 -0.152858
v -0.046725 3.181533 -0.201446
v -0.089817 3.146745 -0.217364
v -0.136154 3.085981 -0.278311
v -0.172866 3.040658 -0.333591
v -0.165439 3.009996 -0.422461
v -0.131022 2.933801 -0.475521
v -0.122226 2.884056 -0.511187
v -0.101495 2.726759 -0.560551
v -0.163162 3.045612 -0.287032
v -0.053745 3.197805 -0.307371
v -0.105306 3.168042 -0.325613
v -0.152461 3.109800 -0.353586
v -0.152358 3.057025 -0.416229
v -0.055578 2.988580 -0.504824
v -0.026577 2.884771 -0.555289
v -0.026239 2.807500 -0.576655
v -0.059992 2.707226 -0.596108
v -0.093430 2.620785 -0.565302
v -0.173398 2.650105 -0.524200
v -0.189514 2.623969 -0.504406
v -0.147630 2.761621 -0.292920
v -0.191689 2.845280 -0.282525
v -0.161711 2.987547 -0.220224
v -0.177231 3.011514 -0.245802
v -0.207625 2.862679 -0.324077
v -0.220465 2.781641 -0.346735
v -0.211013 2.711792 -0.358180
v -0.188914 2.692972 -0.342757
v -0.184848 2.981655 -0.320253
v -0.195061 2.917452 -0.367645
v -0.220668 2.797193 -0.405944
v -0.160731 3.069906 -0.371206
v -0.119111 2.909796 -0.239280
v 0.013021 3.120004 -0.134891
v -0.025550 3.116131 -0.135551
v -0.078410 3.099392 -0.153533
v -0.115029 3.063647 -0.193871
v -0.134308 2.977175 -0.219341
v -0.131313 2.908751 -0.244042
v -0.117361 2.863247 -0.258018
v -0.148370 2.830664 -0.270423
v -0.109548 2.828128 -0.271725
v -0.079882 2.782775 -0.296450
v -0.077511 2.635010 -0.317390
v -0.143198 2.863257 -0.260641
v -0.134139 2.744996 -0.305693
v -0.220120 2.751054 -0.475633
v -0.184905 2.722672 -0.524167
v -0.174753 2.691867 -0.535940
v -0.118536 2.666368 -0.557126
v -0.075801 2.665308 -0.575023
v -0.145820 2.684175 -0.533351
v -0.158756 2.986707 -0.424760
v -0.102206 2.882786 -0.523598
v -0.097507 2.801058 -0.550073
v -0.090018 2.725283 -0.563212
v -0.133934 2.678543 -0.538255
v -0.184407 2.983306 -0.335538
v -0.196442 2.921189 -0.385309
v -0.220693 2.799294 -0.421372
v -0.221881 2.733589 -0.420992
v -0.174317 3.058796 -0.371402
v -0.162053 3.042094 -0.421969
v -0.069758 2.975451 -0.513660
v 0.013863 2.956718 -0.531013
v -0.152676 3.079494 -0.318382
v -0.141154 3.105809 -0.324946
v -0.130289 3.117950 -0.269655
v -0.093180 3.160525 -0.230988
v -0.045652 3.194080 -0.218959
v -0.077460 2.728789 -0.303455
v -0.105974 2.747470 -0.312552
v -0.125805 2.940540 -0.229839
v -0.134767 2.939338 -0.235265
v -0.166161 2.938272 -0.245889
v -0.198318 2.917290 -0.302837
v 0.009415 3.174169 -0.154624
v -0.044117 3.172893 -0.154803
v -0.094918 3.148019 -0.182115
v -0.144704 3.082233 -0.239693
v -0.162330 3.043036 -0.267540
v -0.183065 2.977373 -0.297442
v -0.196943 2.922887 -0.336268
v 0.008142 3.188251 -0.175133
v -0.046576 3.190021 -0.177970
v -0.094649 3.161341 -0.198148
v -0.142563 3.092958 -0.256381
v -0.158415 3.038921 -0.305396
v -0.205255 2.855974 -0.391414
v -0.204448 2.852388 -0.412421
v -0.216893 2.855078 -0.453607
v -0.172171 2.830209 -0.511908
v -0.119451 2.798288 -0.541417
v -0.165869 2.640520 -0.528687
v -0.180751 2.592014 -0.471335
v -0.189405 2.618464 -0.476831
v -0.107588 2.761677 -0.305399
v -0.072228 2.742687 -0.302553
v -0.080640 2.711443 -0.299908
v -0.086469 2.751895 -0.306090
v -0.089045 2.739549 -0.308423
v -0.052195 2.644840 -0.274631
v -0.169374 3.067632 -0.325662
v -0.158952 3.069565 -0.302110
v -0.164997 3.050028 -0.311568
v -0.174884 3.027926 -0.371978
v -0.168282 3.009742 -0.364132
v -0.078328 2.925839 -0.506360
v -0.033684 2.913630 -0.525775
v -0.131215 3.099366 -0.273970
v -0.148960 3.084696 -0.327879
v -0.158418 3.079420 -0.368185
v -0.154679 3.072473 -0.403215
v -0.056773 3.008022 -0.492433
v 0.012105 2.989358 -0.524196
v -0.089522 3.147960 -0.222031
v -0.046252 3.183683 -0.207633
v -0.049256 3.194462 -0.252272
v -0.102474 3.167257 -0.268501
v -0.146012 3.113666 -0.299345
v -0.149604 3.088888 -0.307976
v -0.138734 3.062298 -0.424219
v -0.118448 3.107929 -0.424218
v -0.077330 3.159504 -0.407156
v -0.037921 3.185086 -0.385643
v -0.114127 2.948966 -0.476270
v -0.129925 2.979613 -0.476535
v -0.122741 3.010383 -0.479586
v -0.106086 3.022114 -0.468320
v -0.097726 3.037138 -0.461156
v -0.086472 3.100121 -0.453593
v -0.056385 3.158815 -0.433526
v -0.026556 3.186197 -0.405928
v -0.043054 3.177893 -0.371238
v -0.084288 3.150652 -0.390762
v -0.125040 3.104183 -0.405126
v -0.141953 3.072905 -0.410926
v -0.033273 2.935596 -0.532014
v -0.026019 2.961780 -0.530250
v -0.021707 2.974812 -0.522896
v -0.020839 2.994641 -0.519927
v -0.021953 3.086511 -0.501629
v -0.016884 3.147630 -0.467916
v -0.008388 3.165828 -0.444492
v -0.014679 3.167064 -0.432949
v -0.033427 3.140607 -0.463840
v -0.044108 3.078328 -0.488918
v -0.044921 3.001978 -0.501811
v -0.214554 2.859836 -0.365467
v -0.230984 2.786758 -0.387156
v -0.226105 2.717417 -0.400130
v -0.218457 2.690838 -0.430489
v -0.135947 3.047750 -0.211625
v -0.154480 3.044946 -0.238982
v -0.117658 3.030564 -0.198273
v -0.122257 3.030851 -0.200783
v -0.137776 3.031147 -0.209936
v -0.157952 3.032510 -0.241089
v -0.164407 3.029652 -0.273223
v -0.122379 3.048306 -0.202026
v -0.118532 3.047346 -0.199674
v -0.176934 3.013125 -0.283870
v -0.179938 3.013465 -0.308909
v -0.175180 3.010512 -0.324537
v -0.166156 3.026985 -0.294007
v -0.162591 3.023977 -0.310436
v -0.163352 3.024318 -0.331480
v 0.004673 3.119391 -0.134694
v 0.003704 3.144823 -0.125178
v 0.000384 3.167917 -0.135551
v -0.003806 3.189384 -0.175361
v -0.004011 3.184224 -0.195558
v -0.004454 3.186722 -0.201735
v -0.004203 3.193173 -0.211471
v -0.005417 3.195602 -0.243782
v -0.006006 3.191055 -0.265622
v -0.008928 3.199657 -0.297514
v -0.009987 3.199349 -0.334015
v -0.007243 3.182909 -0.356415
v -0.008035 3.188163 -0.373665
v -0.006874 3.188271 -0.395388
v -0.003987 3.174848 -0.415585
v -0.002303 3.171287 -0.424693
v -0.001910 3.169694 -0.433931
v 0.004349 3.112888 -0.135719
v 0.019764 2.811433 -0.570360
v 0.017716 2.883574 -0.549914
v 0.004963 3.197784 -0.294698
v 0.007322 3.189765 -0.208846
v 0.003844 3.188212 -0.370105
v 0.013275 2.968243 -0.527080
v 0.006715 3.088022 -0.506402
v 0.003514 3.169875 -0.434002
v 0.007603 2.713182 -0.613019
v 0.011727 3.145520 -0.125892
v 0.010221 3.167161 -0.136800
v 0.007716 3.186069 -0.200179
v 0.007967 3.183871 -0.194281
v 0.004197 3.197456 -0.329395
v 0.004533 3.183289 -0.352557
v 0.006050 3.191034 -0.262887
v 0.013370 3.113564 -0.135662
v 0.006399 3.193215 -0.241233
v 0.016642 2.909120 -0.531076
v 0.003416 3.187683 -0.391760
v 0.015287 2.930774 -0.535707
v 0.003934 3.148115 -0.472938
v 0.003451 3.166074 -0.447335
v 0.003656 3.171811 -0.423147
v -0.153425 2.708501 -0.309488
v -0.110363 2.716619 -0.313518
v -0.093878 2.718634 -0.305449
v -0.098688 2.845206 -0.268229
v -0.229525 2.772270 -0.446659
v -0.199026 2.879386 -0.473973
v -0.087972 2.757060 -0.566760
v -0.010862 2.757328 -0.593370
v -0.089991 2.848403 -0.552038
v -0.000827 2.852285 -0.561424
v -0.092115 2.806806 -0.287113
v -0.129071 2.810240 -0.276525
v -0.205788 2.725709 -0.488927
v -0.163809 2.721561 -0.544005
v -0.109469 2.690996 -0.557880
v -0.039056 2.684052 -0.597125
v -0.207734 2.642611 -0.467144
v -0.210740 2.670172 -0.429500
v -0.189515 2.672296 -0.356670
v 0.010092 3.131263 -0.129479
v -0.150089 2.956119 -0.229207
v -0.198542 2.956525 -0.376469
v -0.127540 3.055870 -0.203864
v -0.106202 3.087011 -0.175525
v -0.054555 3.118372 -0.137981
v 0.008650 3.158113 -0.129284
v -0.063993 3.147352 -0.136432
v -0.147320 3.058737 -0.219962
v -0.122341 3.105655 -0.182487
v 0.004404 3.184073 -0.198562
v -0.067992 3.166676 -0.209673
v -0.196105 2.946899 -0.432355
v -0.102315 2.950165 -0.490617
v -0.130974 3.140841 -0.359413
v -0.079073 3.189066 -0.337131
v -0.000197 3.200229 -0.313624
v 0.000128 3.190060 -0.343242
v -0.060245 3.169808 -0.388178
v -0.019310 3.159100 -0.450678
v -0.103264 3.130771 -0.407406
v -0.143927 3.086075 -0.404113
v -0.031480 3.118520 -0.481095
v -0.041998 2.974864 -0.520200
v -0.034986 3.037047 -0.504882
v -0.220685 2.711649 -0.429774
v -0.214746 2.699710 -0.462878
v -0.209045 2.667569 -0.503401
v -0.168954 2.615349 -0.535368
v -0.202530 2.653830 -0.410435
v -0.200171 2.625440 -0.448319
v -0.191389 2.614456 -0.464638
v -0.193993 2.683721 -0.368007
v -0.095486 2.750705 -0.310113
v -0.122511 2.757945 -0.304691
v 0.004581 3.187138 -0.185922
v -0.069506 3.175946 -0.195677
v -0.116601 3.124446 -0.235628
v -0.177462 2.988654 -0.398128
v -0.144288 2.982284 -0.450071
v -0.150221 2.923012 -0.480719
v -0.145274 2.853580 -0.518668
v -0.123712 2.749692 -0.555314
v -0.168723 3.058398 -0.315712
v -0.159988 3.027061 -0.315848
v 0.001678 3.194228 -0.278090
v -0.077501 3.179927 -0.299000
v -0.138263 3.035937 -0.447879
v -0.049473 2.853437 -0.568468
v -0.066364 2.752728 -0.582828
v -0.092433 2.680890 -0.576631
v -0.029880 2.540619 -0.507948
v -0.136065 2.703256 -0.550648
v -0.195383 2.640719 -0.515393
v -0.175428 2.760682 -0.291262
v -0.178104 2.810105 -0.278018
v -0.209477 2.889136 -0.419334
v -0.163880 2.861314 -0.266145
v -0.176180 2.976747 -0.242640
v -0.164865 3.034544 -0.282180
v -0.181806 2.932232 -0.270086
v -0.209970 2.816220 -0.310516
v -0.208576 2.739709 -0.330072
v -0.166116 2.692367 -0.318844
v -0.188996 2.951795 -0.330308
v -0.158566 3.090106 -0.381442
v -0.176125 3.049812 -0.349375
v -0.165338 3.060147 -0.395022
v -0.138815 2.885716 -0.253575
v 0.010553 3.115269 -0.136972
v -0.049988 3.106721 -0.142712
v -0.097582 3.078538 -0.174026
v -0.119113 3.042687 -0.198975
v -0.129507 2.955563 -0.227199
v -0.115494 2.886624 -0.249524
v -0.127984 2.844724 -0.263853
v -0.204483 2.759035 -0.501252
v -0.189428 2.692983 -0.528204
v -0.145906 2.653100 -0.543155
v -0.063906 2.643920 -0.574756
v -0.110399 2.644779 -0.563263
v -0.176906 2.670192 -0.528848
v -0.143966 2.960960 -0.452392
v -0.112189 2.913684 -0.496633
v -0.108537 2.841753 -0.532087
v -0.094763 2.761108 -0.557218
v -0.111927 2.702667 -0.549181
v -0.168203 3.008650 -0.395554
v -0.165758 3.036185 -0.321128
v -0.162458 3.032186 -0.299133
v -0.188819 2.953204 -0.350082
v -0.197784 2.884558 -0.391896
v -0.221627 2.766567 -0.420024
v -0.227560 2.756483 -0.405837
v -0.222220 2.710710 -0.418152
v -0.173631 3.036644 -0.396065
v -0.150038 3.012724 -0.452054
v -0.052793 2.953936 -0.525123
v -0.152939 3.090953 -0.344616
v -0.128226 3.133409 -0.325203
v -0.111446 3.117849 -0.246113
v -0.126453 3.134653 -0.299557
v -0.075999 3.178856 -0.273334
v 0.002930 3.192165 -0.253006
v -0.144912 3.099455 -0.291588
v -0.097762 2.731186 -0.310984
v -0.129498 2.704145 -0.312178
v -0.126717 2.926212 -0.237063
v -0.149100 2.922300 -0.244742
v -0.206027 2.893814 -0.334206
v -0.194395 2.886512 -0.291375
v 0.007283 3.170956 -0.145185
v -0.069054 3.163905 -0.152082
v -0.125724 3.115165 -0.200201
v -0.157881 3.057971 -0.245908
v -0.191640 2.949289 -0.302152
v 0.005675 3.182051 -0.164660
v -0.069800 3.174242 -0.173836
v -0.121231 3.123188 -0.218901
v -0.157303 3.062108 -0.267517
v -0.152135 3.063916 -0.284275
v -0.219899 2.825720 -0.389999
v -0.210635 2.826087 -0.406321
v -0.221465 2.828432 -0.436372
v -0.201220 2.813473 -0.492905
v -0.150875 2.794981 -0.532080
v -0.202783 2.889152 -0.368809
v -0.155873 2.663052 -0.527897
v -0.179089 2.629536 -0.516903
v -0.185511 2.595958 -0.450311
v -0.196213 2.623444 -0.485254
v -0.129213 2.777207 -0.290917
v -0.094144 2.769234 -0.302236
v -0.100578 2.710396 -0.310418
v -0.078332 2.757303 -0.302965
v -0.080371 2.739976 -0.306333
v -0.087227 2.727384 -0.304617
v -0.081432 2.706171 -0.302254
v -0.165858 3.071101 -0.345783
v -0.154586 3.077698 -0.303396
v -0.154899 3.060951 -0.298142
v -0.093906 2.915705 -0.514196
v -0.055683 2.907686 -0.534993
v -0.006452 2.899979 -0.539402
v -0.058303 2.929053 -0.516867
v -0.143289 3.085690 -0.295819
v -0.154733 3.077594 -0.346162
v -0.158262 3.068491 -0.392011
v -0.149862 3.062800 -0.413570
v -0.035914 2.983920 -0.513747
v -0.112888 3.128219 -0.246544
v -0.068209 3.175210 -0.214197
v 0.004174 3.188408 -0.202722
v 0.003612 3.193066 -0.224913
v -0.072810 3.185064 -0.239248
v -0.122685 3.139798 -0.266306
v -0.150150 3.083305 -0.316989
v -0.149276 3.094613 -0.317042
v -0.126127 3.042433 -0.441642
v -0.115145 3.075366 -0.440833
v -0.087605 3.136225 -0.430333
v -0.049230 3.178468 -0.406706
v -0.001092 3.189637 -0.381438
v -0.103485 2.977872 -0.499031
v -0.087955 2.999381 -0.495025
v -0.076642 3.008152 -0.483588
v -0.072916 3.051666 -0.475180
v -0.059577 3.122853 -0.460616
v -0.033911 3.168234 -0.431057
v -0.000501 3.181569 -0.404520
v 0.000145 3.184245 -0.362113
v -0.069793 3.175116 -0.372030
v -0.115303 3.132660 -0.390240
v -0.134683 3.083401 -0.415469
v -0.009551 2.920195 -0.531442
v -0.007486 2.945482 -0.534839
v -0.004852 2.965398 -0.528580
v -0.004206 2.973627 -0.525797
v -0.006511 3.035923 -0.516996
v -0.007873 3.124531 -0.488662
v -0.004910 3.160494 -0.457373
v -0.000881 3.168514 -0.439663
v 0.000796 3.172418 -0.419679
v -0.026707 3.157140 -0.444769
v -0.044689 3.111362 -0.476599
v -0.049803 3.036381 -0.493035
v -0.050413 2.991128 -0.500966
v -0.221341 2.825077 -0.358586
v -0.226707 2.744153 -0.376947
v -0.212211 2.698231 -0.381776
v -0.211956 2.685082 -0.413557
v -0.126879 3.042180 -0.203337
v -0.144959 3.039444 -0.224349
v -0.160119 3.036129 -0.257003
v -0.123984 3.004166 -0.208355
v -0.137805 3.007932 -0.208812
v -0.160073 3.018831 -0.224803
v -0.169896 3.024819 -0.260506
v -0.118693 3.052773 -0.200568
v -0.181291 2.997254 -0.272643
v -0.181480 2.999701 -0.301929
v -0.181438 3.001298 -0.318469
v -0.180614 2.999039 -0.344711
v -0.171911 3.022055 -0.291478
v -0.171265 3.019500 -0.308766
v -0.165804 3.017193 -0.331964
v -0.169875 3.024551 -0.350561
v -0.006723 3.114366 -0.136703
v -0.007720 3.129019 -0.127869
v -0.013136 3.157685 -0.125622
v -0.018730 3.172383 -0.142034
v -0.021369 3.183939 -0.164013
v -0.023127 3.189539 -0.188103
v -0.023303 3.184945 -0.202254
v -0.022548 3.192093 -0.207395
v -0.023292 3.197915 -0.230443
v -0.024479 3.192783 -0.259130
v -0.026613 3.194794 -0.284235
v -0.029801 3.203180 -0.321903
v -0.026248 3.190596 -0.353605
v -0.021958 3.183358 -0.370406
v -0.018559 3.190540 -0.388290
v -0.012320 3.181941 -0.409130
v -0.008457 3.171553 -0.422448
v -0.006404 3.169597 -0.432606
v 0.001166 3.170804 -0.428502
v -0.185313 2.702515 -0.329592
v -0.155269 2.733937 -0.304094
v -0.124184 2.731152 -0.311219
v -0.127138 2.955000 -0.224631
v -0.088589 2.840551 -0.270589
v -0.093391 2.827783 -0.277786
v -0.112312 2.845348 -0.264464
v -0.106516 2.863405 -0.258677
v -0.223935 2.767986 -0.429207
v -0.223058 2.744251 -0.460103
v -0.226897 2.771795 -0.471108
v -0.228050 2.802690 -0.441207
v -0.198384 2.914600 -0.458305
v -0.213388 2.889096 -0.443028
v -0.199450 2.844556 -0.484005
v -0.173824 2.865632 -0.502442
v -0.087875 2.803536 -0.560130
v -0.090099 2.760485 -0.560338
v -0.093962 2.716900 -0.567510
v -0.082162 2.753563 -0.574807
v 0.014487 2.758019 -0.593847
v -0.002087 2.809539 -0.573134
v -0.042075 2.754143 -0.589458
v -0.024162 2.710523 -0.606561
v -0.100671 2.843084 -0.538746
v -0.073852 2.853292 -0.564462
v -0.092609 2.887239 -0.538206
v 0.019317 2.853400 -0.557784
v -0.003460 2.883209 -0.552201
v -0.023091 2.852000 -0.566626
v -0.108930 2.807096 -0.281548
v -0.079788 2.805463 -0.289550
v -0.092976 2.786050 -0.295454
v -0.130154 2.792387 -0.283921
v -0.152240 2.812487 -0.274502
v -0.127748 2.828468 -0.269519
v -0.190344 2.710608 -0.516971
v -0.205266 2.738058 -0.498159
v -0.208232 2.715158 -0.476223
v -0.145228 2.737339 -0.552292
v -0.178185 2.740193 -0.528417
v -0.178735 2.705643 -0.534586
v -0.152674 2.707715 -0.550546
v -0.108898 2.699323 -0.552175
v -0.128714 2.672114 -0.546751
v -0.106393 2.683063 -0.566065
v -0.069376 2.682049 -0.587646
v -0.053090 2.665819 -0.581185
v -0.171184 2.582060 -0.484505
v -0.214270 2.654169 -0.484344
v -0.210384 2.657686 -0.450870
v -0.199629 2.632986 -0.454285
v -0.202955 2.629613 -0.478514
v -0.218012 2.683372 -0.447677
v -0.210650 2.679485 -0.413511
v -0.202413 2.660273 -0.414886
v -0.188787 2.676680 -0.358702
v -0.081120 2.629440 -0.317626
v -0.198668 2.666569 -0.383962
v -0.052498 2.644722 -0.274832
v 0.010359 3.119788 -0.134907
v 0.004414 3.130610 -0.129069
v 0.009542 3.145458 -0.125873
v 0.012473 3.131401 -0.129467
v -0.117663 3.043273 -0.197911
v -0.117368 3.050718 -0.199153
v -0.165864 2.961356 -0.232909
v -0.147282 2.980537 -0.218156
v -0.135678 2.955925 -0.228343
v -0.149577 2.936213 -0.239062
v -0.190050 2.982211 -0.353353
v -0.190578 2.955361 -0.358949
v -0.205287 2.924591 -0.402341
v -0.203467 2.954468 -0.401365
v -0.095946 3.076366 -0.172729
v -0.121339 3.053912 -0.201492
v -0.127953 3.048280 -0.204970
v -0.136488 3.057752 -0.209455
v -0.121643 3.067827 -0.195563
v -0.100187 3.081290 -0.174478
v -0.114104 3.095282 -0.177937
v -0.083197 3.106273 -0.153176
v -0.051431 3.110368 -0.141301
v -0.058898 3.130741 -0.135434
v -0.027131 3.125307 -0.129641
v 0.002080 3.158144 -0.128268
v 0.007779 3.167278 -0.136687
v 0.010918 3.158053 -0.129349
v -0.094240 3.132121 -0.155083
v -0.067981 3.160875 -0.141711
v -0.035602 3.154736 -0.126589
v -0.142112 3.077882 -0.207759
v -0.145691 3.046501 -0.223936
v -0.155845 3.058811 -0.232949
v -0.127420 3.113736 -0.189723
v 0.007876 3.184147 -0.198277
v 0.004607 3.183840 -0.194505
v -0.004273 3.184322 -0.199716
v 0.004166 3.186172 -0.200494
v -0.068393 3.168244 -0.205673
v -0.089066 3.144970 -0.220875
v -0.068009 3.169581 -0.211330
v -0.046594 3.180782 -0.205728
v -0.177892 2.935780 -0.461471
v -0.189878 2.972735 -0.408273
v -0.106478 2.962708 -0.495454
v -0.123241 2.966023 -0.473518
v -0.096352 2.935928 -0.493757
v -0.080864 2.937052 -0.504145
v -0.104232 3.169342 -0.347009
v -0.132196 3.138893 -0.339822
v -0.151624 3.111714 -0.371733
v -0.125160 3.138872 -0.378128
v -0.054563 3.200295 -0.328989
v -0.079237 3.187298 -0.315086
v -0.076188 3.185088 -0.358340
v 0.004451 3.199506 -0.312770
v 0.000601 3.198359 -0.295355
v -0.009950 3.201806 -0.316558
v -0.000444 3.198038 -0.330438
v -0.008603 3.190538 -0.346706
v 0.000621 3.183171 -0.353341
v 0.004385 3.189845 -0.342290
v -0.040525 3.179585 -0.378289
v -0.063316 3.167328 -0.381032
v -0.081148 3.153668 -0.398432
v -0.056797 3.175784 -0.395888
v -0.026221 3.144328 -0.465466
v -0.012755 3.160329 -0.454477
v -0.012197 3.166366 -0.438993
v -0.024118 3.157733 -0.447109
v -0.106346 3.128021 -0.398940
v -0.122480 3.105801 -0.413564
v -0.099259 3.135364 -0.417328
v -0.147670 3.070565 -0.409222
v -0.135983 3.083861 -0.408788
v -0.134525 3.107417 -0.397920
v -0.153236 3.088642 -0.396613
v -0.040179 3.113582 -0.477875
v -0.034533 3.082507 -0.495064
v -0.020162 3.123167 -0.485071
v -0.062803 2.983712 -0.509856
v -0.046839 2.966596 -0.524060
v -0.023369 2.969777 -0.526311
v -0.038317 2.980161 -0.515929
v -0.044874 3.036494 -0.496630
v -0.034792 2.998684 -0.510937
v -0.021693 3.037143 -0.513205
v -0.217604 2.694653 -0.425593
v -0.220351 2.708241 -0.439659
v -0.221811 2.735750 -0.427459
v -0.219942 2.711829 -0.425259
v -0.209207 2.686113 -0.487948
v -0.206899 2.650333 -0.511717
v -0.198586 2.681092 -0.519587
v -0.056308 2.545732 -0.502024
v -0.159754 2.634109 -0.541256
v -0.176542 2.623330 -0.521574
v -0.071254 2.620892 -0.571214
v -0.000931 2.537871 -0.510954
v -0.202553 2.638600 -0.432953
v -0.196165 2.616649 -0.458286
v -0.191952 2.619688 -0.471336
v -0.187831 2.615169 -0.472879
v -0.053788 2.644375 -0.274905
v -0.205017 2.683709 -0.398193
v -0.202613 2.691580 -0.377925
v -0.180504 2.686263 -0.336935
v -0.106281 2.755392 -0.309838
v -0.095144 2.757214 -0.307166
v -0.087664 2.745153 -0.308099
v -0.096045 2.743958 -0.311306
v -0.120547 2.748531 -0.309814
v -0.140189 2.752683 -0.300771
v -0.126565 2.765486 -0.297742
v -0.007205 3.112212 -0.135858
v -0.049286 3.104605 -0.142176
v 0.007986 3.187042 -0.185765
v 0.004764 3.188388 -0.175201
v -0.004086 3.187925 -0.186601
v -0.070325 3.180911 -0.183726
v -0.092339 3.155240 -0.208472
v -0.046874 3.187189 -0.190971
v -0.120386 3.128484 -0.226388
v -0.137977 3.091396 -0.264947
v -0.112666 3.118455 -0.243297
v -0.166573 2.977269 -0.427545
v -0.167380 2.999148 -0.395910
v -0.180774 2.995726 -0.368930
v -0.139530 2.970951 -0.450434
v -0.150392 2.995920 -0.450772
v -0.160802 2.997122 -0.423146
v -0.150057 2.946801 -0.460812
v -0.147592 2.891324 -0.503009
v -0.124522 2.913876 -0.491859
v -0.145586 2.818532 -0.528169
v -0.120965 2.845006 -0.527036
v -0.138949 2.775292 -0.541394
v -0.118332 2.723786 -0.562239
v -0.104961 2.757851 -0.555991
v -0.169405 3.045580 -0.320209
v -0.173214 3.054642 -0.330058
v -0.163755 3.070462 -0.309533
v -0.162587 3.060625 -0.305391
v -0.161427 3.030066 -0.319402
v -0.160210 3.029694 -0.307057
v -0.161869 3.022547 -0.322266
v 0.005562 3.193985 -0.277525
v 0.002615 3.191090 -0.263436
v -0.007355 3.194736 -0.280143
v -0.051541 3.191004 -0.290451
v -0.075780 3.174582 -0.286023
v -0.103424 3.160959 -0.310419
v -0.156524 3.050740 -0.419656
v -0.145298 3.027718 -0.451832
v -0.114199 3.018045 -0.474689
v -0.131136 3.039975 -0.443428
v -0.053316 2.888471 -0.556372
v -0.051448 2.806752 -0.575801
v -0.083579 2.705922 -0.584706
v -0.099254 2.664806 -0.566767
v -0.121219 2.623253 -0.561140
v -0.160889 2.686058 -0.534748
v -0.120342 2.703245 -0.548697
v -0.187323 2.655237 -0.525056
v -0.199036 2.629228 -0.501555
v -0.183209 2.634991 -0.516453
v -0.180258 2.783973 -0.282849
v -0.152662 2.776381 -0.285331
v -0.166253 2.743050 -0.299580
v -0.194932 2.743885 -0.306818
v -0.199675 2.809266 -0.289259
v -0.171714 2.836662 -0.273523
v -0.200042 2.885571 -0.402433
v -0.213944 2.855313 -0.429869
v -0.181141 2.876426 -0.273115
v -0.153351 2.879264 -0.258589
v -0.145288 2.848383 -0.264926
v -0.177966 2.952653 -0.257535
v -0.181269 2.992122 -0.256518
v -0.171793 3.000262 -0.230153
v -0.163726 3.044579 -0.278175
v -0.163255 3.034889 -0.271193
v -0.165875 3.028271 -0.284843
v -0.164693 3.033981 -0.291132
v -0.166819 2.923057 -0.254170
v -0.187365 2.911498 -0.281078
v -0.191080 2.943196 -0.287673
v -0.202140 2.855401 -0.301131
v -0.213560 2.775522 -0.320009
v -0.215155 2.823885 -0.335632
v -0.198121 2.713725 -0.335136
v -0.218451 2.741902 -0.355365
v -0.055281 2.643763 -0.275130
v -0.173513 2.698036 -0.321481
v -0.149530 2.699270 -0.311384
v -0.183844 2.979630 -0.309912
v -0.189093 2.951788 -0.315663
v -0.195720 2.920276 -0.353225
v -0.189511 2.951542 -0.342868
v -0.158838 3.090762 -0.362761
v -0.158522 3.075775 -0.388323
v -0.174803 3.034780 -0.351028
v -0.176541 3.043850 -0.371983
v -0.173320 3.063879 -0.347148
v -0.159851 3.064539 -0.393818
v -0.167548 3.066253 -0.371301
v -0.171157 3.051978 -0.395744
v -0.110258 2.887151 -0.246905
v -0.124717 2.886288 -0.250674
v -0.131179 2.862626 -0.258769
v -0.146312 2.907705 -0.248735
v 0.010272 3.113324 -0.135673
v 0.004885 3.114889 -0.136902
v 0.013242 3.115515 -0.136968
v -0.024830 3.112149 -0.138081
v -0.076257 3.096158 -0.153660
v -0.112277 3.061508 -0.193200
v -0.119410 3.030348 -0.199759
v -0.121514 3.042858 -0.200201
v -0.119921 3.047941 -0.200930
v -0.128236 2.940472 -0.232855
v -0.128705 2.975474 -0.219314
v -0.123071 2.909403 -0.241911
v -0.074162 2.736015 -0.303728
v -0.203235 2.785275 -0.499160
v -0.189458 2.677819 -0.529788
v -0.133163 2.647675 -0.555186
v -0.152306 2.658924 -0.532321
v -0.084911 2.643753 -0.569205
v -0.162215 2.666500 -0.527524
v -0.121795 2.939748 -0.474730
v -0.109600 2.881449 -0.516343
v -0.104798 2.916330 -0.501809
v -0.104959 2.799847 -0.545250
v -0.092297 2.727929 -0.560879
v -0.138244 2.682138 -0.534143
v -0.172693 3.020163 -0.396006
v -0.170034 3.017558 -0.370388
v -0.161566 3.045209 -0.309204
v -0.168269 3.030475 -0.334649
v -0.159995 3.043642 -0.295171
v -0.164519 3.025515 -0.301790
v -0.183852 2.982985 -0.326644
v -0.194157 2.918273 -0.376043
v -0.199727 2.885838 -0.382437
v -0.202368 2.853397 -0.400882
v -0.222782 2.764030 -0.413949
v -0.218437 2.798513 -0.411605
v -0.230644 2.748384 -0.394033
v -0.225121 2.726686 -0.412223
v -0.226755 2.792169 -0.398563
v -0.220054 2.702164 -0.407712
v -0.165433 3.026751 -0.422478
v -0.128873 2.995963 -0.479405
v -0.077053 2.962501 -0.513455
v -0.057441 2.940327 -0.522866
v -0.029880 2.949257 -0.532699
v -0.146535 3.106888 -0.338296
v -0.147509 3.091811 -0.328769
v -0.153587 3.082264 -0.346465
v -0.124529 3.130123 -0.312719
v -0.130908 3.094924 -0.274693
v -0.111877 3.121505 -0.246442
v -0.143655 3.109376 -0.312503
v -0.102326 3.160970 -0.284448
v -0.127867 3.140166 -0.284506
v -0.049368 3.189162 -0.265209
v -0.075784 3.184960 -0.258527
v 0.006220 3.191826 -0.252446
v 0.003109 3.194010 -0.241847
v -0.005586 3.192760 -0.255097
v -0.140221 3.114780 -0.283913
v -0.132058 3.107169 -0.272460
v -0.143643 3.090758 -0.294006
v -0.150874 3.097710 -0.305843
v -0.079615 2.720174 -0.301827
v -0.099608 2.718073 -0.310310
v -0.107953 2.732208 -0.313376
v -0.091536 2.729198 -0.307060
v -0.128721 2.713736 -0.311220
v -0.111413 2.707654 -0.314193
v -0.123701 2.926517 -0.234158
v -0.133979 2.925013 -0.239709
v -0.212628 2.862828 -0.346164
v -0.205423 2.892467 -0.352301
v -0.199667 2.921473 -0.320360
v -0.202939 2.892139 -0.314042
v -0.000498 3.171488 -0.144286
v 0.006710 3.174205 -0.154555
v 0.009828 3.170879 -0.145267
v -0.043013 3.170827 -0.143068
v -0.096645 3.146934 -0.170619
v -0.069040 3.165403 -0.164001
v -0.148656 3.081292 -0.229171
v -0.122047 3.116226 -0.210888
v -0.159628 3.043480 -0.254000
v -0.157134 3.058349 -0.257791
v -0.184621 2.975231 -0.284624
v 0.008746 3.181950 -0.164668
v -0.002614 3.182700 -0.164461
v -0.045473 3.182253 -0.166170
v -0.094880 3.155867 -0.190326
v -0.143746 3.088002 -0.248354
v -0.156312 3.065287 -0.276018
v -0.149946 3.061368 -0.291801
v -0.213515 2.827149 -0.398842
v -0.210691 2.857852 -0.380081
v -0.224325 2.824254 -0.377372
v -0.212755 2.825534 -0.417259
v -0.222421 2.827040 -0.462123
v -0.172496 2.799047 -0.519325
v -0.168317 2.645515 -0.524210
v -0.184107 2.599272 -0.467042
v -0.190176 2.619934 -0.488263
v -0.108548 2.771940 -0.299406
v -0.084560 2.765565 -0.302385
v -0.073947 2.759738 -0.299796
v -0.079865 2.706332 -0.298855
v -0.094790 2.712309 -0.304957
v -0.078728 2.745460 -0.305198
v -0.083216 2.735681 -0.306216
v -0.090625 2.718744 -0.302799
v -0.052029 2.644908 -0.274507
v -0.158194 3.074616 -0.345398
v -0.161234 3.074845 -0.321972
v -0.146161 3.082072 -0.298480
v -0.150858 3.074681 -0.294133
v -0.078055 2.912555 -0.527374
v -0.030558 2.902922 -0.538485
v -0.057155 2.918688 -0.517460
v 0.017032 2.899679 -0.538981
v -0.008838 2.909898 -0.530147
v -0.034556 2.924110 -0.526669
v -0.149391 3.083931 -0.309826
v -0.158345 3.073388 -0.370575
v -0.150862 3.080973 -0.325927
v -0.155181 3.064484 -0.407392
v -0.144611 3.055767 -0.422613
v -0.142838 3.067709 -0.414872
v -0.020862 2.978480 -0.521971
v -0.046664 2.988578 -0.505364
v -0.116018 3.135255 -0.251496
v -0.090574 3.153831 -0.223813
v -0.069493 3.181161 -0.222208
v -0.045595 3.189069 -0.210978
v 0.007572 3.187852 -0.202238
v -0.004253 3.189974 -0.204347
v 0.004060 3.190746 -0.209457
v 0.006829 3.192057 -0.224251
v -0.004778 3.195392 -0.226943
v -0.047458 3.195979 -0.234784
v -0.098281 3.166051 -0.248266
v -0.149414 3.087041 -0.317188
v -0.101195 3.025628 -0.464152
v -0.121411 3.051488 -0.441252
v -0.093780 3.065174 -0.458298
v -0.104723 3.106190 -0.438043
v -0.130821 3.081608 -0.425640
v -0.072839 3.132355 -0.445215
v -0.067750 3.161581 -0.419381
v -0.040604 3.176437 -0.418958
v -0.032631 3.187811 -0.395343
v 0.003535 3.189607 -0.380388
v -0.000660 3.188114 -0.370975
v -0.007793 3.190030 -0.384144
v -0.001062 3.187751 -0.392827
v -0.096328 2.991493 -0.499509
v -0.080651 3.004076 -0.488678
v -0.057909 2.994996 -0.496898
v -0.074540 3.020913 -0.479261
v -0.056785 3.040257 -0.487945
v -0.068875 3.089339 -0.469565
v -0.049615 3.113819 -0.472462
v -0.047177 3.149916 -0.447925
v -0.029248 3.159839 -0.440499
v -0.021645 3.178635 -0.416087
v 0.003502 3.181607 -0.403653
v -0.005459 3.181735 -0.406496
v 0.000267 3.175074 -0.414211
v 0.004272 3.184435 -0.361337
v -0.007449 3.183961 -0.364932
v -0.048210 3.186618 -0.362526
v -0.091887 3.156867 -0.381492
v 0.016016 2.919243 -0.532310
v -0.008985 2.931757 -0.535589
v 0.014509 2.944460 -0.534337
v -0.005866 2.957855 -0.531667
v 0.013493 2.963904 -0.528565
v -0.004346 2.970002 -0.526373
v 0.013086 2.971822 -0.526461
v -0.004832 2.990765 -0.523732
v 0.009540 3.035464 -0.517598
v -0.007961 3.087679 -0.505394
v 0.004911 3.124743 -0.490209
v -0.006696 3.148199 -0.471190
v 0.003519 3.160555 -0.458545
v -0.002905 3.165777 -0.446957
v 0.003464 3.168722 -0.439771
v 0.000594 3.169828 -0.434025
v -0.004455 3.168709 -0.437783
v 0.003671 3.172631 -0.419189
v -0.002943 3.172060 -0.420828
v 0.001123 3.171626 -0.423545
v -0.016220 3.167642 -0.428980
v -0.037109 3.138793 -0.462975
v -0.049029 3.076634 -0.486425
v -0.049433 3.003583 -0.497535
v -0.227576 2.784302 -0.369503
v -0.220878 2.712755 -0.380998
v -0.200138 2.698486 -0.351916
v -0.128671 3.030950 -0.203206
v -0.134810 3.040976 -0.210643
v -0.148604 3.032048 -0.223783
v -0.154401 3.037758 -0.240966
v -0.162502 3.031400 -0.258130
v -0.121856 3.003690 -0.206635
v -0.128202 3.005580 -0.208682
v -0.149521 3.012080 -0.212851
v -0.167494 3.024384 -0.241693
v -0.177733 3.014165 -0.265035
v -0.170348 3.023060 -0.278118
v -0.180090 2.997872 -0.288586
v -0.182780 3.001300 -0.312059
v -0.178591 3.013350 -0.298394
v -0.179868 3.000304 -0.327303
v -0.178320 3.012117 -0.315755
v -0.171978 3.009769 -0.340815
v -0.172827 3.021085 -0.301426
v -0.168484 3.017995 -0.317583
v -0.165485 3.018796 -0.345176
v -0.007061 3.118651 -0.134126
v -0.009478 3.142874 -0.123267
v -0.016835 3.168994 -0.132658
v -0.019887 3.175000 -0.152803
v -0.022652 3.191399 -0.175720
v -0.023201 3.185156 -0.197982
v -0.023150 3.187670 -0.204281
v -0.022338 3.196204 -0.215015
v -0.024342 3.196870 -0.247309
v -0.024830 3.190489 -0.270081
v -0.028653 3.200710 -0.301508
v -0.029252 3.200401 -0.340793
v -0.023100 3.182118 -0.362695
v -0.021072 3.188208 -0.378395
v -0.015350 3.188941 -0.398921
v -0.009903 3.174507 -0.417471
v -0.007483 3.170705 -0.426647
v -0.001940 3.170505 -0.429721
v 0.003591 3.170874 -0.428259
v -0.169715 2.713326 -0.313960
v -0.141595 2.730826 -0.307187
v 0.002019 3.066888 -0.130103
v 0.002022 2.931142 -0.542456
v 0.002022 3.110028 -0.143923
v 0.002022 2.961737 -0.541303
v -0.150387 3.050154 -0.213504
v -0.172394 2.986264 -0.407546
v -0.109516 3.058973 -0.170725
v -0.057725 3.063940 -0.142775
v -0.147848 2.961748 -0.469189
v -0.059794 2.931535 -0.543273
v -0.110443 2.942102 -0.517302
v -0.055280 3.106487 -0.156098
v -0.101887 3.094041 -0.192269
v -0.140631 3.080646 -0.236699
v -0.167663 3.014252 -0.420058
v -0.144648 2.990492 -0.477081
v -0.106819 2.973854 -0.516230
v -0.057980 2.964058 -0.537355
v -0.167693 3.063602 -0.290846
v -0.177299 3.035520 -0.270790
v -0.176570 3.040459 -0.354710
v -0.183951 3.012462 -0.339326
v 0.154420 3.050071 -0.213732
v 0.176438 2.986264 -0.407546
v 0.113534 3.058791 -0.171135
v 0.061752 3.063761 -0.143179
v 0.151893 2.961748 -0.469189
v 0.063839 2.931535 -0.543273
v 0.114488 2.942102 -0.517302
v 0.059325 3.106487 -0.156098
v 0.105931 3.094041 -0.192269
v 0.144676 3.080646 -0.236699
v 0.171708 3.014252 -0.420058
v 0.148693 2.990492 -0.477081
v 0.110864 2.973854 -0.516230
v 0.062024 2.964058 -0.537355
v 0.171737 3.063602 -0.290846
v 0.181342 3.035507 -0.270830
v 0.180615 3.040459 -0.354710
v 0.187996 3.012462 -0.339326
v -0.109517 3.092903 -0.179134
v -0.150971 3.079520 -0.225940
v -0.157827 3.058093 -0.209640
v -0.114878 3.068259 -0.163995
v -0.179633 3.061883 -0.283903
v -0.186383 3.042149 -0.269809
v -0.154058 2.984259 -0.483507
v -0.114030 2.966083 -0.526611
v -0.116577 2.943770 -0.527365
v -0.156307 2.964060 -0.477961
v 0.002001 2.931945 -0.554016
v -0.063207 2.932706 -0.554031
v -0.061932 2.955561 -0.549872
v 0.002001 2.953445 -0.553206
v 0.002001 3.108408 -0.129262
v -0.059183 3.104761 -0.142258
v -0.060901 3.074862 -0.132896
v 0.001999 3.078092 -0.119550
v -0.178730 3.009583 -0.422230
v -0.182054 2.989915 -0.413438
v -0.188646 3.037363 -0.352441
v -0.193833 3.017689 -0.341630
v 0.113515 3.092870 -0.179208
v 0.118858 3.068099 -0.164356
v 0.161819 3.058019 -0.209841
v 0.154972 3.079506 -0.225981
v 0.190385 3.042137 -0.269844
v 0.183635 3.061881 -0.283910
v 0.158060 2.984259 -0.483507
v 0.160310 2.964060 -0.477961
v 0.120580 2.943770 -0.527365
v 0.118033 2.966083 -0.526611
v 0.065935 2.955561 -0.549872
v 0.067210 2.932706 -0.554031
v 0.064888 3.074704 -0.133251
v 0.063182 3.104729 -0.142330
v 0.182732 3.009583 -0.422230
v 0.186057 2.989915 -0.413438
v 0.192649 3.037363 -0.352441
v 0.197835 3.017689 -0.341630
v -0.122293 3.087435 -0.213656
v -0.114262 2.940508 -0.523175
v -0.131420 3.055160 -0.190220
v 0.002010 3.112566 -0.136605
v -0.156102 3.072850 -0.262357
v -0.057328 3.108916 -0.149211
v -0.166038 3.043815 -0.240384
v -0.127335 2.981269 -0.498986
v 0.156990 2.960766 -0.473599
v -0.130792 2.951086 -0.495336
v -0.110674 2.971939 -0.522113
v -0.029726 2.930809 -0.543994
v -0.060106 2.961788 -0.544076
v -0.028890 2.962176 -0.540736
v -0.145792 3.082451 -0.232378
v -0.027549 3.109330 -0.146787
v -0.173786 3.064872 -0.288466
v -0.028427 3.065972 -0.133687
v 0.064127 2.961788 -0.544076
v -0.079835 3.100897 -0.172172
v -0.084879 3.061718 -0.155089
v -0.157983 3.001685 -0.450344
v -0.161659 2.973594 -0.439601
v 0.114695 2.971939 -0.522113
v -0.083850 2.968020 -0.529158
v -0.086786 2.935356 -0.534070
v -0.174535 3.052692 -0.321983
v -0.178329 2.986113 -0.409928
v -0.183209 3.024823 -0.304345
v -0.174048 3.027420 -0.387781
v -0.180066 2.999395 -0.373952
v -0.190227 3.013216 -0.339414
v 0.135444 3.055024 -0.190549
v 0.118282 2.940508 -0.523175
v 0.126338 3.087435 -0.213656
v 0.170077 3.043775 -0.240506
v 0.065923 2.929593 -0.549935
v 0.160147 3.072850 -0.262357
v -0.182920 3.040930 -0.354643
v 0.134836 2.951086 -0.495336
v -0.173646 3.013818 -0.422313
v 0.131380 2.981269 -0.498986
v 0.032935 2.962176 -0.540736
v 0.177806 3.064872 -0.288467
v 0.033771 2.930809 -0.543994
v 0.032462 3.065867 -0.133924
v 0.149812 3.082449 -0.232383
v 0.031594 3.109330 -0.146787
v 0.088899 3.061517 -0.155539
v 0.083879 3.100897 -0.172172
v -0.155449 3.052267 -0.209417
v 0.165704 2.973594 -0.439601
v 0.162028 3.001685 -0.450344
v 0.090830 2.935356 -0.534070
v 0.087894 2.968020 -0.529158
v 0.178580 3.052692 -0.321983
v 0.187254 3.024821 -0.304350
v -0.113213 3.061492 -0.165123
v 0.178093 3.027420 -0.387781
v 0.184111 2.999395 -0.373952
v -0.131418 3.086399 -0.201469
v -0.155732 3.069318 -0.216693
v -0.137832 3.063718 -0.184999
v -0.113172 3.081192 -0.170075
v -0.167404 3.071516 -0.253359
v -0.184585 3.052384 -0.276262
v -0.174386 3.051112 -0.237918
v -0.135750 2.974225 -0.507487
v -0.116305 2.954469 -0.528521
v -0.138179 2.953014 -0.504922
v -0.156523 2.973866 -0.481874
v -0.031507 2.931730 -0.555271
v -0.063122 2.943584 -0.553697
v -0.030919 2.953773 -0.552981
v 0.001998 2.942134 -0.555371
v -0.029505 3.107630 -0.132427
v -0.060573 3.090501 -0.135798
v -0.030122 3.077160 -0.123221
v 0.001996 3.093969 -0.122515
v -0.085678 3.099437 -0.158627
v -0.089223 3.071904 -0.146622
v -0.168280 2.996242 -0.454653
v -0.170863 2.976501 -0.447104
v -0.181947 2.999672 -0.418439
v -0.089557 2.959736 -0.541002
v -0.091621 2.936781 -0.544454
v -0.186720 3.050355 -0.317344
v -0.192886 3.027686 -0.347038
v -0.192816 3.030770 -0.304949
v -0.185729 3.023535 -0.387777
v -0.189958 3.003841 -0.378060
v 0.117154 3.081095 -0.170294
v 0.141817 3.063598 -0.185290
v 0.159722 3.069273 -0.216815
v 0.135417 3.086374 -0.201527
v 0.178384 3.051077 -0.238025
v 0.188580 3.052377 -0.276283
v 0.171406 3.071509 -0.253380
v 0.160519 2.973866 -0.481874
v 0.142182 2.953014 -0.504922
v 0.120301 2.954469 -0.528521
v 0.139752 2.974225 -0.507487
v 0.034922 2.953773 -0.552981
v 0.067118 2.943584 -0.553697
v 0.035509 2.931730 -0.555271
v 0.034115 3.077068 -0.123430
v 0.064560 3.090405 -0.136013
v 0.033505 3.107611 -0.132469
v 0.093203 3.071727 -0.147018
v 0.089676 3.099401 -0.158707
v 0.185943 2.999672 -0.418439
v 0.174866 2.976501 -0.447104
v 0.172283 2.996242 -0.454653
v 0.095623 2.936781 -0.544454
v 0.093560 2.959736 -0.541002
v 0.190723 3.050354 -0.317345
v 0.196818 3.030769 -0.304953
v 0.196883 3.027686 -0.347038
v 0.189732 3.023535 -0.387777
v 0.193961 3.003841 -0.378060
v -0.061903 2.929593 -0.549935
v 0.186941 3.040930 -0.354643
v 0.177666 3.013818 -0.422313
v -0.149801 2.989220 -0.481411
v -0.183295 3.037073 -0.268614
v 0.153822 2.989220 -0.481411
v 0.182349 2.986113 -0.409928
v 0.194247 3.013216 -0.339414
v 0.002007 3.069861 -0.122924
v -0.059748 3.066799 -0.136023
v -0.152969 2.960766 -0.473599
v 0.002010 2.959430 -0.548055
v 0.063750 3.066618 -0.136432
v 0.187314 3.037060 -0.268653
v -0.105661 3.096206 -0.186449
v 0.002010 2.929144 -0.549195
v 0.061348 3.108912 -0.149220
v 0.159458 3.052182 -0.209648
v 0.117206 3.061309 -0.165537
v 0.109681 3.096202 -0.186458
v -0.167247 2.973006 -0.443051
v -0.029472 3.068918 -0.126616
v 0.190259 2.999698 -0.375202
v 0.135916 2.979646 -0.504168
v 0.184865 3.053589 -0.320734
v -0.171637 3.045676 -0.237199
v -0.163608 3.000814 -0.453686
v 0.184301 3.027440 -0.388891
v -0.180844 3.053589 -0.320734
v -0.089802 2.933549 -0.540436
v -0.028603 3.111839 -0.139583
v 0.139338 2.949768 -0.500555
v -0.086896 2.965883 -0.535574
v -0.161802 3.074418 -0.258949
v 0.090916 2.965883 -0.535574
v -0.186238 2.999698 -0.375202
v 0.093822 2.933549 -0.540436
v -0.180281 3.027440 -0.388891
v 0.165822 3.074417 -0.258952
v -0.135841 3.057485 -0.185334
v -0.135791 3.075622 -0.191928
v -0.172369 3.061762 -0.244778
v -0.138150 2.963236 -0.507561
v -0.031499 2.942190 -0.555890
v -0.030087 3.093107 -0.125962
v -0.088214 3.086325 -0.150973
v -0.171034 2.986181 -0.451764
v -0.091380 2.947744 -0.544396
v -0.191402 3.040833 -0.310844
v -0.189462 3.013731 -0.383226
v 0.139776 3.075550 -0.192105
v 0.176363 3.061740 -0.244843
v 0.142146 2.963236 -0.507561
v 0.035495 2.942190 -0.555890
v 0.034078 3.093051 -0.126089
v 0.092197 3.086217 -0.151214
v 0.175030 2.986181 -0.451764
v 0.095376 2.947744 -0.544396
v 0.195398 3.040832 -0.310846
v 0.193458 3.013731 -0.383226
v -0.131895 2.979646 -0.504168
v 0.034010 2.959867 -0.547515
v -0.189430 3.026001 -0.303274
v 0.033482 3.068813 -0.126856
v 0.193451 3.026000 -0.303279
v -0.082789 3.103207 -0.165757
v 0.171268 2.973006 -0.443051
v -0.135317 2.949768 -0.500555
v 0.034838 2.928817 -0.550740
v -0.087782 3.064425 -0.148847
v 0.167629 3.000814 -0.453686
v 0.032623 3.111837 -0.139588
v 0.139841 3.057348 -0.185667
v 0.091778 3.064221 -0.149302
v -0.030817 2.928817 -0.550740
v 0.086809 3.103203 -0.165767
v 0.130826 3.089431 -0.208540
v -0.029990 2.959867 -0.547515
v -0.126806 3.089434 -0.208533
v 0.175652 3.045635 -0.237322
v -0.068680 3.013242 -0.144968
v -0.101083 3.010387 -0.158535
v -0.040812 3.005576 -0.146901
v -0.114504 2.991972 -0.177139
v -0.070039 3.018854 -0.144968
v -0.102442 3.015999 -0.158535
v -0.042060 3.010727 -0.146901
v -0.115752 2.997124 -0.177139
v -0.046492 3.008423 -0.146477
v -0.053677 3.011135 -0.145980
v -0.061315 3.012567 -0.145501
v -0.077379 3.013678 -0.148463
v -0.085484 3.013489 -0.151870
v -0.093388 3.012492 -0.155230
v -0.105177 3.006676 -0.163743
v -0.109057 3.002155 -0.168800
v -0.112457 2.996762 -0.173578
v -0.047851 3.014034 -0.146477
v -0.055036 3.016747 -0.145980
v -0.062675 3.018179 -0.145501
v -0.078738 3.019289 -0.148463
v -0.086844 3.019101 -0.151870
v -0.094747 3.018104 -0.155230
v -0.106537 3.012288 -0.163743
v -0.110417 3.007766 -0.168800
v -0.113817 3.002374 -0.173578
v -0.115809 2.994942 -0.177813
v -0.115469 2.993539 -0.177813
v -0.115129 2.992136 -0.177813
v -0.101423 3.011790 -0.158535
v -0.101762 3.013193 -0.158535
v -0.102102 3.014596 -0.158535
v -0.069699 3.017451 -0.144969
v -0.069359 3.016048 -0.144969
v -0.069019 3.014645 -0.144969
v -0.039980 3.006107 -0.146985
v -0.040320 3.007510 -0.146985
v -0.040660 3.008914 -0.146985
v -0.061655 3.013970 -0.145501
v -0.061995 3.015373 -0.145501
v -0.062335 3.016776 -0.145501
v -0.054016 3.012538 -0.145980
v -0.054356 3.013941 -0.145980
v -0.054696 3.015344 -0.145980
v -0.046832 3.009825 -0.146477
v -0.047172 3.011228 -0.146477
v -0.047512 3.012631 -0.146477
v -0.077719 3.015081 -0.148463
v -0.078059 3.016484 -0.148463
v -0.078399 3.017887 -0.148463
v -0.085824 3.014892 -0.151870
v -0.086164 3.016294 -0.151870
v -0.086504 3.017698 -0.151870
v -0.093728 3.013895 -0.155230
v -0.094068 3.015298 -0.155230
v -0.094408 3.016701 -0.155230
v -0.112797 2.998165 -0.173578
v -0.113137 2.999568 -0.173578
v -0.113477 3.000971 -0.173578
v -0.109397 3.003558 -0.168800
v -0.109737 3.004961 -0.168800
v -0.110077 3.006363 -0.168800
v -0.105517 3.008079 -0.163743
v -0.105857 3.009482 -0.163743
v -0.106197 3.010885 -0.163743
v -0.065035 3.012953 -0.145241
v -0.097255 3.011533 -0.156887
v -0.113683 2.993951 -0.175658
v -0.066394 3.018565 -0.145241
v -0.098614 3.017146 -0.156887
v -0.115028 2.999504 -0.175658
v -0.114923 2.991592 -0.177728
v -0.102272 3.015298 -0.158535
v -0.068850 3.013944 -0.144968
v -0.040965 3.009667 -0.146974
v -0.043195 3.006745 -0.146720
v -0.050018 3.009940 -0.146225
v -0.057486 3.011989 -0.145743
v -0.073085 3.013508 -0.146724
v -0.081487 3.013672 -0.150176
v -0.089456 3.013125 -0.153556
v -0.103146 3.008594 -0.161150
v -0.107150 3.004533 -0.166294
v -0.110870 2.999559 -0.171248
v -0.044541 3.012299 -0.146720
v -0.051377 3.015552 -0.146225
v -0.058846 3.017601 -0.145743
v -0.074444 3.019121 -0.146724
v -0.082847 3.019284 -0.150176
v -0.090815 3.018737 -0.153556
v -0.104505 3.014206 -0.161150
v -0.108510 3.010144 -0.166294
v -0.112230 3.005171 -0.171248
v -0.115928 2.995742 -0.177728
v -0.115639 2.994240 -0.177813
v -0.115299 2.992837 -0.177813
v -0.101253 3.011089 -0.158535
v -0.101593 3.012492 -0.158535
v -0.101932 3.013895 -0.158535
v -0.069869 3.018153 -0.144968
v -0.069529 3.016750 -0.144968
v -0.069189 3.015347 -0.144968
v -0.039959 3.005516 -0.146974
v -0.040150 3.006809 -0.146985
v -0.040490 3.008212 -0.146985
v -0.062505 3.017477 -0.145501
v -0.061485 3.013268 -0.145501
v -0.061825 3.014671 -0.145501
v -0.062165 3.016074 -0.145501
v -0.054866 3.016045 -0.145980
v -0.053847 3.011837 -0.145980
v -0.054186 3.013239 -0.145980
v -0.054526 3.014642 -0.145980
v -0.047681 3.013333 -0.146477
v -0.046662 3.009124 -0.146477
v -0.047002 3.010527 -0.146477
v -0.047342 3.011930 -0.146477
v -0.065375 3.014356 -0.145241
v -0.065715 3.015759 -0.145241
v -0.066054 3.017162 -0.145241
v -0.057826 3.013393 -0.145743
v -0.058166 3.014796 -0.145743
v -0.058506 3.016198 -0.145743
v -0.050358 3.011344 -0.146225
v -0.050697 3.012746 -0.146225
v -0.051037 3.014150 -0.146225
v -0.043387 3.008038 -0.146730
v -0.043726 3.009440 -0.146730
v -0.044066 3.010844 -0.146730
v -0.078568 3.018588 -0.148463
v -0.077549 3.014379 -0.148463
v -0.077889 3.015782 -0.148463
v -0.078229 3.017185 -0.148463
v -0.086674 3.018400 -0.151870
v -0.085654 3.014190 -0.151870
v -0.085994 3.015594 -0.151870
v -0.086334 3.016996 -0.151870
v -0.094577 3.017403 -0.155230
v -0.093558 3.013194 -0.155230
v -0.093898 3.014596 -0.155230
v -0.094238 3.016000 -0.155230
v -0.073425 3.014911 -0.146724
v -0.073765 3.016314 -0.146724
v -0.074105 3.017717 -0.146724
v -0.081827 3.015075 -0.150176
v -0.082167 3.016478 -0.150176
v -0.082507 3.017881 -0.150176
v -0.089796 3.014528 -0.153556
v -0.090136 3.015931 -0.153556
v -0.090475 3.017334 -0.153556
v -0.097595 3.012937 -0.156887
v -0.097935 3.014339 -0.156887
v -0.098274 3.015742 -0.156887
v -0.113647 3.001672 -0.173578
v -0.112627 2.997464 -0.173578
v -0.112967 2.998867 -0.173578
v -0.113307 3.000269 -0.173578
v -0.110247 3.007065 -0.168800
v -0.109227 3.002856 -0.168800
v -0.109567 3.004259 -0.168800
v -0.109907 3.005662 -0.168800
v -0.106367 3.011586 -0.163743
v -0.105347 3.007377 -0.163743
v -0.105687 3.008781 -0.163743
v -0.106027 3.010184 -0.163743
v -0.114059 2.995197 -0.175743
v -0.114399 2.996599 -0.175743
v -0.114739 2.998002 -0.175744
v -0.111210 3.000962 -0.171248
v -0.111550 3.002365 -0.171248
v -0.111890 3.003767 -0.171248
v -0.107490 3.005935 -0.166294
v -0.107830 3.007339 -0.166294
v -0.108170 3.008741 -0.166294
v -0.103486 3.009997 -0.161150
v -0.103826 3.011400 -0.161150
v -0.104166 3.012803 -0.161150
v -0.104336 3.013505 -0.161150
v -0.098444 3.016444 -0.156888
v -0.044259 3.011553 -0.146729
v -0.066224 3.017863 -0.145241
v -0.058676 3.016900 -0.145743
v -0.051207 3.014851 -0.146225
v -0.065205 3.013654 -0.145241
v -0.065545 3.015058 -0.145241
v -0.065885 3.016461 -0.145241
v -0.057656 3.012691 -0.145743
v -0.057996 3.014093 -0.145743
v -0.058336 3.015497 -0.145743
v -0.050188 3.010642 -0.146225
v -0.050528 3.012044 -0.146225
v -0.050867 3.013448 -0.146225
v -0.043241 3.007355 -0.146729
v -0.043557 3.008739 -0.146730
v -0.043896 3.010142 -0.146730
v -0.074274 3.018419 -0.146724
v -0.082677 3.018583 -0.150176
v -0.090645 3.018035 -0.153557
v -0.073255 3.014210 -0.146724
v -0.073595 3.015613 -0.146724
v -0.073935 3.017016 -0.146724
v -0.081657 3.014373 -0.150176
v -0.081997 3.015776 -0.150176
v -0.082337 3.017179 -0.150176
v -0.089626 3.013826 -0.153556
v -0.089966 3.015229 -0.153557
v -0.090306 3.016632 -0.153556
v -0.097425 3.012235 -0.156887
v -0.097765 3.013638 -0.156887
v -0.098105 3.015041 -0.156887
v -0.114900 2.998720 -0.175729
v -0.112060 3.004469 -0.171248
v -0.108340 3.009443 -0.166294
v -0.113883 2.994521 -0.175729
v -0.114229 2.995897 -0.175744
v -0.114569 2.997301 -0.175744
v -0.111040 3.000260 -0.171248
v -0.111380 3.001663 -0.171248
v -0.111720 3.003066 -0.171248
v -0.107320 3.005234 -0.166294
v -0.107660 3.006637 -0.166294
v -0.108000 3.008039 -0.166294
v -0.103316 3.009296 -0.161150
v -0.103656 3.010698 -0.161150
v -0.103996 3.012102 -0.161150
v 0.066998 3.013242 -0.144968
v 0.099401 3.010387 -0.158535
v 0.039130 3.005576 -0.146901
v 0.112823 2.991972 -0.177139
v 0.068358 3.018854 -0.144968
v 0.100761 3.015999 -0.158535
v 0.040378 3.010727 -0.146901
v 0.114071 2.997124 -0.177139
v 0.044811 3.008423 -0.146477
v 0.051995 3.011135 -0.145980
v 0.059634 3.012567 -0.145501
v 0.075698 3.013678 -0.148463
v 0.083803 3.013489 -0.151870
v 0.091707 3.012492 -0.155230
v 0.103496 3.006676 -0.163743
v 0.107376 3.002155 -0.168800
v 0.110776 2.996762 -0.173578
v 0.046170 3.014034 -0.146477
v 0.053355 3.016747 -0.145980
v 0.060993 3.018179 -0.145501
v 0.077057 3.019289 -0.148463
v 0.085163 3.019101 -0.151870
v 0.093066 3.018104 -0.155230
v 0.104856 3.012288 -0.163743
v 0.108735 3.007766 -0.168800
v 0.112135 3.002374 -0.173578
v 0.114127 2.994942 -0.177813
v 0.113787 2.993539 -0.177813
v 0.113448 2.992136 -0.177813
v 0.099741 3.011790 -0.158535
v 0.100081 3.013193 -0.158535
v 0.100421 3.014596 -0.158535
v 0.068018 3.017451 -0.144969
v 0.067678 3.016048 -0.144969
v 0.067338 3.014645 -0.144969
v 0.038299 3.006107 -0.146985
v 0.038639 3.007510 -0.146985
v 0.038979 3.008914 -0.146985
v 0.059974 3.013970 -0.145501
v 0.060314 3.015373 -0.145501
v 0.060653 3.016776 -0.145501
v 0.052335 3.012538 -0.145980
v 0.052675 3.013941 -0.145980
v 0.053015 3.015344 -0.145980
v 0.045150 3.009825 -0.146477
v 0.045490 3.011228 -0.146477
v 0.045830 3.012631 -0.146477
v 0.076037 3.015081 -0.148463
v 0.076377 3.016484 -0.148463
v 0.076717 3.017887 -0.148463
v 0.084143 3.014892 -0.151870
v 0.084483 3.016294 -0.151870
v 0.084823 3.017698 -0.151870
v 0.092046 3.013895 -0.155230
v 0.092386 3.015298 -0.155230
v 0.092726 3.016701 -0.155230
v 0.111116 2.998165 -0.173578
v 0.111456 2.999568 -0.173578
v 0.111796 3.000971 -0.173578
v 0.107716 3.003558 -0.168800
v 0.108056 3.004961 -0.168800
v 0.108395 3.006363 -0.168800
v 0.103836 3.008079 -0.163743
v 0.104176 3.009482 -0.163743
v 0.104516 3.010885 -0.163743
v 0.063354 3.012953 -0.145241
v 0.095574 3.011533 -0.156887
v 0.112002 2.993951 -0.175658
v 0.064713 3.018565 -0.145241
v 0.096933 3.017146 -0.156887
v 0.113347 2.999504 -0.175658
v 0.113241 2.991592 -0.177728
v 0.100591 3.015298 -0.158535
v 0.067168 3.013944 -0.144968
v 0.039283 3.009667 -0.146974
v 0.041514 3.006745 -0.146720
v 0.048336 3.009940 -0.146225
v 0.055805 3.011989 -0.145743
v 0.071404 3.013508 -0.146724
v 0.079806 3.013672 -0.150176
v 0.087775 3.013125 -0.153556
v 0.101465 3.008594 -0.161150
v 0.105469 3.004533 -0.166294
v 0.109189 2.999559 -0.171248
v 0.042859 3.012299 -0.146720
v 0.049696 3.015552 -0.146225
v 0.057164 3.017601 -0.145743
v 0.072763 3.019121 -0.146724
v 0.081166 3.019284 -0.150176
v 0.089134 3.018737 -0.153556
v 0.102824 3.014206 -0.161150
v 0.106828 3.010144 -0.166294
v 0.110548 3.005171 -0.171248
v 0.114247 2.995742 -0.177728
v 0.113957 2.994240 -0.177813
v 0.113617 2.992837 -0.177813
v 0.099571 3.011089 -0.158535
v 0.099911 3.012492 -0.158535
v 0.100251 3.013895 -0.158535
v 0.068188 3.018153 -0.144968
v 0.067848 3.016750 -0.144968
v 0.067508 3.015347 -0.144968
v 0.038278 3.005516 -0.146974
v 0.038469 3.006809 -0.146985
v 0.038809 3.008212 -0.146985
v 0.060823 3.017477 -0.145501
v 0.059804 3.013268 -0.145501
v 0.060144 3.014671 -0.145501
v 0.060484 3.016074 -0.145501
v 0.053185 3.016045 -0.145980
v 0.052165 3.011837 -0.145980
v 0.052505 3.013239 -0.145980
v 0.052845 3.014642 -0.145980
v 0.046000 3.013333 -0.146477
v 0.044981 3.009124 -0.146477
v 0.045320 3.010527 -0.146477
v 0.045660 3.011930 -0.146477
v 0.063693 3.014356 -0.145241
v 0.064033 3.015759 -0.145241
v 0.064373 3.017162 -0.145241
v 0.056145 3.013393 -0.145743
v 0.056485 3.014796 -0.145743
v 0.056825 3.016198 -0.145743
v 0.048676 3.011344 -0.146225
v 0.049016 3.012746 -0.146225
v 0.049356 3.014150 -0.146225
v 0.041705 3.008038 -0.146730
v 0.042045 3.009440 -0.146730
v 0.042385 3.010844 -0.146730
v 0.076887 3.018588 -0.148463
v 0.075868 3.014379 -0.148463
v 0.076207 3.015782 -0.148463
v 0.076547 3.017185 -0.148463
v 0.084993 3.018400 -0.151870
v 0.083973 3.014190 -0.151870
v 0.084313 3.015594 -0.151870
v 0.084653 3.016996 -0.151870
v 0.092896 3.017403 -0.155230
v 0.091877 3.013194 -0.155230
v 0.092216 3.014596 -0.155230
v 0.092556 3.016000 -0.155230
v 0.071743 3.014911 -0.146724
v 0.072083 3.016314 -0.146724
v 0.072423 3.017717 -0.146724
v 0.080146 3.015075 -0.150176
v 0.080486 3.016478 -0.150176
v 0.080826 3.017881 -0.150176
v 0.088114 3.014528 -0.153556
v 0.088454 3.015931 -0.153556
v 0.088794 3.017334 -0.153556
v 0.095913 3.012937 -0.156887
v 0.096253 3.014339 -0.156887
v 0.096593 3.015742 -0.156887
v 0.111965 3.001672 -0.173578
v 0.110946 2.997464 -0.173578
v 0.111286 2.998867 -0.173578
v 0.111626 3.000269 -0.173578
v 0.108565 3.007065 -0.168800
v 0.107546 3.002856 -0.168800
v 0.107886 3.004259 -0.168800
v 0.108226 3.005662 -0.168800
v 0.104686 3.011586 -0.163743
v 0.103666 3.007377 -0.163743
v 0.104006 3.008781 -0.163743
v 0.104346 3.010184 -0.163743
v 0.112378 2.995197 -0.175743
v 0.112717 2.996599 -0.175743
v 0.113057 2.998002 -0.175744
v 0.109529 3.000962 -0.171248
v 0.109869 3.002365 -0.171248
v 0.110208 3.003767 -0.171248
v 0.105809 3.005935 -0.166294
v 0.106149 3.007339 -0.166294
v 0.106488 3.008741 -0.166294
v 0.101805 3.009997 -0.161150
v 0.102144 3.011400 -0.161150
v 0.102484 3.012803 -0.161150
v 0.102654 3.013505 -0.161150
v 0.096763 3.016444 -0.156888
v 0.042577 3.011553 -0.146729
v 0.064543 3.017863 -0.145241
v 0.056994 3.016900 -0.145743
v 0.049526 3.014851 -0.146225
v 0.063523 3.013654 -0.145241
v 0.063863 3.015058 -0.145241
v 0.064203 3.016461 -0.145241
v 0.055975 3.012691 -0.145743
v 0.056315 3.014093 -0.145743
v 0.056655 3.015497 -0.145743
v 0.048506 3.010642 -0.146225
v 0.048846 3.012044 -0.146225
v 0.049186 3.013448 -0.146225
v 0.041560 3.007355 -0.146729
v 0.041875 3.008739 -0.146730
v 0.042215 3.010142 -0.146730
v 0.072593 3.018419 -0.146724
v 0.080996 3.018583 -0.150176
v 0.088964 3.018035 -0.153557
v 0.071574 3.014210 -0.146724
v 0.071913 3.015613 -0.146724
v 0.072253 3.017016 -0.146724
v 0.079976 3.014373 -0.150176
v 0.080316 3.015776 -0.150176
v 0.080656 3.017179 -0.150176
v 0.087944 3.013826 -0.153556
v 0.088284 3.015229 -0.153557
v 0.088624 3.016632 -0.153556
v 0.095743 3.012235 -0.156887
v 0.096083 3.013638 -0.156887
v 0.096423 3.015041 -0.156887
v 0.113219 2.998720 -0.175729
v 0.110378 3.004469 -0.171248
v 0.106658 3.009443 -0.166294
v 0.112202 2.994521 -0.175729
v 0.112548 2.995897 -0.175744
v 0.112887 2.997301 -0.175744
v 0.109359 3.000260 -0.171248
v 0.109699 3.001663 -0.171248
v 0.110038 3.003066 -0.171248
v 0.105639 3.005234 -0.166294
v 0.105979 3.006637 -0.166294
v 0.106319 3.008039 -0.166294
v 0.101635 3.009296 -0.161150
v 0.101974 3.010698 -0.161150
v 0.102314 3.012102 -0.161150
v -0.024085 2.838899 -0.141723
v -0.039525 2.841695 -0.146861
v -0.026778 2.850450 -0.133682
v -0.024762 2.845346 -0.135381
v -0.046842 2.841801 -0.152135
v -0.047216 2.835620 -0.152652
v -0.013710 2.837442 -0.135972
v -0.006034 2.833388 -0.133807
v -0.018018 2.835541 -0.136720
v 0.004352 2.833388 -0.133807
v -0.014760 2.847860 -0.127809
v -0.007110 2.846031 -0.125556
v 0.005428 2.846031 -0.125556
v -0.040883 2.839856 -0.154197
v -0.029118 2.839663 -0.146911
v -0.043680 2.837999 -0.152597
v -0.032076 2.836469 -0.145666
v -0.023419 2.825004 -0.135852
v -0.008337 2.822009 -0.130802
v 0.006656 2.822009 -0.130802
v 0.037313 2.839780 -0.150078
v 0.022404 2.838899 -0.141723
v 0.039162 2.843980 -0.146563
v 0.037844 2.841696 -0.146861
v 0.025097 2.850450 -0.133682
v 0.023081 2.845346 -0.135381
v 0.045160 2.841801 -0.152135
v 0.012029 2.837442 -0.135972
v 0.014116 2.839138 -0.140667
v 0.016337 2.835541 -0.136720
v 0.013079 2.847860 -0.127809
v 0.039202 2.839856 -0.154197
v 0.041999 2.837999 -0.152597
v 0.030395 2.836469 -0.145666
v 0.044786 2.838990 -0.155485
v 0.035908 2.829737 -0.146247
v 0.021737 2.825004 -0.135852
v 0.001587 1.724892 -0.539220
v 0.001587 1.350724 -0.569408
v 0.001587 0.976556 -0.639971
v 0.001587 0.602388 -0.695438
v 0.288009 1.724892 -0.501428
v 0.354379 1.350724 -0.525563
v 0.432415 0.976556 -0.588595
v 0.514556 0.602388 -0.636087
v 0.591048 0.602388 -0.541764
v 0.495540 0.976556 -0.508879
v 0.404774 1.350724 -0.459709
v 0.327317 1.724892 -0.447249
v 0.647352 0.602388 -0.261418
v 0.539583 0.976556 -0.273755
v 0.437075 1.350724 -0.267558
v 0.348879 1.724892 -0.291722
v 0.250585 0.602388 0.147956
v 0.210110 0.976556 0.069562
v 0.171641 1.350724 0.012990
v 0.138783 1.724892 -0.064677
v 0.001587 0.602388 0.144974
v 0.001587 0.976556 0.066336
v 0.001587 1.350724 0.009512
v 0.001587 1.724892 -0.068537
v 0.298182 1.724892 -0.153863
v 0.371268 1.350724 -0.096993
v 0.456529 0.976556 -0.064854
v 0.546200 0.602388 -0.012176
v 0.197370 1.724892 -0.078398
v 0.244670 1.350724 -0.004820
v 0.299986 0.976556 0.047083
v 0.358178 0.602388 0.120578
v 0.347792 1.724892 -0.373256
v 0.434268 1.350724 -0.368711
v 0.534980 0.976556 -0.397864
v 0.640883 0.602388 -0.409677
v 0.609602 0.602388 -0.123432
v 0.509178 0.976556 -0.158122
v 0.413685 1.350724 -0.173168
v 0.331757 1.724892 -0.215460
v 0.454095 0.602388 0.061024
v 0.380001 0.976556 -0.003016
v 0.309564 1.350724 -0.045939
v 0.249278 1.724892 -0.111898
v 0.233073 1.724892 -0.531082
v 0.284723 1.350724 -0.559018
v 0.345757 0.976556 -0.626992
v 0.410037 0.602388 -0.679738
v 0.294340 0.602388 -0.693712
v 0.249250 0.976556 -0.639619
v 0.206464 1.350724 -0.570391
v 0.170489 1.724892 -0.541594
v -0.284834 1.724892 -0.501428
v -0.351205 1.350724 -0.525563
v -0.429240 0.976556 -0.588595
v -0.511381 0.602388 -0.636087
v -0.587873 0.602388 -0.541764
v -0.492366 0.976556 -0.508879
v -0.401599 1.350724 -0.459709
v -0.324142 1.724892 -0.447248
v -0.644177 0.602388 -0.261418
v -0.536408 0.976556 -0.273755
v -0.433901 1.350724 -0.267558
v -0.345705 1.724892 -0.291722
v -0.247410 0.602388 0.147956
v -0.206935 0.976556 0.069562
v -0.168466 1.350724 0.012990
v -0.135608 1.724892 -0.064677
v -0.295007 1.724892 -0.153863
v -0.368093 1.350724 -0.096993
v -0.453354 0.976556 -0.064853
v -0.543025 0.602388 -0.012175
v -0.194196 1.724892 -0.078397
v -0.241495 1.350724 -0.004820
v -0.296811 0.976556 0.047083
v -0.355003 0.602388 0.120578
v -0.344617 1.724892 -0.373256
v -0.431093 1.350724 -0.368711
v -0.531805 0.976556 -0.397864
v -0.637708 0.602388 -0.409677
v -0.606427 0.602388 -0.123432
v -0.506003 0.976556 -0.158122
v -0.410511 1.350724 -0.173168
v -0.328582 1.724892 -0.215460
v -0.450920 0.602388 0.061024
v -0.376826 0.976556 -0.003016
v -0.306389 1.350724 -0.045939
v -0.246103 1.724892 -0.111898
v -0.229898 1.724892 -0.531081
v -0.281548 1.350724 -0.559018
v -0.342583 0.976556 -0.626992
v -0.406862 0.602388 -0.679738
v -0.291165 0.602388 -0.693712
v -0.246075 0.976556 -0.639619
v -0.203289 1.350724 -0.570391
v -0.167314 1.724892 -0.541594
vn 0.3418 0.7156 -0.6092
vn 0.3153 0.7433 -0.5900
vn 0.5324 0.7768 -0.3364
vn 0.4120 0.4177 -0.8098
vn 0.0890 0.6677 0.7391
vn 0.1161 0.6421 0.7578
vn 0.0944 0.7499 0.6548
vn 0.1198 0.6614 0.7404
vn 0.0494 -0.4137 -0.9091
vn 0.6585 -0.2070 -0.7236
vn 0.5063 0.0535 -0.8607
vn 0.2601 0.0494 -0.9643
vn -0.1068 -0.0386 -0.9935
vn 0.0551 -0.0262 -0.9981
vn 0.0791 -0.2361 -0.9685
vn -0.0000 -0.3077 -0.9515
vn 0.3649 0.3521 -0.8619
vn 0.3216 0.0116 -0.9468
vn 0.2311 0.2210 -0.9475
vn 0.0299 -0.1064 0.9939
vn 0.0734 -0.0020 0.9973
vn 0.3690 -0.0033 0.9294
vn 0.3151 -0.1521 0.9368
vn -0.1376 0.1288 -0.9821
vn 0.0234 0.1526 -0.9880
vn -0.1387 0.4149 -0.8992
vn -0.0336 0.4222 -0.9059
vn 0.0033 0.3028 -0.9530
vn -0.0000 0.1520 -0.9884
vn 0.2796 0.8199 0.4997
vn 0.4836 0.7089 0.5135
vn 0.2484 0.7234 0.6442
vn 0.1353 0.8406 0.5245
vn 0.0099 0.2406 -0.9706
vn 0.1881 0.3285 -0.9256
vn 0.3587 -0.2064 -0.9104
vn 0.9697 -0.2254 0.0939
vn 0.9709 -0.2047 0.1243
vn 0.9702 -0.1930 0.1463
vn 0.9677 -0.2502 0.0300
vn 0.9375 -0.2021 0.2834
vn 0.9653 -0.2180 0.1439
vn 0.9960 -0.0880 -0.0165
vn 0.9754 -0.0935 0.1996
vn 0.9826 -0.1300 0.1325
vn 0.9872 -0.1554 -0.0363
vn 0.9558 -0.2939 0.0063
vn 0.7029 -0.3273 -0.6315
vn 0.3449 -0.3719 -0.8618
vn 0.9453 -0.2617 -0.1946
vn 0.9329 -0.3143 -0.1758
vn 0.6928 -0.4123 -0.5917
vn 0.9728 -0.1801 0.1456
vn 0.0896 -0.3835 -0.9192
vn 0.0677 0.0976 -0.9929
vn -0.0000 -0.0155 -0.9999
vn -0.1259 -0.2423 -0.9620
vn 0.0617 -0.2584 -0.9641
vn -0.0000 -0.4791 -0.8777
vn -0.0519 -0.3789 -0.9240
vn 0.0935 -0.4384 -0.8939
vn -0.0000 0.0797 -0.9968
vn -0.0000 -0.4739 -0.8806
vn -0.0658 -0.4384 -0.8964
vn 0.0841 -0.4293 -0.8993
vn 0.0655 -0.3710 -0.9263
vn 0.7055 -0.4153 -0.5743
vn 0.7287 -0.3843 -0.5668
vn 0.3511 -0.3804 -0.8556
vn 0.3400 -0.4258 -0.8385
vn 0.3324 -0.4406 -0.8339
vn 0.9122 -0.3071 0.2711
vn 0.7295 -0.4029 0.5526
vn 0.7610 -0.2227 0.6093
vn 0.9217 -0.1912 0.3374
vn 0.9236 -0.3401 -0.1768
vn 0.5812 -0.7024 0.4110
vn 0.1615 -0.7306 0.6634
vn 0.2646 -0.6632 0.7001
vn 0.6288 -0.6532 0.4219
vn 0.2143 -0.1960 0.9569
vn 0.5763 -0.1796 0.7972
vn 0.5290 -0.2309 0.8166
vn 0.9279 -0.1645 0.3346
vn 0.7709 -0.1832 0.6101
vn 0.9265 0.1192 -0.3568
vn 0.7082 0.1025 -0.6985
vn 0.7384 -0.3047 -0.6016
vn 0.9340 -0.2501 -0.2553
vn 0.5887 0.1758 0.7890
vn 0.7434 0.2073 0.6360
vn 0.7824 0.0352 0.6218
vn 0.6025 0.0057 0.7981
vn 0.0610 0.5471 -0.8349
vn 0.2672 0.7132 -0.6480
vn 0.2860 0.6756 -0.6795
vn 0.0994 0.5004 -0.8600
vn 0.8591 -0.4874 0.1564
vn 0.2782 0.0867 0.9566
vn 0.5036 -0.2395 0.8301
vn 0.6761 -0.1950 0.7105
vn 0.6771 0.1248 0.7252
vn 0.4365 -0.4197 0.7958
vn -0.0449 -0.1403 0.9891
vn 0.9796 -0.1661 0.1132
vn 0.9803 -0.1943 -0.0347
vn 0.2518 0.4242 0.8698
vn 0.6169 0.4171 0.6674
vn 0.6326 -0.5216 0.5725
vn 0.4390 -0.5659 0.6978
vn -0.2315 -0.4783 0.8471
vn -0.2531 -0.5771 0.7764
vn -0.0709 -0.5450 0.8355
vn 0.8479 -0.5095 0.1467
vn 0.9600 -0.2800 -0.0042
vn 0.9926 -0.1152 -0.0394
vn -0.1487 -0.5209 0.8405
vn 0.9812 -0.1537 0.1168
vn 0.8867 -0.3533 0.2983
vn -0.0000 0.9741 0.2262
vn -0.2667 0.8581 0.4388
vn -0.1708 0.8620 0.4772
vn -0.1664 0.8481 0.5030
vn 0.8914 -0.0879 0.4445
vn -0.5318 0.2891 0.7960
vn -0.4243 0.3172 0.8481
vn -0.3959 0.5471 0.7375
vn -0.5126 0.5349 0.6716
vn -0.5483 0.0054 0.8363
vn -0.4366 0.0622 0.8975
vn -0.0147 -0.2686 0.9631
vn -0.1708 -0.2381 0.9561
vn 0.9957 0.0127 0.0917
vn 0.9551 0.1321 0.2652
vn 0.9621 -0.0077 0.2725
vn 0.8705 0.1578 0.4662
vn -0.4817 -0.2746 0.8322
vn -0.4076 -0.1622 0.8986
vn 0.9826 0.1246 0.1376
vn 0.9206 0.2647 0.2870
vn -0.1459 0.6309 0.7620
vn -0.1575 0.3780 0.9123
vn 0.1695 0.6909 0.7028
vn 0.8203 0.3577 0.4464
vn 0.9995 -0.0276 -0.0124
vn 0.0439 0.9458 0.3217
vn -0.0899 0.9098 0.4052
vn -0.1641 0.8810 0.4438
vn -0.0973 0.9397 0.3280
vn 0.9819 -0.1244 0.1430
vn 0.9378 0.1222 0.3249
vn 0.8312 0.3866 0.3996
vn 0.4715 0.6667 0.5772
vn 0.9231 -0.3304 -0.1969
vn -0.4936 -0.3496 0.7963
vn -0.5425 -0.1207 0.8313
vn -0.4239 -0.3475 0.8364
vn -0.5662 -0.0647 0.8217
vn -0.1558 0.0751 0.9849
vn -0.5430 0.5620 0.6240
vn -0.5688 0.2795 0.7736
vn -0.2755 0.8293 0.4862
vn -0.1820 0.7908 0.5843
vn 0.0393 0.8377 0.5447
vn -0.0767 0.8685 0.4897
vn -0.3605 0.6996 0.6170
vn -0.5620 0.2573 0.7861
vn -0.4646 0.7257 0.5075
vn -0.4332 0.7252 0.5352
vn -0.5127 0.5900 0.6237
vn -0.0000 0.7162 0.6978
vn -0.1180 0.7374 0.6651
vn -0.2326 0.7383 0.6331
vn -0.1734 0.6774 0.7149
vn -0.1080 0.7087 0.6972
vn -0.1110 0.6843 0.7207
vn -0.3132 0.7951 0.5193
vn -0.1001 0.8013 0.5899
vn -0.4330 0.7222 0.5394
vn -0.2925 0.7289 0.6190
vn -0.0654 0.6624 0.7463
vn -0.1137 0.5981 0.7933
vn -0.0000 0.6179 0.7862
vn -0.1927 -0.2299 0.9540
vn -0.3006 -0.1260 0.9454
vn -0.0521 0.6904 0.7215
vn 0.0450 0.7630 0.6448
vn 0.4309 0.2603 0.8640
vn 0.6112 0.4708 0.6362
vn 0.3689 0.8318 -0.4149
vn 0.2924 0.9314 -0.2169
vn 0.2517 0.8998 -0.3564
vn 0.3225 0.7746 -0.5441
vn -0.0565 0.8494 0.5247
vn -0.0674 0.4988 -0.8641
vn -0.2694 0.6494 0.7111
vn -0.3211 0.2620 0.9101
vn -0.0994 0.8945 0.4359
vn -0.2609 0.8933 0.3660
vn -0.2250 0.9286 0.2952
vn 0.0552 0.6326 0.7725
vn 0.2722 0.5252 0.8063
vn 0.2814 0.6101 0.7407
vn 0.3201 0.7828 0.5336
vn -0.1290 0.9759 0.1758
vn -0.0726 0.9638 0.2567
vn -0.0239 0.8109 0.5847
vn -0.1302 0.9756 0.1766
vn -0.1878 0.8599 0.4746
vn -0.2231 0.8636 0.4521
vn -0.1963 0.8983 0.3930
vn -0.0542 0.9264 0.3726
vn 0.1693 -0.7478 0.6420
vn 0.3419 0.4944 -0.7992
vn -0.0181 0.7099 0.7041
vn -0.0000 0.2425 0.9701
vn 0.0673 0.5926 0.8027
vn 0.0563 -0.8663 0.4963
vn 0.3013 0.6745 -0.6740
vn 0.9659 -0.1658 0.1988
vn 0.2785 -0.8741 0.3979
vn -0.0000 0.7500 0.6614
vn -0.0000 0.6672 0.7449
vn 0.6948 0.5598 0.4515
vn 0.2357 0.9717 0.0152
vn 0.2472 0.9490 0.1956
vn 0.3237 0.9444 0.0584
vn 0.2503 0.9675 -0.0361
vn 0.3995 0.7682 -0.5003
vn 0.3715 0.7475 -0.5507
vn 0.1623 0.3995 -0.9022
vn 0.3544 0.5745 -0.7378
vn 0.3951 0.7677 0.5045
vn 0.2960 0.7224 0.6249
vn -0.1348 0.9154 0.3793
vn 0.1808 0.8120 0.5549
vn 0.9880 0.1253 -0.0906
vn 0.9048 0.2253 0.3615
vn 0.9552 0.2622 0.1375
vn 0.9884 0.1122 0.1023
vn 0.9379 0.0815 0.3373
vn 0.8506 0.2384 -0.4686
vn 0.9636 0.2342 -0.1290
vn 0.3649 -0.2968 -0.8825
vn 0.3527 0.0969 -0.9307
vn -0.0989 0.7678 0.6330
vn 0.0651 0.8189 0.5702
vn 0.5629 0.2438 0.7898
vn 0.3952 0.1917 0.8984
vn 0.4015 0.1834 0.8973
vn 0.5461 0.2393 0.8028
vn 0.6878 0.2982 -0.6618
vn 0.1192 0.1582 0.9802
vn 0.1603 0.1298 0.9785
vn 0.1738 0.2610 -0.9496
vn 0.3304 0.3558 -0.8742
vn 0.0516 -0.3410 0.9387
vn -0.0001 0.0987 0.9951
vn -0.1226 -0.1526 0.9807
vn 0.2302 0.8477 -0.4779
vn -0.0000 0.1816 0.9834
vn -0.0000 0.1477 0.9890
vn -0.0000 -0.0564 0.9984
vn -0.0101 -0.0002 0.9999
vn -0.0667 -0.1100 0.9917
vn -0.0000 0.5931 -0.8051
vn 0.4034 0.2757 -0.8725
vn -0.0000 -0.1538 0.9881
vn -0.0296 0.1189 -0.9925
vn 0.0224 0.3261 -0.9451
vn -0.0000 0.2850 -0.9585
vn -0.1361 0.1395 -0.9808
vn 0.4644 0.8743 0.1413
vn 0.4640 0.8742 0.1429
vn 0.9299 0.3012 -0.2109
vn 0.9637 0.2604 0.0595
vn 0.9404 0.3135 0.1314
vn 0.9196 0.3374 -0.2010
vn -0.3424 0.7149 -0.6096
vn -0.4138 0.4161 -0.8097
vn -0.5343 0.7757 -0.3357
vn -0.3142 0.7437 -0.5901
vn -0.0890 0.6677 0.7391
vn -0.1198 0.6614 0.7404
vn -0.0944 0.7499 0.6548
vn -0.1161 0.6421 0.7578
vn -0.1221 -0.4549 -0.8821
vn -0.2709 0.0383 -0.9618
vn -0.5175 0.0560 -0.8538
vn -0.6585 -0.2070 -0.7236
vn -0.0791 -0.2361 -0.9685
vn -0.0551 -0.0262 -0.9981
vn -0.3649 0.3522 -0.8619
vn -0.2311 0.2210 -0.9475
vn -0.3217 0.0115 -0.9468
vn -0.0300 -0.1065 0.9939
vn -0.3151 -0.1521 0.9368
vn -0.3690 -0.0033 0.9294
vn -0.0734 -0.0019 0.9973
vn -0.0234 0.1526 -0.9880
vn -0.0031 0.3027 -0.9531
vn 0.0336 0.4222 -0.9059
vn -0.2796 0.8199 0.4996
vn -0.1354 0.8405 0.5245
vn -0.2486 0.7235 0.6441
vn -0.4835 0.7088 0.5136
vn -0.0099 0.2405 -0.9706
vn -0.1881 0.3285 -0.9256
vn -0.3587 -0.2063 -0.9104
vn -0.9697 -0.2253 0.0939
vn -0.9677 -0.2502 0.0300
vn -0.9703 -0.1928 0.1460
vn -0.9709 -0.2047 0.1243
vn -0.9375 -0.2021 0.2834
vn -0.9754 -0.0935 0.1996
vn -0.9960 -0.0880 -0.0165
vn -0.9653 -0.2179 0.1439
vn -0.9558 -0.2939 0.0064
vn -0.9872 -0.1554 -0.0363
vn -0.9826 -0.1300 0.1325
vn -0.3452 -0.3716 -0.8618
vn -0.7032 -0.3245 -0.6326
vn -0.6928 -0.4123 -0.5917
vn -0.9329 -0.3143 -0.1758
vn -0.9460 -0.2614 -0.1916
vn -0.9728 -0.1801 0.1456
vn -0.0896 -0.3835 -0.9192
vn -0.0677 0.0976 -0.9929
vn -0.0617 -0.2584 -0.9641
vn -0.0936 -0.4385 -0.8939
vn -0.0655 -0.3710 -0.9263
vn -0.0841 -0.4293 -0.8993
vn -0.7055 -0.4153 -0.5743
vn -0.3400 -0.4258 -0.8385
vn -0.3511 -0.3804 -0.8556
vn -0.7287 -0.3841 -0.5670
vn -0.3328 -0.4402 -0.8340
vn -0.9122 -0.3071 0.2711
vn -0.9217 -0.1913 0.3373
vn -0.7610 -0.2227 0.6093
vn -0.7296 -0.4030 0.5526
vn -0.9236 -0.3401 -0.1768
vn -0.5812 -0.7024 0.4110
vn -0.6288 -0.6532 0.4219
vn -0.2646 -0.6632 0.7001
vn -0.1615 -0.7306 0.6634
vn -0.2146 -0.1961 0.9568
vn -0.5290 -0.2309 0.8166
vn -0.5763 -0.1796 0.7972
vn -0.9279 -0.1645 0.3346
vn -0.7709 -0.1832 0.6101
vn -0.9266 0.1191 -0.3568
vn -0.9340 -0.2501 -0.2553
vn -0.7384 -0.3047 -0.6016
vn -0.7082 0.1025 -0.6985
vn -0.6122 0.1875 0.7682
vn -0.6024 0.0057 0.7982
vn -0.7824 0.0352 0.6218
vn -0.7367 0.2829 0.6142
vn -0.0610 0.5471 -0.8349
vn -0.0995 0.5004 -0.8600
vn -0.2860 0.6756 -0.6795
vn -0.2672 0.7132 -0.6480
vn -0.8591 -0.4874 0.1564
vn -0.2792 0.0865 0.9563
vn -0.6771 0.1248 0.7252
vn -0.6761 -0.1945 0.7107
vn -0.5036 -0.2395 0.8301
vn -0.4365 -0.4196 0.7959
vn 0.0449 -0.1403 0.9891
vn -0.9803 -0.1943 -0.0346
vn -0.9796 -0.1661 0.1132
vn -0.2518 0.4242 0.8698
vn -0.6169 0.4171 0.6675
vn -0.6325 -0.5214 0.5728
vn -0.4396 -0.5642 0.6989
vn 0.2317 -0.4780 0.8473
vn 0.0716 -0.5466 0.8343
vn 0.2532 -0.5771 0.7764
vn -0.8479 -0.5095 0.1468
vn -0.9600 -0.2800 -0.0042
vn -0.9926 -0.1152 -0.0394
vn 0.1487 -0.5210 0.8405
vn -0.8866 -0.3535 0.2983
vn -0.9812 -0.1537 0.1168
vn 0.1664 0.8481 0.5030
vn 0.1708 0.8620 0.4772
vn -0.8914 -0.0879 0.4445
vn 0.5318 0.2891 0.7960
vn 0.5126 0.5349 0.6716
vn 0.3960 0.5471 0.7375
vn 0.4245 0.3173 0.8480
vn 0.4366 0.0622 0.8975
vn 0.5483 0.0054 0.8363
vn 0.1708 -0.2381 0.9561
vn 0.0147 -0.2686 0.9631
vn -0.9957 0.0127 0.0917
vn -0.9621 -0.0077 0.2725
vn -0.9551 0.1321 0.2652
vn -0.8705 0.1578 0.4662
vn 0.4076 -0.1621 0.8986
vn 0.4818 -0.2745 0.8322
vn -0.9826 0.1246 0.1376
vn -0.9207 0.2642 0.2871
vn 0.1459 0.6309 0.7620
vn -0.1695 0.6909 0.7028
vn 0.1575 0.3780 0.9123
vn -0.8203 0.3577 0.4464
vn -0.9995 -0.0276 -0.0124
vn -0.0439 0.9458 0.3217
vn 0.0973 0.9397 0.3280
vn 0.1642 0.8809 0.4438
vn 0.0900 0.9098 0.4051
vn -0.9819 -0.1244 0.1430
vn -0.9378 0.1222 0.3249
vn -0.8312 0.3866 0.3996
vn -0.4715 0.6667 0.5772
vn -0.9231 -0.3304 -0.1969
vn 0.4935 -0.3495 0.7964
vn 0.5426 -0.1209 0.8313
vn 0.5664 -0.0647 0.8216
vn 0.4239 -0.3475 0.8364
vn 0.1557 0.0750 0.9849
vn 0.5430 0.5620 0.6240
vn 0.5687 0.2795 0.7736
vn 0.2756 0.8293 0.4862
vn 0.0770 0.8685 0.4897
vn -0.0393 0.8377 0.5447
vn 0.1820 0.7908 0.5843
vn 0.3605 0.6996 0.6170
vn 0.5620 0.2573 0.7861
vn 0.4645 0.7257 0.5075
vn 0.4332 0.7252 0.5351
vn 0.5127 0.5900 0.6237
vn 0.1734 0.6774 0.7149
vn 0.2326 0.7383 0.6332
vn 0.1110 0.6843 0.7207
vn 0.3132 0.7951 0.5193
vn 0.1001 0.8015 0.5896
vn 0.4330 0.7222 0.5394
vn 0.2925 0.7288 0.6191
vn 0.0654 0.6624 0.7463
vn 0.1137 0.5981 0.7933
vn 0.1927 -0.2299 0.9540
vn 0.3006 -0.1259 0.9454
vn 0.0521 0.6904 0.7215
vn -0.0423 0.7573 0.6517
vn -0.6110 0.4710 0.6363
vn -0.3800 0.1964 0.9039
vn -0.3693 0.8344 -0.4092
vn -0.3225 0.7746 -0.5441
vn -0.2508 0.9000 -0.3565
vn -0.2948 0.9307 -0.2165
vn 0.0447 0.8460 0.5313
vn 0.0674 0.4988 -0.8641
vn 0.2691 0.6494 0.7112
vn 0.3183 0.2663 0.9098
vn 0.0995 0.8945 0.4359
vn 0.2250 0.9286 0.2952
vn 0.2609 0.8933 0.3660
vn -0.0553 0.6325 0.7726
vn -0.3224 0.7817 0.5338
vn -0.1391 0.4010 0.9055
vn -0.2722 0.5252 0.8063
vn 0.1288 0.9759 0.1764
vn 0.1302 0.9759 0.1750
vn 0.0273 0.8141 0.5801
vn 0.0726 0.9638 0.2567
vn 0.1874 0.8601 0.4745
vn 0.1990 0.8979 0.3925
vn 0.2231 0.8636 0.4521
vn 0.0532 0.9265 0.3726
vn -0.4963 -0.5551 0.6674
vn -0.3420 0.4944 -0.7991
vn 0.0190 0.7096 0.7044
vn -0.0672 0.5927 0.8026
vn -0.3877 -0.7527 0.5321
vn -0.2993 0.6722 -0.6772
vn -0.2714 -0.7052 0.6550
vn -0.9659 -0.1658 0.1988
vn -0.6953 0.5594 0.4512
vn -0.2341 0.9721 0.0146
vn -0.2500 0.9676 -0.0359
vn -0.3236 0.9444 0.0584
vn -0.2472 0.9490 0.1955
vn -0.3731 0.7470 -0.5502
vn -0.3995 0.7682 -0.5003
vn -0.1625 0.3998 -0.9021
vn -0.3545 0.5744 -0.7378
vn -0.3951 0.7678 0.5044
vn -0.2960 0.7225 0.6248
vn -0.1807 0.8120 0.5549
vn 0.1348 0.9154 0.3793
vn -0.9880 0.1253 -0.0906
vn -0.9233 0.2200 0.3150
vn -0.9379 0.0816 0.3373
vn -0.9884 0.1122 0.1023
vn -0.9381 0.3312 0.1010
vn -0.8302 0.2698 -0.4878
vn -0.9534 0.2422 -0.1801
vn -0.3528 0.0986 -0.9305
vn -0.3649 -0.2968 -0.8825
vn -0.0650 0.8189 0.5702
vn 0.0990 0.7679 0.6329
vn -0.5395 0.2348 0.8086
vn -0.5461 0.2393 0.8028
vn -0.4015 0.1834 0.8973
vn -0.3793 0.1855 0.9065
vn -0.5898 0.3713 -0.7171
vn -0.1603 0.1298 0.9785
vn -0.1375 0.1793 0.9741
vn -0.0539 0.3256 -0.9440
vn -0.2408 0.1885 -0.9521
vn -0.0516 -0.3410 0.9387
vn -0.2302 0.8477 -0.4779
vn -0.4027 0.2768 -0.8724
vn -0.0824 0.0521 -0.9952
vn -0.0224 0.3260 -0.9451
vn -0.4653 0.8737 0.1420
vn -0.4645 0.8739 0.1431
vn -0.9401 0.2991 -0.1638
vn -0.9197 0.3374 -0.2010
vn -0.9404 0.3135 0.1314
vn -0.9757 0.1977 0.0948
vn -0.5667 -0.6750 0.4724
vn 0.0311 -0.0985 0.9947
vn 0.2847 0.4212 0.8611
vn -0.6630 -0.7462 -0.0597
vn -0.5144 -0.7818 0.3524
vn -0.0951 -0.2146 -0.9721
vn -0.3626 -0.5768 -0.7320
vn 0.5952 0.6327 0.4954
vn 0.4571 0.2773 -0.8451
vn 0.7035 0.6305 -0.3280
vn -0.4102 -0.7023 0.5818
vn 0.3143 -0.1849 0.9312
vn 0.9589 0.2505 -0.1335
vn 0.7101 0.0213 -0.7038
vn -0.5097 -0.8599 -0.0273
vn -0.3116 -0.8434 0.4377
vn 0.8373 0.3162 0.4460
vn 0.3240 -0.2752 -0.9052
vn -0.1072 -0.7906 -0.6028
vn 0.7002 0.1915 0.6878
vn 0.9639 0.2215 -0.1476
vn 0.6422 0.0363 -0.7656
vn -0.5708 -0.8208 0.0215
vn -0.4262 -0.7795 0.4590
vn 0.8490 0.2486 0.4663
vn 0.2025 -0.2460 -0.9479
vn -0.4114 -0.7148 0.5655
vn -0.2524 -0.7533 -0.6074
vn 0.6165 0.2166 0.7570
vn 0.1831 -0.3491 0.9190
vn -0.6952 0.6694 -0.2619
vn -0.6276 0.6047 0.4904
vn 0.7199 -0.5033 0.4779
vn 0.3623 -0.5725 -0.7355
vn -0.3257 0.4128 0.8506
vn -0.5077 0.2916 -0.8107
vn 0.1705 -0.1890 0.9671
vn 0.3760 -0.7548 0.5375
vn 0.4897 -0.4796 0.7281
vn -0.0457 -0.0707 -0.9964
vn -0.8846 0.4236 -0.1953
vn -0.7964 0.3781 0.4720
vn -0.4025 -0.2946 -0.8667
vn -0.7099 0.0818 -0.6995
vn 0.0255 -0.4585 0.8883
vn 0.3924 -0.8209 0.4150
vn 0.1893 -0.8680 -0.4590
vn -0.5426 0.2481 0.8025
vn 0.6384 -0.5617 0.5263
vn -0.3103 -0.2075 0.9277
vn 0.1878 -0.4327 0.8818
vn 0.4621 -0.7691 0.4416
vn 0.3671 -0.8121 -0.4536
vn -0.2231 -0.1863 -0.9568
vn -0.7902 0.3558 0.4990
vn -0.4693 0.2646 0.8425
vn 0.6492 -0.5380 0.5377
vn -0.2982 -0.1774 0.9379
vn -0.6445 0.1328 -0.7530
vn -0.8912 0.3871 -0.2366
vn -0.7301 -0.4506 0.5138
vn -0.0454 0.0431 0.9980
vn 0.8114 0.4854 -0.3256
vn 0.4254 0.2286 -0.8757
vn -0.7085 -0.7055 -0.0176
vn -0.5302 -0.7000 0.4784
vn 0.7005 0.5685 0.4315
vn -0.0467 -0.0756 -0.9960
vn -0.4212 -0.5853 -0.6928
vn 0.4538 0.4419 0.7739
vn -0.2534 -0.9303 0.2653
vn 0.2077 -0.9380 0.2775
vn 0.2417 -0.6979 -0.6742
vn 0.1617 -0.8751 -0.4560
vn 0.7943 -0.3252 0.5131
vn 0.9076 -0.1392 0.3962
vn 0.2631 -0.9262 0.2700
vn 0.2795 -0.6136 0.7385
vn 0.9402 -0.3318 -0.0771
vn 0.7206 -0.4396 -0.5362
vn 0.4887 -0.8369 0.2466
vn 0.5029 -0.8460 0.1771
vn 0.3007 -0.9382 -0.1717
vn 0.3377 -0.9409 0.0242
vn 0.4834 -0.8687 0.1078
vn 0.4792 -0.8777 -0.0036
vn 0.6011 -0.7640 0.2344
vn 0.3536 -0.9070 0.2289
vn 0.4007 -0.8776 0.2631
vn 0.5475 -0.8115 0.2040
vn 0.3510 -0.3750 0.8580
vn 0.5319 -0.7010 0.4751
vn 0.4806 -0.7657 -0.4274
vn 0.0496 -0.0654 -0.9966
vn -0.6696 0.5536 0.4952
vn -0.2425 0.4609 0.8537
vn 0.7004 -0.4776 0.5305
vn 0.0447 0.0320 0.9985
vn -0.4222 0.2326 -0.8762
vn -0.7522 0.5215 -0.4028
vn 0.0166 -0.3377 0.9411
vn -0.1064 -0.9258 0.3628
vn -0.6992 -0.3905 -0.5989
vn -0.9525 -0.2028 -0.2274
vn -0.0879 -0.7481 0.6577
vn -0.1082 -0.9479 0.2998
vn -0.8886 -0.0419 0.4567
vn -0.3742 -0.6609 -0.6505
vn 0.0757 -0.9942 -0.0761
vn -0.5553 -0.1044 0.8251
vn -0.4203 -0.9007 0.1099
vn -0.4513 -0.8567 0.2496
vn -0.3166 -0.8637 0.3922
vn -0.5132 -0.8568 0.0499
vn -0.5931 -0.7894 0.1581
vn -0.2419 -0.9002 0.3621
vn -0.1777 -0.9674 0.1803
vn -0.5699 -0.8086 0.1460
vn -0.4270 -0.9026 0.0555
vn -0.2630 -0.9583 0.1114
vn -0.1492 -0.9804 -0.1284
vn -0.1593 -0.9808 -0.1125
vn -0.5078 -0.8049 -0.3069
vn -0.4622 -0.8016 -0.3792
vn -0.1676 -0.9810 -0.0980
vn -0.5477 -0.8010 -0.2418
vn -0.8923 -0.2721 -0.3601
vn -0.8270 -0.2926 -0.4801
vn -0.7394 -0.2906 -0.6074
vn -0.1056 -0.9943 -0.0147
vn -0.0527 -0.9986 0.0067
vn -0.1273 -0.7880 0.6024
vn -0.2372 -0.7872 0.5692
vn -0.0001 -0.9999 0.0134
vn 0.0014 -0.7853 0.6191
vn 0.0020 -0.1296 0.9916
vn -0.1492 -0.1300 0.9802
vn -0.2744 -0.1189 0.9542
vn 0.1772 -0.9794 -0.0970
vn 0.1737 -0.9807 -0.0903
vn 0.5883 -0.7892 -0.1765
vn 0.6250 -0.7743 -0.0993
vn 0.1682 -0.9809 -0.0982
vn 0.5485 -0.8003 -0.2421
vn 0.8926 -0.2712 -0.3602
vn 0.9445 -0.2357 -0.2290
vn 0.9797 -0.1901 -0.0642
vn -0.0769 0.9922 0.0982
vn -0.0855 0.9926 0.0867
vn 0.2279 0.9085 -0.3503
vn 0.1532 0.9150 -0.3731
vn -0.0974 0.9930 0.0670
vn 0.3019 0.9044 -0.3016
vn 0.6971 0.3611 -0.6194
vn 0.5566 0.3763 -0.7407
vn 0.4109 0.4061 -0.8162
vn -0.1002 0.9937 0.0503
vn -0.0978 0.9924 0.0754
vn 0.3604 0.9201 0.1536
vn 0.3840 0.9227 0.0345
vn -0.0972 0.9899 0.1030
vn 0.3164 0.9091 0.2711
vn 0.7591 0.5084 0.4066
vn 0.8447 0.4942 0.2055
vn 0.8860 0.4636 0.0026
vn -0.1937 -0.9696 -0.1495
vn -0.2060 -0.9644 -0.1657
vn -0.6380 -0.7341 0.2323
vn -0.6624 -0.7405 0.1133
vn -0.2090 -0.9660 -0.1525
vn -0.5871 -0.7357 0.3377
vn -0.7086 -0.0163 0.7055
vn -0.8276 -0.0421 0.5597
vn -0.9295 -0.0845 0.3589
vn 0.1070 0.9937 0.0330
vn 0.1058 0.9934 0.0449
vn -0.3506 0.9087 -0.2267
vn -0.3737 0.9152 -0.1508
vn 0.0971 0.9930 0.0668
vn -0.3015 0.9046 -0.3013
vn -0.6968 0.3619 -0.6192
vn -0.8009 0.3700 -0.4708
vn -0.8586 0.3944 -0.3274
vn -0.1074 0.9937 0.0331
vn -0.1042 0.9940 0.0346
vn 0.3860 0.9199 -0.0694
vn 0.3743 0.9149 -0.1510
vn 0.8867 0.4268 -0.1777
vn 0.8590 0.3935 -0.3276
vn 0.0968 0.9899 0.1031
vn 0.0974 0.9924 0.0754
vn -0.3599 0.9203 0.1535
vn -0.3159 0.9093 0.2709
vn 0.0999 0.9937 0.0503
vn -0.3834 0.9229 0.0345
vn -0.8856 0.4644 0.0027
vn -0.8443 0.4950 0.2054
vn -0.7587 0.5092 0.4064
vn -0.0365 -0.9747 -0.2205
vn -0.0692 -0.9763 -0.2053
vn -0.2170 -0.7519 -0.6226
vn -0.0904 -0.7423 -0.6640
vn -0.1042 -0.9782 -0.1798
vn -0.3248 -0.7729 -0.5452
vn -0.4934 -0.2156 -0.8427
vn -0.3253 -0.1731 -0.9296
vn -0.1338 -0.1578 -0.9784
vn -0.0000 0.9920 0.1260
vn 0.0173 0.9919 0.1255
vn -0.0605 0.7904 0.6096
vn 0.0002 0.7888 0.6146
vn 0.0143 0.9929 0.1181
vn -0.1463 0.8010 0.5804
vn -0.2725 0.2929 0.9165
vn -0.1293 0.2706 0.9540
vn 0.0006 0.2670 0.9637
vn 0.1496 -0.9803 -0.1288
vn 0.1330 -0.9795 -0.1511
vn 0.4043 -0.7900 -0.4609
vn 0.4628 -0.8010 -0.3797
vn 0.1045 -0.9781 -0.1802
vn 0.3251 -0.7724 -0.5456
vn 0.4934 -0.2150 -0.8428
vn 0.6278 -0.2607 -0.7334
vn 0.7395 -0.2898 -0.6076
vn 0.0768 0.9922 0.0979
vn 0.0652 0.9918 0.1097
vn -0.0850 0.9180 -0.3875
vn -0.1530 0.9151 -0.3729
vn 0.0449 0.9913 0.1235
vn -0.0279 0.9175 -0.3969
vn -0.1200 0.4259 -0.8968
vn -0.2640 0.4293 -0.8637
vn -0.4108 0.4066 -0.8160
vn 0.0891 0.9868 0.1350
vn 0.0955 0.9875 0.1254
vn -0.2620 0.8929 0.3661
vn -0.2195 0.8768 0.4278
vn -0.6496 0.5025 0.5706
vn -0.5527 0.4817 0.6801
vn -0.0450 0.9913 0.1237
vn -0.0653 0.9918 0.1100
vn 0.0851 0.9179 -0.3875
vn 0.0280 0.9175 -0.3968
vn 0.2640 0.4290 -0.8639
vn 0.1199 0.4257 -0.8969
vn -0.1730 -0.9808 -0.0902
vn -0.5873 -0.7899 -0.1763
vn -0.1766 -0.9795 -0.0970
vn -0.6240 -0.7751 -0.0993
vn -0.9795 -0.1912 -0.0643
vn -0.9442 -0.2367 -0.2290
vn 0.0693 -0.9762 -0.2056
vn 0.2171 -0.7516 -0.6229
vn 0.0366 -0.9747 -0.2207
vn 0.0905 -0.7421 -0.6641
vn 0.1337 -0.1576 -0.9784
vn 0.3253 -0.1727 -0.9297
vn 0.1038 0.9940 0.0345
vn -0.3854 0.9201 -0.0693
vn -0.8863 0.4277 -0.1776
vn -0.0958 0.9875 0.1252
vn 0.2625 0.8926 0.3664
vn -0.0893 0.9868 0.1347
vn 0.2201 0.8763 0.4285
vn 0.5533 0.4798 0.6810
vn 0.6500 0.5013 0.5711
vn -0.2009 -0.9719 -0.1228
vn -0.5166 -0.7413 0.4285
vn -0.1835 -0.9791 -0.0876
vn -0.4309 -0.7548 0.4945
vn -0.4870 -0.0358 0.8727
vn -0.5939 -0.0117 0.8045
vn -0.4465 0.4057 0.7975
vn -0.4857 0.4514 0.7486
vn -0.5415 0.2492 0.8029
vn -0.4676 0.2068 0.8594
vn -0.6360 0.2681 0.7236
vn -0.7545 0.2679 0.5991
vn -0.8776 0.2452 0.4120
vn -0.5564 0.3770 -0.7405
vn -0.6261 0.0478 -0.7783
vn -0.7614 0.0192 -0.6480
vn -0.4775 0.0942 -0.8736
vn -0.6277 -0.2615 -0.7333
vn -0.0000 -0.1964 -0.9805
vn -0.0079 -0.1777 -0.9840
vn -0.0176 0.1067 -0.9941
vn -0.0000 0.0869 -0.9962
vn -0.1333 0.1357 -0.9817
vn -0.0250 0.3989 -0.9167
vn -0.0000 0.3820 -0.9242
vn -0.1401 0.0812 0.9868
vn 0.0014 0.0797 0.9968
vn -0.2739 0.0987 0.9567
vn -0.3895 0.3447 0.8541
vn -0.3866 0.1470 0.9105
vn -0.3831 -0.0814 0.9201
vn -0.8649 0.0219 -0.5014
vn -0.9310 0.0496 -0.3617
vn -0.3108 0.1318 -0.9413
vn -0.9616 0.2000 0.1878
vn -0.9810 -0.1384 0.1361
vn -0.9890 0.1451 -0.0281
vn -0.9728 0.0925 -0.2125
vn 0.4475 0.4021 0.7988
vn 0.4679 0.2030 0.8602
vn 0.5414 0.2462 0.8039
vn 0.4864 0.4486 0.7497
vn 0.4864 -0.0389 0.8729
vn 0.5928 -0.0137 0.8052
vn 0.7074 -0.0171 0.7066
vn 0.6357 0.2663 0.7246
vn 0.7543 0.2671 0.5998
vn 0.8268 -0.0418 0.5609
vn 0.9293 -0.0836 0.3596
vn 0.8775 0.2450 0.4124
vn 0.7614 0.0192 -0.6480
vn 0.6261 0.0478 -0.7783
vn 0.4775 0.0942 -0.8736
vn 0.0176 0.1067 -0.9941
vn 0.0079 -0.1777 -0.9840
vn 0.0250 0.3988 -0.9167
vn 0.1333 0.1357 -0.9817
vn 0.1426 0.0791 0.9866
vn 0.1305 0.2685 0.9544
vn 0.1527 -0.1318 0.9794
vn 0.2764 -0.1220 0.9533
vn 0.2755 0.0950 0.9566
vn 0.2735 0.2893 0.9173
vn 0.3873 0.1429 0.9108
vn 0.3905 0.3407 0.8552
vn 0.3835 -0.0849 0.9197
vn 0.9310 0.0496 -0.3617
vn 0.8649 0.0219 -0.5014
vn 0.8012 0.3691 -0.4710
vn 0.8272 -0.2918 -0.4802
vn 0.3107 0.1318 -0.9413
vn 0.9811 -0.1373 0.1364
vn 0.9616 0.2000 0.1879
vn 0.9890 0.1451 -0.0281
vn 0.9728 0.0925 -0.2125
vn 0.0852 0.9926 0.0864
vn -0.2277 0.9087 -0.3500
vn -0.0000 0.9907 0.1359
vn -0.0218 0.9909 0.1331
vn -0.0011 0.9164 -0.4003
vn -0.0000 0.9161 -0.4008
vn -0.1823 -0.9760 -0.1188
vn -0.6523 -0.7580 -0.0044
vn 0.0526 -0.9986 0.0069
vn 0.1295 -0.7885 0.6013
vn 0.1056 -0.9943 -0.0142
vn 0.2382 -0.7880 0.5677
vn 0.1944 -0.9695 -0.1491
vn 0.1829 -0.9759 -0.1187
vn 0.6533 -0.7571 -0.0040
vn 0.6632 -0.7396 0.1143
vn 0.0146 0.9941 0.1077
vn -0.2076 0.8263 0.5236
vn 0.0398 0.9928 0.1127
vn -0.2092 0.8510 0.4817
vn 0.1598 -0.9807 -0.1128
vn 0.5086 -0.8043 -0.3073
vn -0.1326 -0.9796 -0.1507
vn -0.4038 -0.7905 -0.4604
vn 0.0135 -0.9739 -0.2264
vn 0.0104 -0.7573 -0.6530
vn -0.0000 -0.9738 -0.2274
vn -0.0000 -0.7703 -0.6376
vn -0.1521 -0.9871 -0.0491
vn -0.3365 -0.7738 0.5366
vn -0.1062 0.9933 0.0451
vn 0.3512 0.9084 -0.2269
vn -0.0142 0.9929 0.1182
vn -0.0173 0.9919 0.1255
vn 0.0610 0.7897 0.6105
vn 0.1471 0.7999 0.5819
vn 0.1842 -0.9790 -0.0873
vn 0.2020 -0.9717 -0.1228
vn 0.5161 -0.7417 0.4285
vn 0.4304 -0.7556 0.4938
vn 0.2099 -0.9657 -0.1525
vn 0.5868 -0.7355 0.3386
vn 0.1524 -0.9871 -0.0485
vn 0.3364 -0.7747 0.5354
vn -0.0135 -0.9740 -0.2263
vn -0.0104 -0.7573 -0.6529
vn -0.0398 0.9928 0.1127
vn -0.0145 0.9941 0.1078
vn 0.2085 0.8250 0.5253
vn 0.2102 0.8500 0.4831
vn -0.0713 0.9892 0.1283
vn 0.2014 0.8636 0.4621
vn 0.0217 0.9909 0.1329
vn 0.0011 0.9164 -0.4003
vn 0.0712 0.9892 0.1284
vn -0.2007 0.8644 0.4611
vn 0.2068 -0.9643 -0.1654
vn 0.6382 -0.7335 0.2337
vn -0.1703 0.0592 0.9836
vn -0.3429 -0.6065 0.7173
vn 0.0680 -0.1647 0.9840
vn 0.3924 -0.2550 0.8838
vn -0.7899 0.2786 -0.5463
vn -0.9371 0.2160 -0.2743
vn -0.9305 0.2167 -0.2953
vn -0.7812 0.2484 -0.5727
vn 0.0001 0.1315 -0.9913
vn -0.0032 -0.3538 -0.9353
vn 0.4844 -0.5159 -0.7065
vn 0.2393 -0.1981 -0.9505
vn 0.1559 -0.2974 -0.9419
vn -0.5431 -0.2187 -0.8107
vn -0.7066 -0.1395 -0.6938
vn -0.1233 -0.2710 -0.9547
vn -0.0000 0.6739 0.7388
vn -0.0000 -0.6080 0.7940
vn -0.1713 0.0421 0.9843
vn -0.1636 0.0067 0.9865
vn -0.3407 0.0390 -0.9394
vn 0.1092 -0.0409 -0.9932
vn 0.3945 -0.3442 -0.8520
vn 0.8158 -0.2991 0.4950
vn 0.9482 -0.3153 0.0392
vn 0.7652 -0.5400 0.3506
vn 0.4703 -0.6843 0.5573
vn 0.7937 -0.5248 -0.3078
vn 0.3100 -0.8259 0.4709
vn -0.0253 0.2951 -0.9551
vn -0.0738 0.2955 -0.9525
vn 0.0058 -0.5397 -0.8418
vn 0.5749 -0.2047 -0.7922
vn -0.3790 -0.5841 0.7178
vn -0.0962 -0.0743 0.9926
vn 0.0988 0.1486 -0.9839
vn 0.4521 -0.5011 -0.7379
vn -0.9646 0.0920 -0.2473
vn -0.9522 0.1775 -0.2484
vn -0.8070 0.2509 -0.5347
vn -0.7988 0.0843 -0.5956
vn -0.4730 -0.0644 0.8787
vn 0.3503 -0.0174 0.9365
vn 0.2745 0.0059 0.9616
vn -0.5290 -0.0056 0.8486
vn -0.9071 -0.0787 -0.4135
vn -0.9530 -0.0064 -0.3029
vn 0.8405 -0.0285 0.5411
vn 0.9996 -0.0283 0.0040
vn 0.5131 -0.0427 0.8573
vn 0.0866 0.0353 0.9956
vn 0.1762 -0.0357 0.9837
vn -0.5983 0.0508 0.7997
vn -0.9340 0.0433 0.3547
vn -0.9232 0.0006 0.3844
vn -1.0000 -0.0082 -0.0055
vn -0.9992 0.0375 0.0163
vn -0.1852 0.2161 -0.9587
vn -0.8136 0.1426 -0.5637
vn -0.8005 0.1225 -0.5866
vn -0.2149 0.2106 -0.9537
vn -0.9825 0.1858 0.0093
vn -0.9915 0.1298 0.0069
vn -0.9346 0.0811 0.3463
vn -0.9967 0.0797 0.0167
vn -0.9107 -0.0589 0.4089
vn -0.9984 -0.0501 -0.0268
vn -0.9779 0.2089 0.0029
vn -0.2923 0.1053 0.9505
vn -0.4045 0.1053 0.9085
vn -0.6497 0.1569 0.7438
vn -0.6455 0.1473 0.7494
vn 0.3708 -0.0143 -0.9286
vn 0.3097 -0.0737 -0.9480
vn 0.8589 0.0149 -0.5120
vn 0.8723 0.0101 -0.4888
vn 0.2829 -0.2335 0.9303
vn 0.3127 -0.1637 0.9356
vn -0.4914 -0.1823 0.8516
vn -0.5210 -0.2310 0.8217
vn 0.9985 -0.0512 0.0201
vn 0.8693 -0.0781 -0.4880
vn 0.8785 -0.0431 -0.4757
vn 0.9997 -0.0198 0.0155
vn -0.1265 0.0832 0.9885
vn -0.6402 0.1096 0.7603
vn 0.8782 0.0399 0.4766
vn 0.7931 -0.2368 -0.5613
vn -0.4233 0.2949 -0.8566
vn -0.0282 0.2584 -0.9656
vn -0.8122 0.0197 -0.5831
vn -0.9992 -0.0369 -0.0155
vn -0.9989 0.0383 -0.0258
vn -0.9206 0.1281 0.3689
vn -0.9028 0.1736 0.3935
vn -0.9017 0.1941 0.3863
vn -0.1198 -0.0054 0.9928
vn -0.4000 -0.1008 -0.9110
vn 0.9984 0.0568 0.0068
vn -0.4444 0.3371 -0.8300
vn -0.0995 0.3362 -0.9365
vn -0.1371 0.3023 -0.9433
vn -0.8647 -0.0668 -0.4978
vn -0.6601 0.1567 0.7347
vn -0.3069 0.0442 0.9507
vn -0.4515 0.1038 0.8862
vn -0.9882 -0.1103 -0.1064
vn -0.7877 -0.0475 -0.6142
vn -0.9975 0.0153 -0.0697
vn -0.4612 0.2902 -0.8385
vn -0.9181 -0.0468 0.3935
vn -0.9334 -0.0702 0.3520
vn -0.3730 0.0742 0.9249
vn 0.9997 0.0225 0.0124
vn -0.3271 -0.0366 -0.9443
vn 0.4093 -0.0727 -0.9095
vn 0.4217 -0.1290 -0.8975
vn -0.2860 -0.0896 -0.9540
vn 0.8329 -0.1541 0.5316
vn 0.9948 -0.0844 0.0571
vn 0.8648 -0.0918 0.4936
vn 0.8415 0.0457 -0.5384
vn 0.9061 0.0956 -0.4120
vn 0.2710 0.1408 -0.9522
vn 0.1511 0.0375 -0.9878
vn -0.2540 -0.1666 -0.9527
vn -0.8409 -0.0580 -0.5381
vn 0.3434 -0.0791 0.9358
vn 0.8780 -0.0299 0.4777
vn -0.8270 -0.1034 -0.5526
vn -0.9929 -0.1149 -0.0323
vn -0.9963 -0.0804 -0.0313
vn -0.8043 -0.1738 -0.5682
vn -0.9853 -0.1614 -0.0562
vn 0.3479 0.2244 -0.9103
vn -0.4501 0.1517 -0.8800
vn -0.4691 0.0990 -0.8776
vn 0.8649 -0.0672 -0.4974
vn 0.4177 -0.1026 -0.9028
vn -0.8604 0.0375 -0.5082
vn -0.5448 0.0245 -0.8382
vn -0.8166 0.0978 -0.5689
vn -0.5670 -0.1634 0.8073
vn -0.5660 -0.2118 0.7968
vn -0.9267 -0.1589 0.3405
vn -0.2442 -0.1630 -0.9559
vn 0.3605 -0.0406 0.9319
vn 0.8794 0.0120 0.4758
vn -0.7175 -0.5480 -0.4300
vn -0.7220 -0.4801 -0.4982
vn -0.3492 -0.8058 -0.4783
vn -0.2616 -0.9502 -0.1696
vn 0.4510 0.0446 -0.8914
vn -0.2454 0.0161 -0.9693
vn 0.0315 -0.0356 -0.9989
vn 0.7767 0.0043 -0.6298
vn -0.0637 -0.0610 -0.9961
vn -0.6350 -0.0610 -0.7701
vn -0.6979 -0.0900 -0.7105
vn -0.7812 -0.1090 -0.6147
vn -0.1669 -0.0737 -0.9832
vn -0.1340 -0.0905 -0.9868
vn -0.7425 -0.1185 -0.6593
vn -0.8986 -0.1280 0.4196
vn -0.8987 -0.1634 0.4070
vn -0.4708 -0.1275 0.8730
vn -0.9091 0.2437 0.3378
vn -0.8716 0.0529 0.4873
vn -0.9993 0.0363 0.0112
vn -0.9850 0.1394 -0.1018
vn -0.9047 -0.2001 0.3762
vn 0.9983 0.0525 -0.0268
vn 0.9949 0.0333 0.0952
vn -0.9782 -0.1300 -0.1618
vn -0.9553 -0.1050 -0.2765
vn 0.8926 -0.0025 -0.4509
vn 0.6927 -0.0419 -0.7200
vn 0.9854 -0.0547 -0.1613
vn 0.9941 0.0204 -0.1069
vn -0.7823 -0.0826 0.6174
vn -0.9907 -0.0755 0.1131
vn -0.9160 -0.0650 -0.3958
vn -0.8847 0.4204 0.2016
vn -0.9479 0.2213 -0.2292
vn -0.6833 -0.1289 0.7186
vn -0.1437 -0.0682 0.9873
vn 0.0165 -0.1181 0.9929
vn -0.9431 -0.1322 0.3051
vn -0.9706 -0.1155 0.2111
vn -0.4874 0.5573 0.6722
vn -0.4625 0.3046 0.8327
vn 0.2533 0.4715 0.8447
vn 0.3074 0.2095 0.9283
vn -0.3382 0.0649 0.9388
vn 0.9090 -0.4036 -0.1044
vn 0.5733 -0.8002 0.1760
vn 0.2224 -0.9471 -0.2314
vn 0.4174 -0.4851 -0.7684
vn 0.6303 -0.1210 0.7669
vn 0.6522 -0.1242 0.7478
vn 0.9334 -0.1245 0.3367
vn 0.9302 -0.1013 0.3527
vn -0.9155 -0.1235 0.3829
vn -0.9909 -0.1183 -0.0646
vn -0.5344 -0.1423 0.8332
vn -0.5959 -0.1436 0.7901
vn 0.0901 -0.1367 0.9865
vn 0.8630 0.0460 0.5032
vn 0.9196 0.0136 0.3925
vn -0.9912 -0.1296 -0.0285
vn -0.9653 0.2598 0.0251
vn -0.9226 0.3662 -0.1215
vn -0.9587 -0.1694 -0.2286
vn -0.1771 0.0679 -0.9819
vn 0.8108 0.0689 0.5813
vn 0.5896 -0.0945 -0.8021
vn 0.9671 -0.1166 -0.2259
vn 0.6546 -0.0807 0.7517
vn 0.5707 -0.0219 0.8208
vn 0.9406 -0.0655 0.3332
vn 0.5123 0.1978 -0.8357
vn 0.9332 0.1093 -0.3424
vn 0.5425 0.6082 0.5795
vn 0.3923 0.7743 0.4966
vn 0.8689 0.2091 0.4487
vn 0.9234 0.0939 0.3722
vn 0.9583 -0.0786 -0.2747
vn 0.9557 0.0594 -0.2882
vn 0.9369 -0.0072 0.3494
vn -0.5327 -0.1368 0.8352
vn 0.9878 -0.0859 0.1300
vn 0.9736 -0.0107 0.2281
vn 0.9472 0.1498 -0.2834
vn 0.5347 0.2094 -0.8187
vn -0.5102 -0.1250 0.8509
vn 0.1360 -0.1206 0.9833
vn 0.1844 -0.1480 0.9716
vn 0.9494 0.0471 0.3106
vn 0.7545 -0.1147 0.6462
vn 0.6889 -0.0605 0.7223
vn -0.4566 -0.0985 0.8842
vn -0.9020 -0.1013 0.4196
vn 0.5247 0.0878 -0.8467
vn 0.5284 -0.0562 -0.8472
vn 0.8171 0.1554 0.5551
vn 0.2563 -0.2285 0.9392
vn 0.7975 -0.1677 0.5796
vn -0.9778 -0.1844 -0.0998
vn -0.7875 -0.1842 -0.5881
vn 0.2333 -0.1903 0.9536
vn -0.9056 -0.0801 0.4165
vn 0.1149 -0.1380 0.9837
vn 0.4188 0.0566 0.9063
vn 0.5606 -0.8217 0.1027
vn 0.6862 -0.7265 0.0361
vn 0.9209 -0.3420 0.1872
vn 0.8843 -0.3720 0.2820
vn 0.6366 -0.0720 0.7678
vn 0.9462 0.1582 -0.2822
vn 0.9737 0.0576 0.2206
vn -0.8138 0.1064 -0.5713
vn -0.4864 0.6937 0.5312
vn 0.1024 0.6931 0.7135
vn -0.8652 -0.0537 -0.4986
vn -0.8669 -0.0660 -0.4940
vn -0.8937 0.2461 -0.3752
vn -0.8914 0.1406 -0.4309
vn -0.7083 0.6828 0.1790
vn -0.8062 0.5660 0.1725
vn -0.8993 0.4067 -0.1608
vn -0.8274 0.5561 -0.0783
vn 0.9296 -0.0501 0.3650
vn 0.7081 0.3753 0.5980
vn -0.8836 0.3529 -0.3077
vn -0.4815 0.7745 0.4103
vn -0.8018 0.0995 -0.5892
vn -0.3890 -0.3096 -0.8677
vn -0.7952 -0.0803 -0.6010
vn -0.4369 0.1035 -0.8936
vn -0.8910 0.3979 -0.2186
vn -0.7666 0.6415 -0.0280
vn 0.9732 0.0803 -0.2155
vn 0.4134 0.1046 -0.9045
vn 0.1742 -0.9816 -0.0778
vn -0.0993 -0.9772 -0.1876
vn -0.1606 -0.9707 -0.1788
vn 0.2035 -0.9790 0.0135
vn -0.8835 -0.0832 -0.4611
vn -0.2940 0.8732 0.3888
vn -0.5260 0.8094 0.2611
vn -0.7861 0.3552 0.5058
vn -0.5755 0.3793 0.7245
vn -0.6489 -0.6205 -0.4404
vn 0.1557 -0.9849 0.0752
vn -0.7889 0.6129 0.0456
vn -0.1751 0.9084 0.3796
vn -0.4476 0.8533 0.2674
vn -0.6899 -0.7180 -0.0927
vn -0.9226 -0.1267 -0.3644
vn -0.6105 -0.7348 -0.2957
vn 0.4388 -0.8566 0.2713
vn -0.0864 0.8222 0.5626
vn -0.5994 -0.6855 -0.4133
vn -0.6314 0.7641 0.1319
vn -0.6768 0.7188 0.1589
vn 0.9068 -0.3457 0.2413
vn -0.9216 0.3087 0.2352
vn -0.8695 0.3262 0.3709
vn 0.8508 -0.3150 0.4206
vn 0.9054 -0.0728 0.4184
vn 0.0506 -0.9985 -0.0191
vn -0.1462 -0.9845 -0.0968
vn 0.9491 0.0058 0.3150
vn -0.1745 -0.9729 0.1515
vn -0.3260 -0.9393 0.1073
vn -0.7484 -0.5272 0.4025
vn -0.9007 -0.3790 0.2124
vn 0.3691 -0.8832 0.2893
vn 0.7983 -0.4180 0.4336
vn 0.5961 -0.3691 0.7130
vn 0.0374 -0.6107 0.7910
vn 0.2345 0.7775 0.5835
vn 0.7833 0.2206 0.5811
vn -0.6570 -0.5780 0.4840
vn -0.4728 -0.6298 0.6163
vn 0.3608 -0.9309 -0.0569
vn 0.1779 -0.9840 -0.0092
vn 0.6893 -0.5670 0.4510
vn 0.8752 -0.2652 0.4045
vn 0.6965 -0.6033 0.3884
vn -0.0491 -0.9864 0.1568
vn 0.4627 -0.8825 0.0842
vn 0.7431 -0.6508 0.1557
vn -0.0240 0.3152 0.9487
vn 0.5897 0.0651 0.8050
vn 0.1703 0.0592 0.9836
vn -0.3924 -0.2550 0.8838
vn -0.0682 -0.1648 0.9840
vn 0.3430 -0.6066 0.7173
vn 0.7899 0.2786 -0.5463
vn 0.7813 0.2484 -0.5726
vn 0.9305 0.2167 -0.2953
vn 0.9371 0.2160 -0.2743
vn -0.2392 -0.1981 -0.9506
vn -0.4845 -0.5159 -0.7065
vn -0.1561 -0.2976 -0.9418
vn 0.1233 -0.2710 -0.9547
vn 0.7066 -0.1396 -0.6937
vn 0.5432 -0.2186 -0.8106
vn 0.1636 0.0067 0.9865
vn 0.1714 0.0420 0.9843
vn -0.3944 -0.3443 -0.8520
vn -0.1089 -0.0410 -0.9932
vn 0.3407 0.0390 -0.9394
vn -0.8157 -0.2991 0.4951
vn -0.4703 -0.6843 0.5573
vn -0.7652 -0.5400 0.3505
vn -0.9482 -0.3153 0.0392
vn -0.3100 -0.8259 0.4709
vn -0.7937 -0.5246 -0.3079
vn 0.0252 0.2952 -0.9551
vn 0.0737 0.2955 -0.9525
vn 0.0964 -0.0742 0.9926
vn 0.3790 -0.5841 0.7177
vn -0.0994 0.1485 -0.9839
vn 0.9646 0.0920 -0.2473
vn 0.7989 0.0844 -0.5955
vn 0.8070 0.2509 -0.5346
vn 0.9524 0.1773 -0.2482
vn 0.4730 -0.0644 0.8787
vn 0.5290 -0.0056 0.8486
vn -0.2745 0.0059 0.9616
vn -0.3503 -0.0175 0.9365
vn 0.9530 -0.0064 -0.3029
vn 0.9071 -0.0786 -0.4134
vn -0.9996 -0.0283 0.0040
vn -0.8406 -0.0279 0.5409
vn -0.0868 0.0353 0.9956
vn -0.5133 -0.0427 0.8571
vn -0.1768 -0.0346 0.9836
vn 0.9232 0.0006 0.3844
vn 0.9340 0.0433 0.3547
vn 0.5985 0.0506 0.7996
vn 0.9992 0.0374 0.0163
vn 0.9999 -0.0085 -0.0057
vn 0.1852 0.2161 -0.9587
vn 0.2149 0.2106 -0.9537
vn 0.8006 0.1225 -0.5866
vn 0.8136 0.1425 -0.5636
vn 0.9825 0.1858 0.0094
vn 0.9915 0.1298 0.0069
vn 0.9967 0.0797 0.0167
vn 0.9346 0.0811 0.3463
vn 0.9107 -0.0589 0.4089
vn 0.9984 -0.0502 -0.0267
vn 0.9780 0.2088 0.0028
vn 0.2923 0.1054 0.9505
vn 0.6456 0.1474 0.7494
vn 0.6495 0.1571 0.7439
vn 0.4043 0.1053 0.9085
vn -0.3705 -0.0140 -0.9287
vn -0.8723 0.0101 -0.4888
vn -0.8589 0.0151 -0.5119
vn -0.3097 -0.0737 -0.9480
vn -0.2829 -0.2335 0.9303
vn 0.5210 -0.2310 0.8217
vn 0.4914 -0.1823 0.8516
vn -0.3123 -0.1633 0.9358
vn -0.9985 -0.0512 0.0200
vn -0.9997 -0.0199 0.0154
vn -0.8785 -0.0431 -0.4757
vn -0.8693 -0.0781 -0.4880
vn 0.6402 0.1096 0.7603
vn 0.1263 0.0831 0.9885
vn -0.8783 0.0400 0.4765
vn -0.7927 -0.2369 -0.5617
vn 0.0282 0.2582 -0.9657
vn 0.4232 0.2947 -0.8568
vn 0.8122 0.0197 -0.5831
vn 0.9989 0.0383 -0.0258
vn 0.9992 -0.0370 -0.0156
vn 0.9206 0.1282 0.3688
vn 0.9028 0.1736 0.3935
vn 0.9017 0.1940 0.3863
vn 0.1198 -0.0055 0.9928
vn 0.4000 -0.1007 -0.9110
vn -0.9984 0.0568 0.0068
vn 0.4444 0.3371 -0.8300
vn 0.0999 0.3359 -0.9366
vn 0.1372 0.3023 -0.9433
vn 0.8647 -0.0668 -0.4978
vn 0.6601 0.1567 0.7347
vn 0.3069 0.0442 0.9507
vn 0.4515 0.1038 0.8862
vn 0.9882 -0.1102 -0.1061
vn 0.9975 0.0153 -0.0696
vn 0.7876 -0.0475 -0.6143
vn 0.4611 0.2902 -0.8385
vn 0.9182 -0.0469 0.3934
vn 0.9333 -0.0700 0.3521
vn 0.3730 0.0742 0.9249
vn -0.9997 0.0225 0.0125
vn 0.3271 -0.0366 -0.9443
vn -0.4088 -0.0725 -0.9097
vn -0.4214 -0.1289 -0.8977
vn 0.2860 -0.0896 -0.9540
vn -0.8329 -0.1542 0.5316
vn -0.8648 -0.0918 0.4936
vn -0.9948 -0.0844 0.0571
vn -0.8415 0.0459 -0.5383
vn -0.1509 0.0376 -0.9878
vn -0.2710 0.1408 -0.9522
vn -0.9063 0.0956 -0.4118
vn 0.2538 -0.1663 -0.9528
vn 0.8409 -0.0580 -0.5381
vn -0.3434 -0.0791 0.9359
vn -0.8780 -0.0299 0.4777
vn 0.9963 -0.0804 -0.0313
vn 0.9929 -0.1149 -0.0323
vn 0.8270 -0.1034 -0.5526
vn 0.9853 -0.1614 -0.0562
vn 0.8044 -0.1737 -0.5681
vn -0.3480 0.2242 -0.9103
vn 0.4690 0.0994 -0.8776
vn 0.4502 0.1518 -0.8799
vn -0.8649 -0.0670 -0.4974
vn -0.4177 -0.1025 -0.9028
vn 0.8604 0.0375 -0.5082
vn 0.8166 0.0979 -0.5689
vn 0.5448 0.0246 -0.8382
vn 0.9267 -0.1589 0.3405
vn 0.5658 -0.2119 0.7968
vn 0.5670 -0.1634 0.8074
vn 0.2442 -0.1630 -0.9559
vn -0.3606 -0.0405 0.9319
vn -0.8794 0.0121 0.4759
vn 0.7175 -0.5480 -0.4300
vn 0.2614 -0.9502 -0.1696
vn 0.3494 -0.8055 -0.4786
vn 0.7217 -0.4797 -0.4990
vn 0.2454 0.0161 -0.9693
vn -0.4509 0.0446 -0.8914
vn -0.0315 -0.0356 -0.9989
vn -0.7768 0.0045 -0.6297
vn 0.0637 -0.0610 -0.9961
vn 0.6979 -0.0899 -0.7106
vn 0.6350 -0.0610 -0.7701
vn 0.7812 -0.1092 -0.6146
vn 0.7426 -0.1186 -0.6592
vn 0.1340 -0.0906 -0.9868
vn 0.1669 -0.0737 -0.9832
vn 0.8986 -0.1280 0.4196
vn 0.4710 -0.1277 0.8728
vn 0.8987 -0.1634 0.4070
vn 0.9091 0.2439 0.3379
vn 0.9850 0.1394 -0.1018
vn 0.9993 0.0363 0.0112
vn 0.8715 0.0530 0.4874
vn 0.9047 -0.2001 0.3762
vn -0.9949 0.0332 0.0953
vn -0.9982 0.0527 -0.0272
vn 0.9782 -0.1300 -0.1618
vn 0.9552 -0.1050 -0.2767
vn -0.8926 -0.0026 -0.4508
vn -0.9941 0.0204 -0.1069
vn -0.9854 -0.0547 -0.1613
vn -0.6927 -0.0420 -0.7200
vn 0.7823 -0.0826 0.6174
vn 0.9907 -0.0755 0.1131
vn 0.9160 -0.0650 -0.3958
vn 0.8847 0.4203 0.2015
vn 0.9479 0.2213 -0.2292
vn 0.6833 -0.1289 0.7186
vn -0.0165 -0.1183 0.9928
vn 0.1437 -0.0682 0.9873
vn 0.9431 -0.1322 0.3051
vn 0.9706 -0.1155 0.2111
vn 0.4874 0.5573 0.6722
vn 0.4625 0.3046 0.8327
vn -0.2531 0.4716 0.8447
vn -0.3072 0.2095 0.9283
vn 0.3383 0.0649 0.9388
vn -0.9090 -0.4034 -0.1045
vn -0.4176 -0.4849 -0.7685
vn -0.2222 -0.9471 -0.2315
vn -0.5734 -0.8002 0.1761
vn -0.6303 -0.1210 0.7669
vn -0.9302 -0.1012 0.3527
vn -0.9334 -0.1245 0.3367
vn -0.6522 -0.1243 0.7478
vn 0.9155 -0.1234 0.3829
vn 0.9909 -0.1183 -0.0646
vn 0.5344 -0.1423 0.8332
vn 0.5959 -0.1436 0.7901
vn -0.0904 -0.1365 0.9865
vn -0.8630 0.0461 0.5031
vn -0.9196 0.0136 0.3926
vn 0.9912 -0.1296 -0.0284
vn 0.9587 -0.1694 -0.2286
vn 0.9226 0.3662 -0.1215
vn 0.9653 0.2598 0.0248
vn 0.1771 0.0680 -0.9819
vn -0.8108 0.0689 0.5813
vn -0.9672 -0.1164 -0.2259
vn -0.5897 -0.0945 -0.8021
vn -0.6545 -0.0807 0.7517
vn -0.9406 -0.0656 0.3332
vn -0.5707 -0.0217 0.8209
vn -0.5124 0.1977 -0.8357
vn -0.9332 0.1093 -0.3424
vn -0.5421 0.6084 0.5796
vn -0.9233 0.0945 0.3722
vn -0.8688 0.2097 0.4486
vn -0.3918 0.7743 0.4969
vn -0.9369 -0.0072 0.3494
vn -0.9557 0.0594 -0.2882
vn -0.9583 -0.0786 -0.2746
vn 0.5327 -0.1367 0.8352
vn -0.9878 -0.0857 0.1299
vn -0.9736 -0.0108 0.2280
vn -0.5347 0.2094 -0.8187
vn -0.9472 0.1498 -0.2834
vn -0.1845 -0.1481 0.9716
vn -0.1360 -0.1206 0.9833
vn 0.5100 -0.1248 0.8511
vn -0.9494 0.0471 0.3106
vn -0.7546 -0.1143 0.6462
vn -0.6889 -0.0604 0.7223
vn 0.4566 -0.0985 0.8842
vn 0.9020 -0.1013 0.4196
vn -0.5247 0.0878 -0.8467
vn -0.5283 -0.0562 -0.8472
vn -0.8177 0.1541 0.5547
vn -0.2562 -0.2286 0.9392
vn -0.7975 -0.1677 0.5796
vn 0.9778 -0.1844 -0.0999
vn 0.7874 -0.1846 -0.5881
vn -0.2333 -0.1903 0.9536
vn 0.9057 -0.0795 0.4163
vn -0.1149 -0.1380 0.9837
vn -0.4187 0.0565 0.9064
vn -0.5606 -0.8217 0.1026
vn -0.8843 -0.3720 0.2821
vn -0.9209 -0.3419 0.1870
vn -0.6861 -0.7266 0.0360
vn -0.6365 -0.0723 0.7679
vn -0.9463 0.1580 -0.2821
vn -0.9737 0.0575 0.2206
vn 0.8138 0.1064 -0.5713
vn -0.1024 0.6933 0.7134
vn 0.4866 0.6936 0.5312
vn 0.8652 -0.0537 -0.4986
vn 0.8913 0.1405 -0.4310
vn 0.8936 0.2461 -0.3753
vn 0.8670 -0.0662 -0.4939
vn 0.7082 0.6829 0.1791
vn 0.8274 0.5561 -0.0783
vn 0.8993 0.4066 -0.1608
vn 0.8062 0.5659 0.1725
vn -0.7080 0.3753 0.5982
vn -0.9298 -0.0497 0.3647
vn 0.8836 0.3529 -0.3077
vn 0.4815 0.7745 0.4103
vn 0.8019 0.0994 -0.5892
vn 0.3891 -0.3098 -0.8676
vn 0.4369 0.1035 -0.8935
vn 0.7952 -0.0803 -0.6010
vn 0.7666 0.6416 -0.0280
vn 0.8909 0.3980 -0.2187
vn -0.4135 0.1046 -0.9045
vn -0.9732 0.0803 -0.2154
vn -0.1743 -0.9816 -0.0777
vn -0.2036 -0.9790 0.0132
vn 0.1606 -0.9707 -0.1788
vn 0.0993 -0.9772 -0.1876
vn 0.8834 -0.0833 -0.4611
vn 0.2938 0.8732 0.3888
vn 0.5758 0.3795 0.7242
vn 0.7863 0.3550 0.5057
vn 0.5260 0.8095 0.2610
vn 0.6489 -0.6205 -0.4404
vn -0.1556 -0.9850 0.0752
vn 0.7888 0.6129 0.0455
vn 0.4476 0.8533 0.2674
vn 0.1750 0.9084 0.3796
vn 0.6899 -0.7180 -0.0927
vn 0.6105 -0.7348 -0.2957
vn 0.9226 -0.1267 -0.3644
vn -0.4391 -0.8563 0.2721
vn 0.0864 0.8223 0.5624
vn 0.5992 -0.6855 -0.4136
vn 0.6315 0.7641 0.1319
vn 0.6768 0.7189 0.1589
vn -0.9068 -0.3456 0.2412
vn 0.9216 0.3089 0.2348
vn 0.8694 0.3260 0.3712
vn -0.8508 -0.3150 0.4206
vn -0.9054 -0.0727 0.4184
vn 0.1462 -0.9845 -0.0968
vn -0.0506 -0.9985 -0.0191
vn -0.9491 0.0058 0.3150
vn 0.1742 -0.9730 0.1514
vn 0.3261 -0.9392 0.1072
vn 0.7484 -0.5273 0.4024
vn 0.9007 -0.3790 0.2124
vn -0.3690 -0.8833 0.2892
vn -0.0380 -0.6100 0.7915
vn -0.5968 -0.3681 0.7130
vn -0.7983 -0.4180 0.4336
vn -0.2343 0.7771 0.5841
vn -0.7833 0.2206 0.5811
vn 0.4728 -0.6297 0.6164
vn 0.6570 -0.5780 0.4839
vn -0.3605 -0.9310 -0.0573
vn -0.1777 -0.9840 -0.0095
vn -0.6898 -0.5667 0.4506
vn -0.6964 -0.6033 0.3885
vn -0.8751 -0.2654 0.4046
vn 0.0489 -0.9864 0.1572
vn -0.4627 -0.8825 0.0844
vn -0.7431 -0.6508 0.1557
vn 0.0242 0.3151 0.9487
vn -0.5902 0.0646 0.8047
vn -0.4728 0.0678 0.8786
vn -0.7421 0.3174 0.5904
vn -0.4019 0.4717 0.7849
vn 0.0226 0.5917 0.8058
vn 0.3421 0.2728 0.8992
vn 0.6669 0.4777 0.5719
vn 0.7284 0.5502 0.4082
vn 0.5460 0.6279 0.5547
vn 0.7416 0.5181 0.4261
vn 0.2629 0.3769 0.8882
vn -0.7191 0.3385 0.6069
vn -0.3464 -0.0645 0.9359
vn -0.8435 -0.0533 0.5345
vn -0.7294 -0.6613 0.1749
vn 0.3464 -0.0645 0.9359
vn -0.5047 -0.2491 0.8266
vn -0.9325 -0.3571 -0.0538
vn -0.8684 -0.2130 -0.4477
vn -0.9372 -0.3466 -0.0395
vn -0.8373 -0.3416 0.4268
vn -0.9104 -0.3872 0.1459
vn -0.8687 0.1494 0.4724
vn -0.9891 -0.0757 0.1260
vn -0.9326 -0.2662 -0.2438
vn -0.6935 -0.1364 -0.7075
vn 0.3862 0.4151 -0.8237
vn 0.4467 0.4971 -0.7439
vn -0.3654 -0.0763 -0.9277
vn -0.6975 -0.7161 0.0244
vn -0.7134 -0.6907 -0.1182
vn -0.7456 -0.6017 -0.2864
vn 0.2133 0.7171 0.6635
vn 0.9239 0.3124 -0.2209
vn 0.9167 0.3991 0.0178
vn -0.5728 -0.1100 -0.8123
vn -0.0131 0.1966 -0.9804
vn 0.2533 0.5427 0.8008
vn 0.5645 0.6144 0.5512
vn 0.0248 0.6127 0.7899
vn -0.6669 0.4777 0.5719
vn -0.3421 0.2728 0.8992
vn -0.7284 0.5502 0.4082
vn -0.8759 -0.4622 -0.1386
vn -0.7149 -0.2892 -0.6366
vn -0.3440 0.1678 -0.9238
vn -0.9223 -0.3605 -0.1391
vn 0.5940 -0.7870 -0.1668
vn 0.0724 -0.8734 0.4817
vn -0.4360 -0.8775 0.1999
vn 0.0404 -0.8213 -0.5691
vn 0.8979 0.4234 -0.1202
vn 0.8398 0.5376 0.0759
vn 0.5155 -0.0063 0.8569
vn -0.0115 -0.5586 0.8294
vn -0.2371 -0.2717 0.9327
vn 0.4252 0.2992 0.8542
vn -0.1459 -0.5751 0.8050
vn -0.2361 -0.4939 0.8368
vn 0.2911 0.0768 0.9536
vn -0.5618 0.2879 0.7755
vn -0.7055 0.0952 0.7023
vn 0.6844 0.4647 0.5618
vn 0.7680 0.5682 0.2956
vn 0.5458 -0.8306 0.1108
vn 0.9626 0.0148 0.2705
vn 0.5407 -0.0571 -0.8393
vn 0.0209 -0.6772 -0.7355
vn 0.9339 0.3299 0.1375
vn 0.8021 0.5079 0.3140
vn 0.8372 0.5278 0.1429
vn 0.8272 0.5116 -0.2324
vn 0.7418 0.2697 -0.6139
vn 0.9380 0.3094 -0.1565
vn 0.8488 0.4476 -0.2815
vn -0.7268 -0.6763 -0.1197
vn -0.6476 -0.7609 -0.0407
vn -0.6589 -0.7340 -0.1644
vn 0.8368 0.5260 0.1520
vn 0.7997 0.5656 0.2014
vn 0.8273 0.5586 0.0600
vn 0.8386 0.5444 -0.0203
vn 0.8448 0.5186 -0.1316
vn 0.8434 0.3813 -0.3784
vn 0.8721 0.4890 -0.0157
vn 0.8473 0.4490 -0.2836
vn 0.7317 0.3291 0.5969
vn 0.2634 0.0108 -0.9646
vn 0.7234 0.4988 -0.4774
vn 0.8224 0.5486 -0.1505
vn 0.6396 0.6069 0.4718
vn 0.9015 0.1953 -0.3863
vn 0.7238 -0.4432 -0.5288
vn 0.6209 -0.7533 0.2167
vn 0.3287 0.1221 -0.9365
vn 0.8261 0.5202 -0.2166
vn 0.8120 0.5366 -0.2295
vn 0.8556 0.5150 -0.0517
vn -0.0260 -0.9953 -0.0929
vn 0.7881 -0.6075 -0.0992
vn 0.4823 -0.6976 -0.5299
vn 0.5394 -0.8177 0.2012
vn 0.5172 -0.1231 0.8469
vn 0.9494 -0.0975 -0.2985
vn 0.8761 0.4453 -0.1848
vn 0.9815 0.0048 -0.1913
vn 0.4988 -0.5046 -0.7046
vn -0.2227 -0.9704 -0.0938
vn 0.1065 -0.0365 0.9936
vn 0.7863 0.5254 0.3252
vn 0.6973 0.5208 0.4924
vn -0.8273 0.5586 0.0600
vn -0.8372 0.5278 0.1429
vn -0.7997 0.5656 0.2014
vn 0.5833 0.3105 -0.7505
vn 0.5204 0.3474 -0.7801
vn 0.8848 -0.1977 -0.4219
vn -0.1932 -0.6191 -0.7612
vn 0.1292 -0.9070 0.4008
vn -0.4915 -0.1484 0.8581
vn -0.4296 0.4454 0.7855
vn -0.8147 -0.0105 0.5797
vn -0.2950 0.5091 0.8086
vn 0.6900 0.3363 0.6410
vn 0.6014 0.6179 0.5065
vn 0.1444 0.7432 0.6533
vn 0.5277 -0.6356 0.5635
vn 0.7294 -0.6613 0.1749
vn 0.9528 -0.2121 0.2172
vn 0.5047 -0.2491 0.8266
vn -0.6981 -0.1978 0.6881
vn 0.1974 -0.8055 -0.5587
vn 0.7138 -0.6306 -0.3047
vn 0.9572 -0.0451 0.2858
vn 0.3342 -0.8775 -0.3441
vn 0.4524 -0.8593 0.2385
vn -0.4224 -0.8696 0.2556
vn -0.6715 0.3461 0.6552
vn 0.0168 0.6437 0.7651
vn -0.9379 -0.0340 0.3453
vn -0.7949 -0.5259 -0.3026
vn -0.7446 -0.6659 -0.0471
vn -0.1897 0.6266 0.7559
vn -0.0969 0.7640 0.6380
vn -0.5788 -0.6726 0.4611
vn -0.6175 -0.6819 -0.3920
vn -0.7132 -0.5100 -0.4809
vn 0.6827 0.6638 0.3055
vn -0.7765 -0.6276 0.0571
vn 0.9430 0.3105 0.1198
vn 0.9490 0.2790 0.1469
vn 0.9026 0.4304 0.0100
vn 0.7337 -0.0251 0.6790
vn 0.8193 0.4879 0.3011
vn 0.7942 0.4801 -0.3725
vn 0.6295 0.2999 -0.7168
vn 0.8366 0.4871 -0.2506
vn -0.6028 0.3960 0.6927
vn 0.1098 -0.5424 -0.8329
vn -0.6677 -0.6283 -0.3992
vn 0.8627 0.5009 -0.0689
vn 0.8086 0.5123 0.2892
vn 0.8247 0.5442 -0.1539
vn -0.1238 -0.0411 -0.9915
vn 0.4507 0.3928 -0.8016
vn 0.0065 -0.1242 -0.9922
vn -0.9704 -0.1925 0.1459
vn 0.2631 0.6044 0.7520
vn 0.8376 0.4852 0.2511
vn 0.8739 0.4661 0.1381
vn 0.2171 0.0459 -0.9751
vn 0.7323 0.4246 -0.5324
vn 0.8321 -0.3560 0.4253
vn 0.6293 0.2949 0.7190
vn 0.5097 0.0512 0.8588
vn 0.8607 0.0497 0.5066
vn 0.6951 0.5610 0.4495
vn 0.1026 -0.0242 0.9944
vn -0.5256 -0.6448 -0.5549
vn -0.5668 -0.6067 -0.5573
vn -0.7233 -0.4155 0.5515
vn -0.7401 -0.5470 0.3912
vn -0.1640 -0.2376 0.9574
vn 0.7777 0.4982 0.3835
vn 0.7633 0.5018 -0.4069
vn 0.7244 0.5922 0.3529
vn 0.3453 -0.8564 -0.3839
vn 0.7803 -0.6235 -0.0487
vn 0.2104 -0.4994 0.8405
vn 0.7427 -0.0009 -0.6696
vn -0.0016 0.0302 0.9995
vn 0.4620 0.3956 0.7938
vn -0.6653 -0.7264 -0.1724
vn -0.5515 -0.8270 -0.1094
vn -0.4558 -0.8895 -0.0312
vn 0.8039 -0.1660 -0.5711
vn 0.1494 -0.7294 -0.6676
vn 0.7428 0.1604 -0.6500
vn 0.8584 0.3289 -0.3937
vn 0.8159 0.4897 -0.3075
vn 0.1088 -0.2002 -0.9737
vn 0.4333 -0.8987 -0.0684
vn 0.4281 -0.7941 0.4314
vn -0.4443 -0.8536 0.2718
vn 0.8462 0.4781 -0.2354
vn 0.8510 0.5018 -0.1547
vn 0.5140 -0.0701 -0.8549
vn 0.8538 0.5184 0.0488
vn 0.8263 0.5589 -0.0689
vn -0.0232 -0.4445 0.8955
vn -0.4056 -0.1414 0.9031
vn 0.8094 0.5240 0.2651
vn 0.7218 0.5827 0.3734
vn 0.3988 0.3971 0.8266
vn 0.8581 0.4915 0.1484
vn 0.7961 0.5320 -0.2884
vn 0.6506 0.5796 -0.4907
vn 0.7867 0.4874 0.3790
vn 0.8292 -0.0791 0.5533
vn 0.8253 0.4186 0.3789
vn 0.8475 0.5308 -0.0012
vn -0.2025 -0.0533 -0.9778
vn -0.0319 -0.4543 -0.8903
vn -0.7128 -0.6300 -0.3082
vn -0.1920 0.0399 0.9806
vn 0.6260 0.5922 0.5073
vn 0.6340 0.4833 0.6037
vn -0.8021 -0.5457 0.2424
vn -0.5637 -0.7101 -0.4219
vn 0.6240 0.2771 -0.7307
vn 0.1868 -0.2847 -0.9402
vn -0.5192 -0.8545 -0.0170
vn -0.5223 -0.8431 0.1281
vn -0.3498 -0.9142 0.2044
vn 0.1491 -0.6803 -0.7176
vn 0.6840 -0.5361 -0.4947
vn 0.9934 -0.1011 0.0533
vn 0.2156 0.5151 0.8296
vn -0.1198 0.0777 0.9897
vn -0.0329 0.0742 -0.9967
vn 0.6286 0.4671 -0.6218
vn -0.3528 -0.0106 -0.9356
vn -0.7576 -0.5010 -0.4183
vn -0.2735 0.1286 0.9533
vn 0.2657 0.4887 -0.8310
vn -0.7539 -0.5946 -0.2795
vn -0.6031 -0.6029 0.5223
vn -0.7413 -0.6673 -0.0725
vn -0.5750 -0.6700 0.4695
vn -0.5078 -0.8600 0.0511
vn 0.7694 0.6376 -0.0380
vn 0.7801 0.5748 -0.2471
vn 0.8824 0.4705 0.0038
vn 0.8431 0.5207 -0.1341
vn 0.7708 0.6051 -0.1994
vn 0.0658 -0.2762 0.9589
vn 0.1489 -0.2114 0.9660
vn 0.8838 0.3827 0.2693
vn 0.7475 0.2166 0.6280
vn 0.8075 -0.0624 0.5865
vn 0.2354 -0.8177 0.5253
vn 0.2997 -0.8125 -0.5000
vn 0.5233 -0.8518 0.0258
vn -0.0389 -0.3990 0.9161
vn 0.0652 -0.1536 0.9860
vn -0.6646 -0.6396 0.3863
vn 0.6135 0.1075 -0.7824
vn -0.3492 -0.9144 0.2046
vn 0.5256 0.3132 0.7910
vn -0.7238 -0.4432 -0.5288
vn -0.6255 -0.7610 0.1724
vn -0.6280 -0.7661 -0.1364
vn 0.9964 0.0761 0.0373
vn 0.3971 0.5005 0.7693
vn -0.5653 -0.7431 0.3581
vn 0.9353 0.2850 0.2097
vn 0.9189 0.3512 0.1799
vn 0.3782 0.5328 -0.7570
vn 0.5379 0.3921 -0.7462
vn 0.3501 -0.6263 0.6966
vn -0.3495 -0.0813 -0.9334
vn -0.7032 -0.6123 -0.3615
vn 0.7636 0.5367 -0.3590
vn 0.7339 0.2780 0.6198
vn -0.4647 -0.8753 0.1338
vn -0.5232 -0.8522 0.0036
vn -0.6450 -0.7367 0.2031
vn 0.7975 0.4423 -0.4103
vn 0.5856 0.1668 -0.7932
vn 0.8585 0.2037 -0.4707
vn -0.6407 0.1713 -0.7485
vn -0.7057 -0.5956 0.3836
vn -0.6209 -0.7533 0.2167
vn -0.3287 0.1221 -0.9365
vn 0.5068 0.5104 -0.6947
vn -0.6486 -0.7611 0.0078
vn 0.4497 -0.5935 -0.6675
vn 0.9395 0.1286 0.3174
vn 0.9980 -0.0458 0.0446
vn 0.8746 0.4211 -0.2403
vn -0.0812 -0.4914 -0.8671
vn -0.3965 -0.8734 0.2829
vn -0.5366 -0.7744 0.3351
vn 0.6407 0.1713 -0.7485
vn -0.6281 0.5533 -0.5472
vn -0.6909 -0.7147 0.1087
vn 0.6636 -0.2543 0.7035
vn 0.3746 -0.3933 0.8396
vn -0.0498 -0.7406 0.6701
vn -0.4097 -0.8969 0.1664
vn 0.0143 -0.5803 0.8143
vn -0.8651 -0.4884 -0.1140
vn 0.4002 -0.3350 0.8530
vn 0.8898 0.3581 0.2827
vn 0.6281 0.5533 -0.5472
vn 0.5460 0.5998 -0.5849
vn -0.5482 -0.0286 -0.8359
vn -0.4008 -0.3993 -0.8245
vn 0.6461 0.0653 0.7605
vn 0.2257 -0.3654 0.9031
vn 0.3906 -0.9041 -0.1732
vn 0.2795 -0.7950 0.5384
vn 0.9086 0.4159 0.0373
vn 0.8658 0.3581 0.3496
vn 0.6562 0.4176 -0.6285
vn -0.0303 0.5266 -0.8496
vn 0.3325 0.0835 -0.9394
vn 0.1359 -0.7653 -0.6291
vn -0.4002 -0.8450 0.3547
vn -0.2740 -0.9614 0.0254
vn -0.4134 -0.9072 -0.0785
vn 0.0584 0.0457 -0.9972
vn 0.0703 0.2351 -0.9694
vn -0.5762 -0.8164 0.0379
vn -0.3207 -0.5248 -0.7885
vn -0.1647 -0.6527 -0.7395
vn 0.4858 0.0188 0.8739
vn -0.1107 -0.4389 0.8917
vn -0.6641 -0.7475 -0.0182
vn -0.9121 -0.3317 -0.2410
vn -0.8783 -0.4763 -0.0422
vn -0.5924 -0.4059 -0.6959
vn -0.5607 -0.8018 -0.2069
vn -0.8061 -0.5673 -0.1683
vn -0.7194 -0.6339 -0.2839
vn -0.1233 -0.0606 0.9905
vn -0.6564 -0.5574 0.5083
vn -0.5344 -0.2689 -0.8013
vn -0.7883 -0.6141 -0.0389
vn -0.6076 -0.7931 0.0419
vn -0.7135 -0.6977 0.0640
vn -0.6852 -0.7263 0.0548
vn -0.6396 0.6069 0.4718
vn -0.2629 0.3769 0.8882
vn -0.2304 0.3794 0.8961
vn -0.8272 0.5116 -0.2324
vn -0.8021 0.5079 0.3140
vn -0.8448 0.5186 -0.1316
vn -0.8120 0.5366 -0.2295
vn -0.8224 0.5486 -0.1505
vn -0.8386 0.5444 -0.0203
vn -0.4002 -0.3350 0.8530
vn 0.7057 -0.5956 0.3836
vn -0.8368 0.5260 0.1520
vn -0.7550 0.6229 0.2048
vn -0.8731 0.4853 -0.0472
vn -0.8434 0.3813 -0.3784
vn -0.8721 0.4890 -0.0157
vn 0.1871 0.3844 -0.9040
vn 0.8329 0.4683 -0.2948
vn 0.8154 0.4776 -0.3271
vn 0.5702 0.4874 -0.6613
vn 0.7012 0.5463 -0.4581
vn -0.8398 0.5376 0.0759
vn -0.7680 0.5682 0.2956
vn 0.8651 -0.4884 -0.1140
vn 0.9224 0.3826 0.0523
vn 0.9281 0.3636 -0.0798
vn 0.8052 -0.0752 0.5883
vn 0.0619 -0.4232 -0.9039
vn 0.6722 -0.7364 -0.0762
vn -0.7416 0.5181 0.4261
vn -0.5204 0.3474 -0.7801
vn 0.4728 0.0678 0.8786
vn 0.4915 -0.1484 0.8581
vn -0.0226 0.5917 0.8058
vn 0.4019 0.4717 0.7849
vn 0.7421 0.3174 0.5904
vn -0.9339 0.3299 0.1375
vn -0.8979 0.4234 -0.1202
vn -0.5460 0.6279 0.5547
vn 0.7191 0.3385 0.6069
vn 0.8435 -0.0533 0.5345
vn 0.8783 -0.4763 -0.0422
vn 0.9121 -0.3317 -0.2410
vn 0.9326 -0.2662 -0.2438
vn 0.8373 -0.3416 0.4268
vn 0.9372 -0.3466 -0.0395
vn 0.8684 -0.2130 -0.4477
vn 0.9325 -0.3571 -0.0538
vn -0.9167 0.3991 0.0178
vn -0.9239 0.3124 -0.2209
vn -0.2133 0.7171 0.6635
vn 0.6935 -0.1364 -0.7075
vn 0.6975 -0.7161 0.0244
vn 0.6852 -0.7263 0.0548
vn 0.6476 -0.7609 -0.0407
vn -0.3862 0.4151 -0.8237
vn 0.3440 0.1678 -0.9238
vn 0.7149 -0.2892 -0.6366
vn 0.3654 -0.0763 -0.9277
vn 0.0131 0.1966 -0.9804
vn 0.5728 -0.1100 -0.8123
vn 0.8687 0.1494 0.4724
vn 0.5618 0.2879 0.7755
vn 0.8731 0.4853 -0.0472
vn 0.9223 -0.3605 -0.1391
vn 0.7446 -0.6659 -0.0471
vn 0.4360 -0.8775 0.1999
vn -0.0404 -0.8213 -0.5691
vn 0.0115 -0.5586 0.8294
vn -0.5155 -0.0063 0.8569
vn -0.4252 0.2992 0.8542
vn 0.2371 -0.2717 0.9327
vn 0.7055 0.0952 0.7023
vn 0.9104 -0.3872 0.1459
vn -0.4467 0.4971 -0.7439
vn -0.5068 0.5105 -0.6947
vn -0.8746 0.4211 -0.2403
vn -0.7636 0.5367 -0.3590
vn -0.5407 -0.0571 -0.8393
vn -0.9626 0.0148 0.2705
vn -0.5458 -0.8306 0.1108
vn -0.0209 -0.6772 -0.7355
vn -0.5645 0.6144 0.5512
vn 0.0812 -0.4914 -0.8671
vn -0.5140 -0.0701 -0.8549
vn -0.2533 0.5427 0.8008
vn -0.7339 0.2780 0.6198
vn -0.3971 0.5005 0.7693
vn -0.7317 0.3291 0.5969
vn -0.9015 0.1953 -0.3863
vn 0.1897 0.6266 0.7559
vn 0.0969 0.7640 0.6380
vn -0.8488 0.4476 -0.2815
vn -0.8261 0.5202 -0.2166
vn -0.8556 0.5150 -0.0517
vn 0.9379 -0.0340 0.3453
vn 0.7949 -0.5259 -0.3026
vn 0.6715 0.3461 0.6552
vn -0.1444 0.7432 0.6533
vn -0.9815 0.0048 -0.1913
vn -0.4988 -0.5046 -0.7046
vn -0.5940 -0.7870 -0.1668
vn 0.2950 0.5091 0.8086
vn -0.0168 0.6437 0.7651
vn 0.1459 -0.5751 0.8050
vn 0.3965 -0.8734 0.2829
vn 0.2227 -0.9704 -0.0938
vn -0.4823 -0.6976 -0.5299
vn -0.7881 -0.6075 -0.0992
vn 0.0260 -0.9953 -0.0929
vn -0.5172 -0.1231 0.8469
vn -0.5394 -0.8177 0.2012
vn -0.9494 -0.0975 -0.2985
vn -0.8761 0.4453 -0.1848
vn 0.2361 -0.4939 0.8368
vn -0.2911 0.0768 0.9536
vn -0.9380 0.3094 -0.1565
vn -0.7418 0.2697 -0.6139
vn -0.5833 0.3105 -0.7505
vn -0.1292 -0.9070 0.4008
vn 0.1932 -0.6191 -0.7612
vn -0.8848 -0.1977 -0.4219
vn -0.8473 0.4490 -0.2836
vn 0.6981 -0.1978 0.6881
vn 0.8147 -0.0105 0.5797
vn 0.4296 0.4454 0.7855
vn -0.6014 0.6179 0.5065
vn -0.6900 0.3363 0.6410
vn -0.5277 -0.6356 0.5635
vn -0.9528 -0.2121 0.2172
vn -0.9572 -0.0451 0.2858
vn -0.7337 -0.0251 0.6790
vn -0.8193 0.4879 0.3011
vn -0.0724 -0.8734 0.4817
vn -0.2171 0.0459 -0.9751
vn 0.7132 -0.5100 -0.4809
vn 0.1238 -0.0411 -0.9915
vn -0.7323 0.4246 -0.5324
vn -0.1974 -0.8055 -0.5587
vn -0.7138 -0.6306 -0.3047
vn -0.1026 -0.0242 0.9944
vn 0.0016 0.0302 0.9995
vn 0.7401 -0.5470 0.3912
vn -0.6827 0.6638 0.3055
vn -0.7633 0.5018 -0.4069
vn 0.7765 -0.6276 0.0571
vn -0.2631 0.6044 0.7520
vn -0.9964 0.0761 0.0373
vn -0.8366 0.4871 -0.2506
vn -0.6295 0.2999 -0.7168
vn -0.7942 0.4801 -0.3725
vn -0.8086 0.5123 0.2892
vn -0.8627 0.5009 -0.0689
vn -0.8247 0.5442 -0.1539
vn 0.6028 0.3960 0.6927
vn -0.8739 0.4661 0.1381
vn -0.9026 0.4304 0.0100
vn -0.8321 -0.3559 0.4253
vn -0.9490 0.2790 0.1469
vn -0.1065 -0.0365 0.9936
vn -0.7863 0.5254 0.3252
vn -0.8376 0.4852 0.2511
vn -0.6293 0.2949 0.7190
vn -0.3342 -0.8775 -0.3441
vn -0.4524 -0.8593 0.2385
vn -0.0065 -0.1242 -0.9922
vn -0.4507 0.3928 -0.8016
vn 0.5788 -0.6726 0.4611
vn 0.6677 -0.6283 -0.3992
vn -0.4620 0.3956 0.7938
vn -0.7803 -0.6235 -0.0487
vn -0.7244 0.5922 0.3529
vn -0.8538 0.5184 0.0488
vn -0.8263 0.5589 -0.0689
vn 0.4224 -0.8696 0.2556
vn 0.1640 -0.2376 0.9574
vn -0.1098 -0.5424 -0.8329
vn -0.8462 0.4781 -0.2354
vn -0.8094 0.5240 0.2651
vn -0.8510 0.5018 -0.1547
vn -0.7777 0.4982 0.3835
vn -0.2104 -0.4994 0.8405
vn -0.7427 -0.0009 -0.6696
vn 0.6175 -0.6819 -0.3920
vn -0.2156 0.5151 0.8296
vn -0.3988 0.3971 0.8266
vn 0.4056 -0.1414 0.9031
vn 0.7233 -0.4155 0.5515
vn 0.5256 -0.6448 -0.5549
vn 0.6653 -0.7264 -0.1724
vn -0.1088 -0.2002 -0.9737
vn -0.8159 0.4897 -0.3075
vn -0.8584 0.3289 -0.3937
vn -0.1494 -0.7294 -0.6676
vn -0.8039 -0.1660 -0.5711
vn -0.7428 0.1604 -0.6500
vn -0.8607 0.0497 0.5066
vn -0.5097 0.0512 0.8588
vn -0.6951 0.5610 0.4495
vn 0.2735 0.1286 0.9533
vn 0.8021 -0.5457 0.2424
vn 0.1920 0.0399 0.9806
vn 0.5668 -0.6067 -0.5573
vn -0.4281 -0.7941 0.4314
vn -0.4332 -0.8987 -0.0684
vn 0.4443 -0.8536 0.2718
vn -0.7218 0.5827 0.3734
vn -0.3453 -0.8564 -0.3839
vn -0.7867 0.4874 0.3790
vn -0.6506 0.5796 -0.4907
vn -0.7961 0.5320 -0.2885
vn -0.8581 0.4915 0.1484
vn -0.8253 0.4186 0.3789
vn -0.8292 -0.0791 0.5533
vn -0.8475 0.5308 -0.0012
vn 0.5637 -0.7101 -0.4219
vn 0.0232 -0.4445 0.8955
vn -0.6260 0.5922 0.5073
vn -0.1868 -0.2847 -0.9402
vn -0.6240 0.2771 -0.7306
vn -0.6340 0.4833 0.6037
vn 0.7883 -0.6141 -0.0389
vn 0.8061 -0.5673 -0.1683
vn 0.7268 -0.6763 -0.1197
vn 0.1198 0.0777 0.9897
vn 0.0319 -0.4543 -0.8903
vn 0.2025 -0.0533 -0.9778
vn 0.7128 -0.6300 -0.3082
vn 0.0329 0.0742 -0.9967
vn 0.7576 -0.5010 -0.4183
vn 0.3528 -0.0106 -0.9356
vn -0.6286 0.4671 -0.6218
vn 0.6646 -0.6396 0.3863
vn -0.0652 -0.1536 0.9860
vn 0.0389 -0.3990 0.9161
vn 0.3498 -0.9142 0.2044
vn 0.5192 -0.8545 -0.0170
vn 0.4558 -0.8895 -0.0312
vn -0.7694 0.6376 -0.0380
vn -0.9934 -0.1011 0.0533
vn -0.1489 -0.2114 0.9660
vn 0.6589 -0.7340 -0.1644
vn 0.7194 -0.6339 -0.2839
vn -0.1491 -0.6803 -0.7176
vn -0.6841 -0.5361 -0.4947
vn -0.8431 0.5207 -0.1341
vn -0.7708 0.6051 -0.1994
vn -0.7801 0.5748 -0.2471
vn -0.8824 0.4705 0.0038
vn -0.7475 0.2166 0.6280
vn -0.2657 0.4886 -0.8310
vn -0.8075 -0.0624 0.5865
vn -0.2354 -0.8177 0.5253
vn -0.6135 0.1075 -0.7824
vn -0.5379 0.3921 -0.7462
vn -0.5256 0.3132 0.7910
vn 0.7539 -0.5946 -0.2795
vn -0.0658 -0.2762 0.9589
vn 0.6031 -0.6029 0.5223
vn -0.5233 -0.8518 0.0258
vn 0.3492 -0.9144 0.2046
vn 0.6280 -0.7661 -0.1364
vn 0.6255 -0.7610 0.1724
vn 0.5232 -0.8522 0.0036
vn 0.6450 -0.7367 0.2031
vn 0.6564 -0.5574 0.5083
vn -0.8838 0.3827 0.2693
vn 0.7032 -0.6123 -0.3615
vn 0.3495 -0.0813 -0.9334
vn -0.3501 -0.6263 0.6966
vn 0.5653 -0.7431 0.3581
vn -0.2997 -0.8125 -0.5000
vn 0.6909 -0.7147 0.1087
vn -0.3782 0.5328 -0.7570
vn -0.8585 0.2037 -0.4707
vn -0.5856 0.1668 -0.7932
vn -0.7975 0.4423 -0.4103
vn -0.4497 -0.5935 -0.6675
vn -0.9430 0.3105 0.1198
vn -0.8329 0.4683 -0.2948
vn -0.8154 0.4776 -0.3271
vn 0.5223 -0.8431 0.1281
vn -0.9980 -0.0458 0.0446
vn -0.6844 0.4647 0.5618
vn -0.9189 0.3512 0.1799
vn -0.3746 -0.3933 0.8396
vn -0.6636 -0.2543 0.7035
vn -0.9353 0.2850 0.2097
vn 0.4097 -0.8969 0.1664
vn -0.0143 -0.5803 0.8143
vn -0.8898 0.3581 0.2827
vn 0.0302 0.5266 -0.8496
vn -0.5460 0.5998 -0.5849
vn 0.0498 -0.7406 0.6701
vn 0.4008 -0.3993 -0.8245
vn 0.5482 -0.0286 -0.8359
vn -0.9086 0.4159 0.0373
vn 0.5750 -0.6700 0.4695
vn 0.7413 -0.6673 -0.0725
vn 0.5078 -0.8600 0.0511
vn -0.1871 0.3844 -0.9040
vn -0.0248 0.6127 0.7899
vn -0.0703 0.2351 -0.9694
vn -0.8658 0.3581 0.3496
vn -0.6562 0.4176 -0.6285
vn -0.2257 -0.3654 0.9031
vn -0.6461 0.0653 0.7605
vn -0.6973 0.5208 0.4924
vn -0.7234 0.4988 -0.4774
vn -0.9395 0.1286 0.3174
vn 0.5762 -0.8164 0.0379
vn 0.4134 -0.9072 -0.0785
vn -0.2634 0.0108 -0.9646
vn -0.0584 0.0457 -0.9973
vn -0.4858 0.0188 0.8739
vn 0.4002 -0.8450 0.3547
vn 0.1107 -0.4389 0.8917
vn 0.6641 -0.7475 -0.0182
vn 0.9891 -0.0757 0.1260
vn 0.8759 -0.4622 -0.1386
vn 0.1233 -0.0606 0.9905
vn 0.5924 -0.4059 -0.6959
vn 0.2740 -0.9614 0.0254
vn 0.1647 -0.6527 -0.7395
vn 0.5607 -0.8018 -0.2069
vn 0.5366 -0.7744 0.3351
vn 0.4647 -0.8753 0.1338
vn 0.7135 -0.6977 0.0640
vn 0.3207 -0.5248 -0.7885
vn 0.9704 -0.1925 0.1459
vn 0.6076 -0.7931 0.0419
vn 0.5515 -0.8270 -0.1094
vn 0.7134 -0.6907 -0.1182
vn 0.7456 -0.6017 -0.2864
vn 0.5344 -0.2689 -0.8013
vn -0.7012 0.5463 -0.4581
vn -0.9224 0.3826 0.0523
vn 0.6486 -0.7611 0.0078
vn -0.2795 -0.7950 0.5384
vn -0.3906 -0.9041 -0.1732
vn 0.2304 0.3794 0.8961
vn -0.5702 0.4874 -0.6613
vn -0.9281 0.3636 -0.0798
vn -0.1359 -0.7653 -0.6291
vn -0.8052 -0.0752 0.5883
vn -0.0619 -0.4232 -0.9039
vn -0.6722 -0.7364 -0.0762
vn -0.3324 0.0835 -0.9394
vn 0.7550 0.6229 0.2048
vn 0.0144 0.1060 -0.9943
vn 0.0680 0.2980 -0.9521
vn 0.2032 0.3393 -0.9185
vn 0.1269 0.1932 -0.9729
vn -0.0505 0.0751 -0.9959
vn -0.0000 0.0344 -0.9994
vn -0.4710 0.8101 -0.3492
vn -0.6272 0.7221 -0.2918
vn -0.3591 0.4638 -0.8099
vn -0.2613 0.3674 -0.8926
vn 0.4829 0.7037 0.5211
vn 0.4710 0.8101 -0.3492
vn 0.6272 0.7221 -0.2918
vn 0.5768 0.6382 0.5099
vn -0.7952 0.4746 -0.3774
vn -0.4634 0.4160 -0.7824
vn 0.2613 0.3675 -0.8926
vn 0.1349 0.1754 -0.9752
vn 0.0740 0.3855 -0.9197
vn -0.0680 0.2980 -0.9521
vn -0.0740 0.3855 -0.9197
vn -0.1349 0.1754 -0.9752
vn -0.1269 0.1932 -0.9729
vn -0.7663 -0.5667 0.3026
vn -0.6825 -0.2445 0.6888
vn -0.6588 -0.4314 0.6163
vn -0.5808 -0.7871 0.2079
vn 0.2521 0.3797 -0.8901
vn 0.0204 0.4040 0.9145
vn -0.0000 0.4326 0.9016
vn -0.0967 0.1521 0.9836
vn -0.3348 0.1921 0.9225
vn -0.3975 0.0740 0.9146
vn -0.7246 -0.0779 0.6848
vn -0.9725 -0.2304 -0.0351
vn -0.9173 -0.3703 0.1465
vn -0.9398 -0.3229 -0.1117
vn -0.9249 -0.3353 -0.1793
vn -0.4595 -0.4995 -0.7344
vn -0.1734 -0.5407 -0.8231
vn -0.1821 -0.2175 -0.9589
vn -0.5101 -0.2270 -0.8296
vn -0.2238 0.1552 0.9622
vn -0.2689 -0.1638 0.9491
vn -0.5176 -0.0991 0.8498
vn 0.3591 0.4638 -0.8099
vn 0.8666 -0.1418 -0.4784
vn 0.8353 0.1201 -0.5365
vn 0.5311 0.2064 -0.8218
vn 0.5101 -0.2270 -0.8296
vn 0.2304 0.6554 -0.7193
vn 0.1367 -0.9833 -0.1205
vn 0.4995 -0.8600 0.1042
vn 0.2286 -0.9143 0.3343
vn 0.6624 0.5112 0.5476
vn 0.3379 0.5803 0.7410
vn 0.3065 0.3333 0.8916
vn 0.7294 0.2764 0.6257
vn 0.2689 -0.1638 0.9491
vn 0.0967 0.1521 0.9836
vn 0.6588 -0.4314 0.6163
vn 0.5808 -0.7871 0.2079
vn 0.2667 -0.9264 0.2660
vn 0.3197 -0.5066 0.8007
vn 0.8597 -0.4967 -0.1193
vn 0.8561 -0.4965 0.1436
vn 0.7246 -0.0779 0.6848
vn 0.9161 -0.0901 0.3907
vn -0.6753 0.1142 0.7287
vn -0.4467 0.3845 0.8079
vn -0.0731 0.4709 0.8792
vn -0.0500 0.2508 -0.9667
vn 0.0500 0.2508 -0.9667
vn -0.9161 -0.0901 0.3907
vn -0.9984 0.0280 0.0496
vn -0.7706 0.1848 0.6099
vn -0.8711 0.3573 0.3370
vn -0.7385 -0.6742 -0.0080
vn -0.8501 -0.5160 -0.1055
vn -0.5311 0.2064 -0.8218
vn -0.8353 0.1201 -0.5365
vn -0.3197 -0.5066 0.8007
vn -0.2667 -0.9264 0.2660
vn 0.2238 0.1552 0.9622
vn 0.5176 -0.0991 0.8498
vn -0.1367 -0.9833 -0.1205
vn 0.2248 -0.0962 0.9697
vn 0.0658 -0.0928 0.9935
vn 0.1798 -0.0684 0.9813
vn 0.3348 0.1921 0.9225
vn -0.0205 0.4040 0.9145
vn 0.0730 0.4709 0.8792
vn -0.1551 0.5460 0.8233
vn 0.6753 0.1142 0.7287
vn 0.7706 0.1848 0.6100
vn 0.9984 0.0280 0.0496
vn -0.8666 -0.1418 -0.4784
vn -0.5768 0.6382 0.5099
vn -0.3091 0.6908 0.6536
vn -0.4723 0.4840 0.7367
vn 0.3091 0.6908 0.6536
vn 0.3618 0.9322 -0.0123
vn -0.7097 -0.3856 -0.5897
vn 0.4723 0.4840 0.7367
vn -0.2683 0.2391 -0.9332
vn -0.2521 0.3797 -0.8901
vn -0.8978 -0.3884 -0.2075
vn 0.2683 0.2391 -0.9332
vn -0.4282 0.4976 0.7544
vn -0.2304 0.6554 -0.7192
vn -0.3618 0.9322 -0.0123
vn -0.4829 0.7037 0.5211
vn -0.8192 -0.3990 0.4119
vn -0.8567 -0.4993 0.1297
vn -0.7591 -0.5756 0.3040
vn 0.4634 0.4160 -0.7824
vn 0.7952 0.4746 -0.3774
vn -0.1068 0.5746 0.8114
vn -0.2520 0.2387 0.9378
vn -0.1961 -0.0005 0.9806
vn -0.0096 -0.1419 0.9898
vn -0.0438 0.0613 0.9972
vn 0.1551 0.5460 0.8233
vn -0.6173 -0.7863 0.0258
vn -0.4280 -0.4063 0.8073
vn -0.4817 -0.1333 0.8661
vn -0.4477 -0.1582 0.8801
vn -0.3553 -0.3394 0.8709
vn 0.4467 0.3844 0.8079
vn 0.4282 0.4975 0.7544
vn 0.2719 -0.4944 0.8256
vn -0.2719 -0.4944 0.8256
vn -0.2286 -0.9143 0.3343
vn -0.3401 -0.9343 -0.1070
vn -0.4995 -0.8600 0.1042
vn 0.1821 -0.2175 -0.9589
vn 0.1734 -0.5407 -0.8231
vn -0.6374 -0.5179 0.5705
vn -0.9065 -0.3391 -0.2514
vn -0.9460 -0.3204 -0.0496
vn -0.9600 -0.2728 -0.0629
vn -0.8841 -0.2665 0.3839
vn -0.9514 -0.2198 0.2158
vn -0.9499 -0.2561 0.1790
vn -0.8975 -0.3152 0.3085
vn -0.9733 -0.1981 0.1161
vn -0.9808 -0.1753 0.0850
vn 0.6374 -0.5179 0.5705
vn -0.9123 -0.4080 0.0360
vn -0.1798 -0.0684 0.9813
vn -0.4614 -0.2084 0.8624
vn 0.3401 -0.9343 -0.1070
vn -0.6290 -0.3117 0.7121
vn 0.8321 -0.5541 0.0254
vn 0.8306 -0.5476 -0.1012
vn 0.9912 -0.1286 -0.0306
vn 0.3364 -0.5766 -0.7445
vn 0.3515 -0.5849 -0.7310
vn -0.1081 -0.1012 0.9890
vn -0.1942 -0.1931 0.9618
vn -0.5138 0.0852 0.8537
vn -0.3137 0.2165 0.9245
vn 0.6825 -0.2445 0.6888
vn 0.3975 0.0740 0.9146
vn 0.8711 0.3573 0.3370
vn -0.9057 -0.3265 -0.2703
vn 0.7487 -0.5926 0.2971
vn 0.1068 0.5746 0.8114
vn 0.5803 -0.6766 -0.4533
vn 0.8192 -0.3990 0.4119
vn 0.7279 -0.3128 0.6102
vn 0.6290 -0.3117 0.7121
vn 0.6582 -0.7529 0.0028
vn 0.6173 -0.7863 0.0258
vn 0.9844 0.1085 0.1389
vn 0.9276 -0.2224 0.3001
vn 0.7946 -0.5564 0.2429
vn 0.7591 -0.5756 0.3040
vn 0.9687 -0.2167 -0.1213
vn 0.8454 -0.2237 0.4851
vn 0.5219 -0.6307 -0.5743
vn 0.9536 -0.0946 0.2859
vn 0.8711 -0.2858 0.3994
vn 0.4614 -0.2084 0.8624
vn 0.9599 0.2358 0.1518
vn 0.8975 0.3746 0.2328
vn 0.9527 0.1273 0.2761
vn 0.9785 0.0777 0.1912
vn -0.2582 0.8189 0.5125
vn -0.5807 0.6671 0.4667
vn -0.6058 0.6178 0.5012
vn -0.3684 0.6194 0.6933
vn 0.9873 -0.0992 0.1240
vn 0.3553 -0.3394 0.8709
vn 0.9279 -0.1391 0.3460
vn 0.9401 -0.3202 -0.1170
vn -0.1808 0.6435 0.7438
vn 0.0497 0.6054 0.7944
vn 0.1643 0.8152 0.5554
vn 0.9743 -0.1758 0.1411
vn 0.6540 0.6927 0.3040
vn 0.9552 -0.1894 0.2273
vn 0.9816 -0.1127 0.1543
vn 0.9854 -0.1080 0.1319
vn -0.1403 -0.5291 0.8369
vn -0.2248 -0.0962 0.9696
vn -0.0658 -0.0928 0.9935
vn 0.9898 -0.0105 0.1419
vn 0.9830 -0.1273 0.1322
vn 0.1403 -0.5291 0.8369
vn 0.4280 -0.4063 0.8073
vn 0.1600 -0.5853 0.7949
vn 0.4813 -0.2333 0.8449
vn 0.4597 -0.2086 0.8632
vn 0.7403 -0.2553 0.6218
vn -0.1600 -0.5853 0.7949
vn 0.4477 -0.1582 0.8801
vn 0.7073 0.2113 0.6746
vn 0.2520 0.2387 0.9378
vn 0.1961 -0.0005 0.9806
vn 0.5898 -0.0101 0.8075
vn 0.9791 0.0559 0.1956
vn 0.9284 0.0188 0.3712
vn 0.0096 -0.1419 0.9898
vn -0.0483 -0.2809 0.9585
vn 0.1317 -0.2546 0.9580
vn 0.0943 -0.4553 0.8853
vn 0.0588 -0.2404 0.9689
vn 0.2009 -0.4482 0.8711
vn 0.3137 0.2165 0.9245
vn 0.1081 -0.1012 0.9890
vn 0.4824 0.3291 0.8118
vn 0.6899 0.5056 0.5181
vn 0.5849 0.5356 0.6091
vn 0.2597 0.1719 0.9503
vn 0.5138 0.0852 0.8537
vn 0.2473 0.0218 0.9687
vn 0.1942 -0.1931 0.9618
vn 0.4487 0.1148 0.8863
vn 0.0674 0.2860 0.9559
vn 0.0438 0.0613 0.9972
vn 0.8841 -0.2665 0.3839
vn 0.9514 -0.2198 0.2158
vn 0.5830 -0.3327 0.7412
vn 0.7830 -0.1549 0.6025
vn 0.4153 -0.2750 0.8672
vn -0.4597 -0.2086 0.8632
vn -0.7279 -0.3128 0.6102
vn -0.0588 -0.2404 0.9689
vn 0.0483 -0.2809 0.9585
vn 0.9854 -0.0207 0.1691
vn -0.0814 0.2987 0.9509
vn -0.3330 0.4171 0.8457
vn 0.9671 0.2538 0.0153
vn 0.9308 0.3437 -0.1243
vn 0.9464 -0.1547 0.2834
vn 0.3310 0.0288 0.9432
vn 0.3253 -0.1448 0.9345
vn 0.4173 -0.1043 0.9028
vn 0.3566 0.0422 0.9333
vn 0.9476 0.0507 0.3155
vn 0.8180 -0.2165 0.5330
vn 0.6249 -0.1498 0.7662
vn 0.6975 -0.0463 0.7151
vn 0.8304 -0.0040 0.5572
vn -0.5898 -0.0101 0.8075
vn -0.7073 0.2113 0.6746
vn -0.9284 0.0188 0.3712
vn -0.7830 -0.1549 0.6025
vn 0.4501 -0.5785 0.6802
vn 0.5323 -0.1301 0.8365
vn 0.1808 -0.2631 0.9477
vn 0.5821 0.2345 0.7785
vn 0.5182 -0.0432 0.8541
vn 0.4769 0.1213 0.8706
vn 0.8454 0.5256 0.0947
vn -0.1702 0.7426 0.6477
vn -0.0378 0.8073 0.5890
vn -0.0511 0.5610 0.8262
vn -0.1367 0.1985 0.9705
vn -0.4813 -0.2333 0.8449
vn -0.7403 -0.2553 0.6218
vn 0.3972 -0.0421 0.9167
vn 0.3268 0.0993 0.9399
vn 0.9531 0.0992 0.2859
vn 0.9990 0.0134 0.0428
vn 0.6821 0.2828 0.6744
vn -0.4523 0.3069 0.8374
vn -0.4824 0.3291 0.8118
vn -0.6963 0.3418 0.6312
vn 0.2422 -0.2354 0.9412
vn 0.2990 -0.0535 0.9528
vn 0.0107 -0.0647 0.9978
vn -0.0893 0.1696 0.9815
vn -0.0482 0.3000 0.9527
vn 0.1366 0.1984 0.9705
vn 0.6868 -0.0797 0.7225
vn 0.6467 -0.0787 0.7587
vn 0.7105 0.3738 0.5961
vn 0.6226 0.1165 0.7738
vn 0.3510 0.0566 0.9347
vn 0.3855 0.1265 0.9140
vn 0.3090 0.0947 0.9463
vn 0.7618 0.4523 0.4638
vn 0.7467 0.5938 0.2997
vn 0.4859 0.1464 0.8617
vn 0.4046 0.0107 0.9144
vn 0.4572 -0.1843 0.8700
vn 0.7371 0.1821 0.6508
vn 0.3873 0.0970 0.9168
vn 0.5115 0.0455 0.8581
vn 0.8915 0.0236 0.4524
vn 0.8624 -0.0238 0.5057
vn 0.6726 -0.3608 0.6461
vn 0.1423 0.3137 0.9388
vn -0.0107 -0.0647 0.9978
vn -0.1098 0.5514 0.8270
vn 0.4523 0.3069 0.8374
vn 0.1817 0.3724 0.9101
vn 0.4475 -0.6721 0.5899
vn 0.5679 -0.8184 0.0874
vn 0.7527 -0.0604 0.6556
vn -0.0943 -0.4553 0.8853
vn -0.2009 -0.4482 0.8711
vn -0.4152 -0.2750 0.8672
vn -0.1317 -0.2546 0.9580
vn -0.9459 0.2585 0.1962
vn -0.7359 0.4347 0.5191
vn 0.4817 -0.1333 0.8661
vn -0.7467 0.5938 0.2997
vn -0.7618 0.4523 0.4638
vn -0.6899 0.5056 0.5181
vn -0.5849 0.5356 0.6091
vn 0.0240 -0.7615 0.6477
vn -0.1104 -0.8383 0.5340
vn 0.3414 -0.4929 0.8003
vn 0.2761 -0.4068 0.8708
vn -0.1223 0.2375 0.9637
vn 0.1223 0.2375 0.9637
vn 0.4337 -0.4262 0.7939
vn -0.8659 0.4583 0.2004
vn -0.9117 0.3774 0.1624
vn -0.9607 0.2048 0.1874
vn -0.3268 0.0993 0.9399
vn -0.4859 0.1464 0.8617
vn -0.6868 -0.0797 0.7225
vn -0.2990 -0.0535 0.9528
vn -0.2422 -0.2354 0.9412
vn -0.9464 -0.1547 0.2834
vn -0.9854 -0.0207 0.1691
vn -0.9830 -0.1273 0.1322
vn 0.3192 -0.2189 0.9221
vn 0.3332 -0.3663 0.8688
vn -0.9898 -0.0105 0.1419
vn -0.9875 -0.1064 0.1165
vn 0.6963 0.3418 0.6312
vn -0.8624 -0.0238 0.5057
vn -0.7596 0.0195 0.6501
vn -0.5062 -0.4996 0.7030
vn -0.2333 -0.8190 0.5243
vn -0.0534 -0.6139 0.7876
vn 0.1274 -0.7964 0.5912
vn -0.9791 0.0559 0.1956
vn -0.3972 -0.0421 0.9167
vn -0.2597 0.1719 0.9503
vn -0.4487 0.1148 0.8863
vn -0.8915 0.0236 0.4524
vn -0.9476 0.0507 0.3155
vn -0.6975 -0.0463 0.7151
vn -0.8304 -0.0040 0.5572
vn -0.7371 0.1821 0.6508
vn -0.5821 0.2345 0.7785
vn 0.1407 0.9825 0.1223
vn 0.1587 0.9676 0.1966
vn 0.1010 0.9835 0.1502
vn -0.1995 -0.0000 0.9799
vn -0.0000 0.1994 0.9799
vn -0.1818 0.4178 0.8901
vn -0.4196 0.1811 0.8894
vn -0.3310 0.0288 0.9432
vn -0.6467 -0.0787 0.7587
vn -0.7105 0.3738 0.5962
vn -0.3566 0.0422 0.9333
vn -0.1817 0.3724 0.9101
vn 0.9552 -0.2741 -0.1115
vn 0.8419 -0.3494 0.4113
vn 0.5150 -0.7182 0.4679
vn 0.5657 -0.8246 0.0080
vn -0.3873 0.0970 0.9168
vn -0.1423 0.3137 0.9388
vn -0.4173 -0.1043 0.9028
vn -0.6249 -0.1498 0.7662
vn -0.5163 0.2954 0.8038
vn -0.1384 0.3032 0.9428
vn -0.6821 0.2828 0.6744
vn 0.0171 0.3683 0.9296
vn 0.0752 -0.1337 0.9882
vn -0.0752 -0.1337 0.9882
vn -0.0171 0.3683 0.9296
vn -0.4745 -0.4581 0.7517
vn -0.3510 0.0566 0.9347
vn -0.4572 -0.1843 0.8700
vn -0.8180 -0.2165 0.5330
vn -0.2922 0.2642 0.9191
vn -0.3855 0.1265 0.9140
vn -0.5115 0.0455 0.8581
vn -0.5830 -0.3327 0.7412
vn -0.2473 0.0218 0.9687
vn -0.2699 0.2641 0.9260
vn 0.3741 0.0226 0.9271
vn 0.0893 0.1696 0.9815
vn 0.1311 -0.4071 0.9039
vn 0.1674 -0.4517 0.8763
vn 0.2117 0.9424 0.2591
vn -0.0437 0.9984 0.0371
vn 0.1078 0.7185 0.6871
vn 0.1376 0.5816 0.8018
vn -0.1434 0.9875 0.0660
vn -0.1010 0.9835 0.1502
vn 0.0482 0.3000 0.9527
vn 0.7596 0.3751 0.5314
vn 0.0084 1.0000 0.0017
vn -0.3941 0.9026 0.1730
vn -0.1587 0.9676 0.1966
vn 0.3009 0.5570 0.7741
vn -0.3741 0.0226 0.9271
vn 0.2020 0.6123 0.7644
vn 0.2699 0.2641 0.9260
vn 0.6291 0.5576 0.5415
vn 0.9551 -0.2909 0.0557
vn 0.9556 -0.1134 0.2721
vn -0.3852 -0.9227 0.0178
vn -0.6823 -0.7159 0.1482
vn -0.6880 -0.4581 0.5628
vn -0.9626 0.1736 0.2080
vn -0.4182 0.9068 0.0526
vn -0.1707 0.9778 0.1219
vn -0.6597 -0.7485 0.0676
vn -0.9082 0.4031 0.1123
vn -0.4337 -0.4262 0.7939
vn -0.3332 -0.3663 0.8688
vn -0.1407 0.9825 0.1223
vn 0.4883 0.7090 0.5088
vn 0.6044 0.5388 0.5869
vn 0.4774 0.3477 0.8069
vn 0.7252 -0.5313 0.4378
vn 0.2707 -0.5979 0.7545
vn 0.4925 -0.7455 0.4492
vn 0.1990 -0.7575 0.6218
vn 0.3763 0.4752 0.7953
vn 0.3937 0.5162 0.7607
vn 0.1913 -0.9795 -0.0630
vn 0.7278 -0.6842 -0.0469
vn 0.5293 -0.8274 -0.1875
vn -0.2445 -0.8782 -0.4112
vn 0.3108 -0.2298 0.9223
vn 0.7611 0.3150 0.5671
vn 0.3803 0.3876 0.8397
vn -0.1674 -0.4517 0.8763
vn -0.1312 -0.4071 0.9039
vn -0.2762 -0.4067 0.8708
vn -0.0240 -0.7615 0.6477
vn -0.3414 -0.4929 0.8003
vn 0.1104 -0.8383 0.5340
vn -0.5182 -0.0433 0.8542
vn -0.8842 -0.4141 -0.2162
vn -0.8142 -0.5752 -0.0785
vn -0.6723 -0.5799 -0.4601
vn -0.4769 0.1213 0.8706
vn -0.3191 -0.2189 0.9221
vn -0.0000 -0.9725 0.2329
vn -0.1764 -0.9839 -0.0278
vn 0.1764 -0.9839 -0.0279
vn 0.6822 -0.7159 0.1482
vn 0.6597 -0.7485 0.0676
vn 0.3852 -0.9227 0.0178
vn 0.1702 0.7426 0.6477
vn 0.1098 0.5514 0.8270
vn 0.0512 0.5612 0.8261
vn -0.2019 0.6124 0.7643
vn 0.0378 0.8073 0.5890
vn 0.0437 0.9984 0.0371
vn -0.9555 -0.1134 0.2722
vn -0.6291 0.5576 0.5416
vn -0.6043 0.5388 0.5869
vn -0.1808 -0.2630 0.9477
vn -0.1376 0.5816 0.8018
vn -0.4883 0.7090 0.5088
vn 0.9082 0.4031 0.1123
vn 0.9626 0.1735 0.2080
vn -0.3010 0.5569 0.7741
vn 0.6880 -0.4582 0.5628
vn 0.3941 0.9026 0.1730
vn -0.1078 0.7185 0.6871
vn 0.1434 0.9875 0.0660
vn -0.0084 1.0000 0.0017
vn -0.2117 0.9424 0.2591
vn -0.2707 -0.5979 0.7544
vn -0.4925 -0.7455 0.4492
vn -0.7252 -0.5313 0.4379
vn -0.4501 -0.5785 0.6802
vn 0.1707 0.9778 0.1219
vn -0.4774 0.3477 0.8069
vn -0.5323 -0.1301 0.8365
vn -0.1990 -0.7575 0.6218
vn -0.1913 -0.9795 -0.0630
vn -0.7278 -0.6841 -0.0469
vn -0.7611 0.3150 0.5671
vn -0.7596 0.3751 0.5314
vn 0.6205 -0.4569 0.6373
vn 0.5062 -0.4996 0.7030
vn 0.2333 -0.8190 0.5243
vn -0.9551 -0.2909 0.0557
vn -0.5293 -0.8274 -0.1875
vn 0.2445 -0.8782 -0.4112
vn -0.3763 0.4752 0.7953
vn 0.4181 0.9069 0.0526
vn -0.1305 0.3719 -0.9190
vn -0.2058 0.6955 -0.6884
vn 0.2058 0.6956 -0.6884
vn 0.1305 0.3719 -0.9190
vn -0.0000 -0.3920 0.9200
vn -0.1274 -0.7964 0.5912
vn 0.0534 -0.6139 0.7876
vn -0.7803 -0.2368 -0.5789
vn -0.6739 -0.0104 0.7387
vn 0.7803 -0.2368 -0.5789
vn -0.8419 -0.3494 0.4113
vn -0.9552 -0.2741 -0.1115
vn -0.5657 -0.8246 0.0080
vn -0.5150 -0.7182 0.4679
vn 0.4316 -0.8205 -0.3749
vn 0.1869 -0.8652 -0.4653
vn 0.0601 0.9808 -0.1853
vn 0.0836 0.9877 -0.1323
vn 0.4542 0.6823 -0.5729
vn -0.2600 -0.4633 -0.8472
vn 0.2600 -0.4633 -0.8472
vn -0.1869 -0.8652 -0.4653
vn 0.7697 0.5569 0.3120
vn 0.0446 0.9967 -0.0673
vn 0.4429 0.8844 0.1471
vn 0.7544 -0.1593 0.6367
vn 0.8071 -0.0350 0.5894
vn 0.2290 0.8359 -0.4989
vn 0.1058 0.8411 -0.5304
vn 0.3699 0.3589 -0.8570
vn -0.3699 0.3589 -0.8569
vn -0.4729 0.4361 -0.7656
vn -0.4542 0.6823 -0.5729
vn 0.3986 0.3792 0.8350
vn 0.5658 -0.6045 -0.5607
vn -0.0000 -0.7229 -0.6910
vn -0.4356 0.0572 -0.8983
vn 0.7161 0.0332 -0.6972
vn 0.5415 0.7694 -0.3387
vn 0.0214 0.9970 0.0748
vn -0.0214 0.9970 0.0748
vn -0.0601 0.9808 -0.1853
vn 0.0032 -0.9754 -0.2204
vn 0.0960 -0.9736 -0.2071
vn 0.3630 -0.8274 -0.4286
vn 0.3445 -0.6788 -0.6486
vn 0.0599 -0.6166 -0.7850
vn 0.2004 -0.6666 -0.7179
vn 0.4138 -0.1110 -0.9036
vn 0.1269 -0.1611 -0.9787
vn -0.4316 -0.8205 -0.3749
vn -0.6250 -0.3815 -0.6810
vn -0.1269 -0.1611 -0.9787
vn -0.0836 0.9877 -0.1323
vn -0.1058 0.8411 -0.5304
vn -0.8502 -0.0953 -0.5178
vn -0.8521 0.0279 -0.5226
vn -0.8028 0.2916 -0.5201
vn -0.7143 0.3740 -0.5916
vn -0.2256 0.8943 -0.3864
vn -0.1634 0.9480 -0.2730
vn 0.5681 -0.2279 -0.7908
vn -0.0599 -0.6166 -0.7850
vn 0.5078 0.7701 0.3862
vn 0.3249 0.9444 0.0502
vn 0.8502 -0.0953 -0.5178
vn 0.6250 -0.3815 -0.6810
vn 0.8685 0.2454 0.4306
vn 0.9123 0.3965 -0.1026
vn 0.1654 0.4688 0.8677
vn -0.0642 -0.1148 0.9913
vn -0.3853 0.0687 0.9202
vn 0.8028 0.2916 -0.5201
vn 0.8521 0.0279 -0.5226
vn -0.7176 0.0409 0.6952
vn -0.9996 -0.0297 0.0019
vn -0.5710 -0.5697 0.5911
vn 0.5710 -0.5697 0.5911
vn 0.7176 0.0409 0.6952
vn -0.3986 0.3792 0.8350
vn -0.4429 0.8844 0.1471
vn -0.6205 -0.4569 0.6373
vn -0.8071 -0.0350 0.5894
vn -0.4046 0.0107 0.9144
vn -0.4194 -0.2500 0.8727
vn 0.7701 -0.4373 -0.4644
vn -0.5415 0.7694 -0.3387
vn -0.3249 0.9444 0.0502
vn 0.6739 -0.0104 0.7387
vn -0.9585 0.1223 -0.2577
vn -0.3631 -0.8273 -0.4286
vn -0.7697 0.5569 0.3120
vn -0.0446 0.9967 -0.0673
vn -0.3445 -0.6787 -0.6486
vn -0.2004 -0.6666 -0.7180
vn -0.4138 -0.1110 -0.9036
vn -0.5681 -0.2279 -0.7908
vn 0.2256 0.8943 -0.3864
vn 0.4729 0.4361 -0.7656
vn 0.3208 -0.9395 0.1204
vn 0.2266 -0.9739 -0.0153
vn -0.0541 -0.9610 -0.2710
vn 0.0258 0.9967 0.0774
vn -0.0258 0.9967 0.0774
vn -0.3684 -0.3554 0.8590
vn -0.5900 -0.0031 0.8074
vn -0.2144 -0.4073 0.8878
vn -0.3581 -0.7357 0.5749
vn -0.5008 -0.2791 0.8193
vn -0.3253 -0.1448 0.9345
vn -0.4469 0.3265 0.8329
vn -0.6226 0.1165 0.7738
vn -0.7849 -0.4951 0.3725
vn -0.9990 0.0134 0.0428
vn -0.3090 0.0947 0.9464
vn -0.1854 -0.8683 0.4601
vn -0.3742 -0.6563 0.6552
vn 0.1986 0.2191 0.9553
vn 0.9291 -0.3601 0.0846
vn 0.6474 -0.1933 0.7372
vn 0.8142 -0.5752 -0.0784
vn 0.8842 -0.4141 -0.2162
vn 0.6723 -0.5799 -0.4601
vn -0.2163 -0.7806 0.5864
vn 0.2163 -0.7806 0.5864
vn 0.1517 -0.8817 0.4468
vn -0.1517 -0.8817 0.4468
vn 0.0292 -0.9293 -0.3680
vn -0.0292 -0.9294 -0.3680
vn 0.9584 0.1223 -0.2577
vn 0.7142 0.3740 -0.5916
vn -0.2290 0.8359 -0.4989
vn -0.0477 0.9975 0.0526
vn 0.0013 0.9954 0.0956
vn 0.2922 0.2642 0.9191
vn 0.1634 0.9480 -0.2730
vn 0.1384 0.3032 0.9428
vn 0.5163 0.2954 0.8038
vn 0.0540 -0.9610 -0.2711
vn 0.5632 -0.8262 -0.0097
vn 0.7849 -0.4951 0.3725
vn 0.1153 0.9762 0.1838
vn 0.1788 0.9736 0.1420
vn -0.1788 0.9736 0.1420
vn -0.1153 0.9762 0.1838
vn 0.0714 0.9542 0.2906
vn 0.3798 0.2861 0.8797
vn -0.3798 0.2861 0.8797
vn 0.0231 0.4705 0.8821
vn 0.3684 -0.3554 0.8590
vn -0.5078 0.7701 0.3862
vn 0.0477 0.9975 0.0527
vn -0.0013 0.9954 0.0956
vn -0.7544 -0.1593 0.6367
vn -0.0033 -0.9754 -0.2205
vn -0.0961 -0.9736 -0.2072
vn -0.9123 0.3965 -0.1026
vn 0.0642 -0.1147 0.9913
vn 0.3853 0.0687 0.9202
vn 0.0333 0.4510 0.8919
vn 0.2144 -0.4073 0.8878
vn -0.7701 -0.4373 -0.4644
vn 0.5900 -0.0031 0.8074
vn 0.5009 -0.2791 0.8193
vn 0.4194 -0.2500 0.8727
vn -0.8685 0.2454 0.4306
vn -0.2268 -0.9738 -0.0153
vn -0.9124 0.1564 0.3781
vn -0.3461 -0.9284 0.1355
vn 0.9125 0.1564 0.3781
vn -0.0714 0.9542 0.2906
vn 0.3581 -0.7357 0.5749
vn -0.3105 -0.5173 0.7975
vn 0.4469 0.3264 0.8329
vn 0.4745 -0.4581 0.7517
vn -0.9291 -0.3601 0.0846
vn -0.1986 0.2191 0.9553
vn -0.6474 -0.1933 0.7372
vn -0.2672 -0.6206 -0.7372
vn -0.7667 -0.3971 -0.5045
vn 0.1853 -0.8683 0.4601
vn 0.3742 -0.6563 0.6552
vn 0.9904 -0.0756 0.1157
vn 0.2800 -0.2241 0.9335
vn 0.2702 -0.2673 0.9249
vn -0.3937 0.5162 0.7607
vn -0.8256 0.3870 0.4107
vn -0.0000 -0.1995 0.9799
vn 0.1995 -0.0000 0.9799
vn -0.2836 0.6854 0.6706
vn -0.6844 0.2842 0.6715
vn -0.5302 0.2200 0.8188
vn -0.2193 0.5297 0.8194
vn -0.3803 0.3876 0.8397
vn 0.7596 0.0195 0.6501
vn -0.7527 -0.0604 0.6556
vn -0.4475 -0.6721 0.5899
vn -0.3108 -0.2298 0.9223
vn 0.6497 -0.4293 -0.6274
vn -0.5632 -0.8262 -0.0097
vn -0.6497 -0.4293 -0.6274
vn -0.1864 -0.9561 0.2260
vn 0.1864 -0.9561 0.2260
vn 0.8401 -0.2511 -0.4809
vn -0.5679 -0.8184 0.0874
vn -0.8401 -0.2511 -0.4809
vn -0.0156 -0.5120 -0.8589
vn 0.2192 0.5297 0.8194
vn 0.5302 0.2200 0.8188
vn 0.6844 0.2841 0.6715
vn 0.2836 0.6854 0.6706
vn 0.2672 -0.6206 -0.7372
vn 0.4196 0.1811 0.8895
vn 0.1818 0.4178 0.8902
vn -0.0232 0.4705 0.8821
vn -0.9531 0.0992 0.2859
vn 0.7667 -0.3971 -0.5045
vn -0.5316 -0.2198 0.8180
vn -0.4207 -0.1836 0.8884
vn 0.4207 -0.1836 0.8884
vn 0.5316 -0.2198 0.8180
vn 0.0156 -0.5120 -0.8589
vn 0.1829 -0.4226 0.8877
vn -0.1829 -0.4226 0.8877
vn 0.2831 -0.6828 0.6735
vn 0.6839 -0.2826 0.6727
vn 0.2206 -0.5322 0.8174
vn -0.2206 -0.5322 0.8174
vn 0.3188 0.7689 0.5543
vn -0.3188 0.7689 0.5543
vn -0.2831 -0.6828 0.6735
vn 0.7662 -0.3181 0.5583
vn 0.7682 0.3174 0.5559
vn -0.6839 -0.2826 0.6727
vn -0.7682 0.3175 0.5559
vn -0.3168 -0.7656 0.5600
vn 0.3168 -0.7656 0.5600
vn -0.7662 -0.3181 0.5583
vn -0.4196 0.1811 0.8895
vn -0.2192 0.5297 0.8194
vn 0.1818 0.4178 0.8901
vn 0.6844 0.2842 0.6715
vn 0.1829 -0.4225 0.8877
vn 0.3168 -0.7656 0.5599
vn -0.3168 -0.7656 0.5599
vn -0.7682 0.3174 0.5559
vn -0.0144 0.1060 -0.9943
vn 0.0505 0.0751 -0.9959
vn -0.2032 0.3393 -0.9185
vn 0.8378 -0.4307 0.3355
vn 0.6765 -0.5774 0.4571
vn -0.0112 -0.4953 0.8687
vn 0.2248 -0.4224 0.8781
vn 0.5027 -0.5197 0.6908
vn -0.1704 -0.4455 0.8789
vn -0.1652 -0.3881 0.9067
vn -0.0847 -0.3550 0.9310
vn 0.0279 -0.3166 0.9482
vn 0.9458 0.1694 0.2769
vn 0.9767 -0.0271 0.2129
vn 0.9966 -0.0513 0.0649
vn 0.9778 0.1617 0.1334
vn 0.9929 -0.0582 -0.1040
vn 0.9674 -0.1808 -0.1774
vn 0.9113 -0.1806 -0.3699
vn 0.9325 -0.0222 -0.3604
vn 0.9017 0.1905 -0.3882
vn 0.4334 0.4488 -0.7815
vn 0.7127 0.4149 -0.5656
vn 0.7341 0.2797 -0.6187
vn 0.4883 0.2889 -0.8235
vn 0.9467 0.2832 -0.1531
vn 0.9570 0.2186 -0.1906
vn 0.9308 0.2654 -0.2511
vn 0.6945 0.2606 -0.6706
vn 0.4993 0.2439 -0.8314
vn 0.3970 0.1696 -0.9020
vn 0.6480 0.1362 -0.7493
vn 0.8439 0.1485 -0.5155
vn 0.5980 0.2056 -0.7747
vn 0.6225 0.1559 -0.7669
vn 0.7686 0.1050 -0.6310
vn 0.9529 0.2546 -0.1646
vn 0.8801 0.4150 -0.2309
vn 0.7539 0.2450 -0.6096
vn -0.0234 0.0092 -0.9997
vn -0.0114 0.3765 -0.9263
vn 0.0553 0.3349 -0.9406
vn 0.1919 0.0523 -0.9800
vn -0.0397 0.3444 -0.9380
vn -0.1477 0.3005 -0.9423
vn -0.0564 0.2544 -0.9655
vn 0.1696 0.2616 -0.9502
vn 0.3189 0.0364 -0.9471
vn 0.7342 0.3135 -0.6023
vn 0.7015 0.2089 -0.6814
vn 0.6912 0.1830 -0.6991
vn 0.7000 0.3739 -0.6084
vn 0.3674 0.2160 -0.9046
vn 0.3451 0.5118 -0.7868
vn -0.0466 0.2799 -0.9589
vn -0.2118 0.2763 -0.9374
vn -0.0432 0.4138 -0.9094
vn -0.1626 0.4391 -0.8836
vn -0.1684 0.4936 -0.8532
vn -0.1724 0.2634 -0.9492
vn -0.1703 -0.4372 0.8831
vn -0.1864 -0.4210 0.8877
vn -0.1630 -0.3917 0.9055
vn -0.0504 -0.3745 0.9259
vn 0.3757 -0.3420 0.8613
vn 0.4141 -0.2699 0.8693
vn -0.0712 -0.3725 0.9253
vn 0.0113 -0.3252 0.9456
vn -0.1437 -0.3992 0.9055
vn 0.0117 -0.2826 0.9592
vn 0.0916 -0.2189 0.9714
vn 0.1617 -0.2246 0.9609
vn 0.8772 0.2331 -0.4198
vn 0.8321 0.1351 -0.5380
vn 0.9077 -0.1518 -0.3912
vn 0.9346 -0.0326 -0.3542
vn 0.7251 0.1066 -0.6803
vn 0.8446 -0.0980 -0.5263
vn 0.2692 -0.0351 -0.9624
vn 0.3650 0.2159 -0.9056
vn 0.5253 0.1411 -0.8391
vn 0.3040 -0.2298 -0.9245
vn 0.4847 0.2455 -0.8395
vn 0.6054 0.1726 -0.7770
vn 0.6095 0.1209 -0.7835
vn 0.3021 -0.1905 -0.9340
vn 0.7307 0.3872 -0.5623
vn 0.6523 0.0978 -0.7516
vn 0.6874 0.3297 -0.6471
vn 0.5815 0.3225 -0.7469
vn 0.6019 0.3676 -0.7090
vn 0.5021 0.1638 -0.8491
vn 0.3214 -0.3281 -0.8883
vn 0.2175 -0.3700 -0.9032
vn 0.2852 -0.2979 -0.9110
vn 0.2094 -0.3636 -0.9077
vn 0.0030 -0.4827 -0.8758
vn 0.0044 -0.5212 -0.8534
vn 0.8832 -0.4105 -0.2270
vn 0.9909 -0.1007 -0.0896
vn 0.9268 -0.3476 0.1419
vn 0.8348 -0.5499 0.0279
vn 0.9963 0.0316 -0.0795
vn 0.9483 -0.2769 0.1553
vn 0.9857 -0.1580 0.0592
vn 0.9744 -0.2249 -0.0022
vn 0.9053 -0.4040 -0.1310
vn 0.9983 -0.0522 -0.0268
vn 0.9391 -0.2949 0.1763
vn 0.9864 -0.1313 0.0986
vn 0.9294 -0.2701 0.2516
vn 0.9648 -0.0663 0.2545
vn 0.9835 -0.1270 0.1289
vn 0.7873 -0.1435 0.5996
vn 0.4265 0.6622 0.6161
vn 0.8300 0.5551 0.0537
vn 0.5309 -0.2335 0.8146
vn 0.0268 0.5843 0.8111
vn 0.0388 -0.4226 0.9055
vn -0.0032 -0.4263 0.9046
vn -0.0234 -0.3407 0.9399
vn 0.0401 -0.3371 0.9406
vn -0.0105 -0.4460 0.8950
vn -0.0667 -0.3609 0.9302
vn -0.0992 -0.0153 0.9950
vn -0.0442 0.0085 0.9990
vn 0.0427 0.0027 0.9991
vn 0.6506 -0.3168 0.6902
vn 0.6438 -0.2916 0.7075
vn 0.2531 -0.4032 0.8794
vn 0.3199 -0.3836 0.8663
vn 0.5789 -0.1275 0.8054
vn 0.2063 -0.3319 0.9205
vn 0.1127 -0.3633 0.9248
vn 0.1744 -0.3818 0.9076
vn 0.2636 -0.3339 0.9050
vn 0.8429 0.5345 -0.0621
vn 0.9320 0.3228 0.1646
vn 0.9604 0.0768 0.2679
vn 0.9301 0.3592 -0.0768
vn 0.9647 0.2380 0.1125
vn 0.9607 0.0175 0.2770
vn 0.9479 -0.0296 0.3171
vn 0.9600 0.0171 0.2793
vn 0.5122 -0.3621 0.7788
vn 0.4511 -0.1886 0.8723
vn 0.5395 -0.1943 0.8192
vn 0.5389 -0.3342 0.7732
vn 0.4424 0.1398 0.8858
vn 0.5815 0.0591 0.8114
vn 0.7213 -0.0674 0.6893
vn 0.6555 -0.1948 0.7297
vn 0.6250 -0.2409 0.7425
vn 0.4334 -0.2865 0.8545
vn 0.5408 -0.3383 0.7701
vn 0.5599 -0.3069 0.7696
vn 0.4711 -0.2560 0.8441
vn 0.6301 -0.1995 0.7505
vn 0.5511 -0.1420 0.8222
vn 0.0855 -0.5271 0.8455
vn 0.2212 -0.4034 0.8879
vn 0.2902 -0.3481 0.8914
vn 0.1310 -0.4340 0.8913
vn 0.3922 -0.1610 0.9057
vn 0.1924 -0.1424 0.9709
vn -0.0954 0.4529 0.8864
vn 0.0370 0.4479 0.8933
vn -0.1323 0.4244 0.8958
vn -0.1677 0.7862 0.5948
vn -0.1406 0.7947 0.5904
vn 0.0240 0.7925 0.6094
vn 0.4644 0.0994 0.8800
vn 0.2116 0.2251 0.9511
vn 0.6352 0.0569 0.7703
vn 0.7102 0.5258 0.4681
vn 0.4918 0.6076 0.6237
vn 0.1941 0.7077 0.6794
vn 0.9220 0.3064 0.2366
vn 0.7663 -0.0822 0.6372
vn 0.7995 -0.1729 0.5753
vn 0.9552 0.0195 0.2954
vn 0.8272 -0.1546 0.5402
vn 0.9221 -0.1029 0.3731
vn 0.7355 -0.0078 0.6774
vn 0.8389 0.4507 0.3052
vn 0.0325 0.7204 0.6928
vn 0.0187 0.9176 0.3970
vn -0.0116 0.9094 0.4157
vn 0.0261 0.6963 0.7173
vn -0.0067 0.9873 -0.1586
vn -0.0956 0.9831 -0.1560
vn -0.1294 0.9753 -0.1789
vn -0.0200 0.9039 0.4272
vn 0.0476 0.6409 0.7662
vn 0.2338 0.9122 -0.3366
vn 0.3609 0.7900 -0.4956
vn 0.6378 0.7504 0.1735
vn 0.3791 0.8562 0.3510
vn 0.2466 0.7523 -0.6109
vn 0.7297 0.6806 0.0656
vn 0.6940 0.1723 0.6990
vn 0.5341 0.4172 0.7353
vn 0.3122 0.5500 0.7746
vn 0.6897 0.5491 -0.4719
vn 0.3859 0.6010 -0.6999
vn 0.3916 0.6674 -0.6334
vn 0.6468 0.6617 -0.3792
vn 0.5590 -0.2045 -0.8035
vn 0.6588 -0.2297 -0.7164
vn 0.7022 -0.2694 -0.6590
vn 0.5662 -0.1489 -0.8107
vn 0.7688 -0.2239 -0.5990
vn 0.7826 -0.3596 -0.5081
vn 0.6620 0.0911 -0.7439
vn 0.4848 0.2978 -0.8224
vn 0.2708 0.5071 -0.8182
vn 0.4408 0.7597 -0.4780
vn 0.5980 0.7892 -0.1398
vn 0.6984 0.6998 -0.1497
vn 0.5258 0.6891 -0.4986
vn 0.6719 0.7181 0.1814
vn 0.7800 0.5976 0.1854
vn 0.8863 0.4305 0.1708
vn 0.8223 0.5413 -0.1753
vn 0.6167 0.5732 -0.5396
vn 0.0775 0.9084 -0.4109
vn 0.2015 0.9789 -0.0336
vn 0.4456 0.8906 -0.0906
vn 0.3016 0.8374 -0.4559
vn 0.2623 0.9311 0.2535
vn 0.5001 0.8359 0.2264
vn -0.0165 0.9526 -0.3037
vn -0.0019 1.0000 0.0032
vn -0.2104 0.9776 -0.0056
vn -0.2735 0.9113 -0.3078
vn 0.0066 0.9851 0.1721
vn -0.1457 0.9738 0.1743
vn -0.0963 0.9757 0.1968
vn -0.1716 0.9851 -0.0093
vn -0.2617 0.9053 -0.3346
vn -0.2888 0.7830 -0.5509
vn -0.2691 0.8098 -0.5214
vn -0.1220 0.9597 -0.2531
vn -0.1199 0.9603 -0.2520
vn -0.0144 0.9626 -0.2707
vn -0.0276 0.8479 -0.5295
vn 0.3723 0.8987 0.2319
vn 0.3799 0.8896 0.2533
vn 0.5492 0.8191 0.1657
vn 0.5210 0.8518 0.0540
vn 0.1181 0.9280 -0.3533
vn 0.3347 0.8644 -0.3752
vn 0.4849 0.7877 -0.3801
vn 0.6513 0.7551 0.0752
vn 0.6112 0.7819 -0.1232
vn 0.4162 0.6553 -0.6303
vn 0.3926 0.6680 -0.6322
vn 0.3873 0.8267 -0.4080
vn 0.4363 0.8205 -0.3693
vn 0.2791 0.6808 -0.6772
vn 0.2481 0.8352 -0.4908
vn 0.1791 0.9221 -0.3430
vn 0.2776 0.9191 -0.2795
vn 0.2931 0.9183 -0.2662
vn 0.7159 0.6967 -0.0460
vn 0.6599 0.6860 -0.3065
vn 0.5697 0.6991 -0.4320
vn 0.6210 0.5913 -0.5145
vn 0.7814 0.5958 -0.1857
vn 0.6923 0.5420 -0.4764
vn 0.7615 0.3422 -0.5504
vn 0.4435 0.4830 -0.7550
vn 0.4188 0.4155 -0.8075
vn 0.7146 0.3986 -0.5749
vn 0.5864 0.4983 -0.6386
vn 0.6367 0.5073 -0.5807
vn 0.4036 0.5187 -0.7537
vn 0.4352 0.4414 -0.7847
vn 0.4432 0.4690 -0.7640
vn 0.5150 0.2569 -0.8178
vn 0.5149 0.2837 -0.8090
vn 0.3518 0.3190 -0.8800
vn 0.3236 0.5039 -0.8009
vn -0.0629 0.7621 -0.6444
vn 0.0290 0.6267 -0.7787
vn 0.0793 0.5905 -0.8031
vn 0.1069 0.6272 -0.7715
vn 0.2301 0.3714 -0.8995
vn 0.1915 0.3730 -0.9078
vn 0.0597 0.3442 -0.9370
vn 0.0219 0.5198 -0.8540
vn 0.0971 0.4469 -0.8893
vn 0.5520 0.1848 -0.8131
vn 0.3470 0.1931 -0.9178
vn 0.5836 0.1705 -0.7939
vn 0.6007 0.2269 -0.7666
vn 0.5225 0.2028 -0.8282
vn 0.3143 0.1566 -0.9363
vn 0.9426 -0.2878 0.1695
vn 0.9663 -0.0490 0.2528
vn 0.9965 -0.0548 0.0635
vn 0.9901 -0.1233 -0.0671
vn 0.9871 -0.0395 -0.1549
vn 0.9985 0.0303 -0.0458
vn 0.9748 0.0265 -0.2214
vn 0.9519 0.1278 -0.2783
vn 0.9033 0.2882 -0.3177
vn 0.9182 0.1919 -0.3465
vn 0.8027 -0.2029 -0.5608
vn 0.6178 -0.0720 -0.7830
vn 0.8041 0.2863 -0.5211
vn 0.8605 -0.5066 -0.0528
vn 0.6153 -0.7544 -0.2289
vn 0.6437 -0.3573 -0.6767
vn 0.8861 -0.0073 -0.4634
vn 0.4149 -0.8762 -0.2453
vn 0.3185 -0.7734 -0.5480
vn 0.4033 -0.1957 -0.8939
vn 0.6359 0.1226 -0.7620
vn 0.6927 0.3462 -0.6327
vn 0.0238 -0.4515 -0.8919
vn 0.2479 -0.3853 -0.8889
vn 0.0162 -0.8133 -0.5816
vn 0.0050 -0.5385 -0.8426
vn 0.2110 -0.3839 -0.8989
vn 0.2094 -0.7886 -0.5781
vn 0.8235 0.5214 -0.2236
vn 0.8465 0.3943 -0.3578
vn 0.8485 0.2713 -0.4543
vn 0.8534 0.0047 -0.5212
vn 0.8965 -0.4410 -0.0431
vn 0.7856 -0.5829 -0.2077
vn 0.7965 -0.3029 -0.5233
vn 0.9674 -0.2334 -0.0982
vn 0.9351 -0.1663 0.3130
vn 0.8723 -0.3479 0.3437
vn 0.7725 -0.5872 0.2418
vn 0.7364 -0.5053 0.4499
vn 0.6554 -0.5310 0.5370
vn 0.0340 -0.1742 0.9841
vn 0.0244 -0.4534 0.8910
vn 0.2892 -0.2601 0.9213
vn 0.2755 -0.0058 0.9613
vn -0.0507 -0.5212 0.8519
vn 0.2111 -0.3658 0.9064
vn 0.3272 -0.2022 0.9231
vn 0.3744 -0.0794 0.9238
vn 0.3245 0.1404 0.9354
vn -0.2092 -0.5147 0.8315
vn -0.2161 -0.5059 0.8351
vn -0.2101 -0.2839 0.9355
vn -0.2366 -0.2954 0.9256
vn -0.2172 -0.4470 0.8678
vn -0.1414 -0.4617 0.8757
vn -0.0106 0.9729 -0.2311
vn -0.1320 0.9626 -0.2367
vn 0.0095 0.9738 0.2271
vn -0.1243 0.9689 0.2141
vn -0.1505 0.9662 0.2092
vn -0.1650 0.9536 -0.2518
vn 0.2010 0.9627 0.1814
vn 0.4642 0.8837 0.0609
vn 0.3083 0.8186 -0.4846
vn 0.1679 0.9257 -0.3389
vn 0.6182 0.7789 -0.1056
vn 0.2366 0.7511 -0.6164
vn 0.2633 0.7582 -0.5965
vn 0.3054 0.7928 -0.5275
vn 0.6854 0.7054 -0.1807
vn 0.7464 0.6367 -0.1938
vn 0.5180 0.7381 -0.4323
vn 0.8032 0.5956 0.0104
vn 0.5856 0.7260 -0.3606
vn 0.7039 0.6935 -0.1535
vn 0.4249 0.6664 -0.6127
vn 0.7669 0.3032 -0.5657
vn 0.8758 0.3870 -0.2884
vn 0.9406 0.3328 -0.0670
vn 0.7302 0.0649 -0.6801
vn 0.8457 -0.3118 -0.4331
vn 0.9360 -0.1811 -0.3018
vn 0.8636 -0.1578 -0.4789
vn 0.9417 -0.1112 -0.3174
vn 0.1671 0.5908 -0.7893
vn 0.1855 0.6240 -0.7591
vn 0.1466 0.5998 -0.7866
vn 0.1705 0.5602 -0.8107
vn 0.1904 0.4607 -0.8669
vn 0.1698 0.4463 -0.8787
vn 0.2596 0.3145 -0.9131
vn 0.2106 0.3247 -0.9221
vn 0.3043 0.2669 -0.9144
vn 0.2379 0.2754 -0.9314
vn 0.3255 0.2898 -0.9000
vn 0.1875 0.2669 -0.9453
vn 0.1158 0.2211 -0.9683
vn 0.0215 -0.1725 -0.9848
vn -0.0423 -0.1750 -0.9837
vn 0.8249 -0.1497 0.5450
vn 0.9022 -0.1732 0.3951
vn 0.9233 0.1011 0.3705
vn 0.7949 -0.0014 0.6067
vn 0.9537 -0.1946 0.2292
vn 0.9749 0.1255 0.1841
vn 0.8276 0.5501 0.1115
vn 0.8025 0.4963 0.3311
vn 0.7560 0.2711 0.5957
vn 0.9537 -0.1871 0.2355
vn 0.9296 -0.2500 0.2707
vn 0.9881 0.1536 -0.0105
vn 0.8565 0.5162 -0.0052
vn 0.9825 0.1670 0.0824
vn 0.9137 0.3591 -0.1901
vn 0.6680 0.7065 -0.2337
vn 0.0100 0.9773 0.2117
vn -0.0633 0.9725 0.2239
vn 0.0009 0.9995 0.0328
vn -0.0674 0.9970 0.0373
vn -0.0438 0.9984 0.0344
vn -0.0216 0.9658 0.2582
vn 0.3064 0.8786 0.3664
vn 0.5266 0.7651 0.3706
vn 0.2352 0.9711 0.0398
vn 0.4532 0.8912 0.0204
vn 0.6339 0.7733 -0.0084
vn 0.6952 0.6332 0.3402
vn 0.5157 0.6116 -0.6000
vn 0.5234 0.6453 -0.5564
vn 0.1954 0.7470 -0.6355
vn 0.0538 0.7771 -0.6271
vn 0.7380 0.4267 -0.5228
vn 0.5569 0.4872 -0.6727
vn 0.3723 0.4877 -0.7896
vn 0.0180 0.7464 -0.6653
vn -0.0832 0.7869 -0.6114
vn -0.0359 0.5358 -0.8436
vn 0.0032 0.2365 -0.9716
vn 0.1076 0.2053 -0.9728
vn 0.3191 0.2153 -0.9229
vn 0.5064 0.0699 -0.8595
vn 0.4850 -0.1867 -0.8544
vn 0.3806 -0.1132 -0.9178
vn 0.2815 -0.3429 -0.8962
vn 0.2024 -0.7999 -0.5650
vn 0.0390 -0.5359 -0.8434
vn 0.0554 -0.4518 -0.8904
vn 0.0768 -0.4307 -0.8992
vn 0.0055 -0.5372 -0.8435
vn 0.1232 -0.2545 -0.9592
vn 0.1997 -0.3389 -0.9194
vn 0.4619 -0.4581 -0.7594
vn 0.3211 -0.4604 -0.8276
vn 0.6519 -0.6260 -0.4279
vn 0.4825 -0.6857 -0.5449
vn 0.7219 -0.2078 0.6601
vn 0.2892 -0.2412 0.9264
vn 0.1965 -0.4041 0.8934
vn 0.6064 -0.4154 0.6780
vn -0.0620 -0.3762 0.9245
vn 0.0916 -0.4557 0.8854
vn 0.4846 -0.4313 0.7610
vn 0.3209 -0.1118 0.9405
vn 0.7369 -0.0004 0.6760
vn 0.6946 0.0384 0.7184
vn 0.3447 -0.1207 0.9309
vn 0.9544 0.0478 0.2948
vn 0.9442 0.0319 0.3280
vn 0.9327 0.1833 0.3107
vn 0.9449 0.1657 0.2824
vn 0.6592 -0.0088 0.7519
vn 0.3801 -0.1509 0.9126
vn 0.6079 -0.1326 0.7829
vn 0.3537 -0.2056 0.9125
vn 0.2257 -0.2505 0.9414
vn 0.1972 -0.2505 0.9478
vn 0.9058 -0.0722 0.4174
vn 0.8129 0.1467 0.5637
vn 0.8967 -0.1056 0.4299
vn 0.9760 0.0976 0.1947
vn 0.9798 0.1186 0.1613
vn 0.8901 0.3727 0.2624
vn 0.8834 0.3901 -0.2599
vn 0.9659 0.2572 0.0280
vn 0.9831 0.1815 0.0230
vn 0.9345 0.2917 -0.2041
vn 0.9732 0.1719 0.1525
vn 0.9765 0.1788 0.1203
vn 0.8668 0.4978 0.0303
vn 0.8673 0.4976 -0.0101
vn 0.7638 0.6200 -0.1792
vn 0.6573 -0.2245 0.7194
vn 0.8610 -0.0670 0.5042
vn 0.8464 0.0340 0.5315
vn 0.9564 0.1550 0.2475
vn 0.9566 0.1361 0.2579
vn 0.9651 0.1622 0.2056
vn 0.9173 0.1406 0.3726
vn 0.9440 0.1036 0.3133
vn 0.9648 0.1443 0.2199
vn 0.9461 -0.0722 0.3157
vn 0.9658 0.0225 0.2583
vn 0.8678 -0.2856 0.4067
vn 0.9289 -0.1501 0.3385
vn 0.7653 -0.3649 0.5303
vn 0.8653 -0.3196 0.3862
vn 0.2944 0.5159 0.8045
vn 0.6133 -0.0664 0.7870
vn 0.5337 -0.4293 0.7286
vn 0.2419 -0.0791 0.9671
vn 0.5941 -0.3473 0.7256
vn 0.1983 -0.1572 0.9675
vn 0.9803 0.1963 -0.0236
vn 0.9839 0.1647 0.0691
vn 0.9686 0.2485 -0.0111
vn 0.9696 0.2419 -0.0379
vn 0.9685 0.2476 -0.0249
vn 0.9423 0.3251 -0.0797
vn 0.9250 0.3556 -0.1336
vn 0.9376 0.3239 -0.1267
vn 0.9524 0.2768 -0.1275
vn 0.9407 0.2747 -0.1991
vn 0.9831 0.1519 0.1025
vn 0.9978 0.0116 0.0646
vn 0.9770 0.1240 -0.1736
vn 0.9718 -0.2044 0.1176
vn 0.9935 0.1036 0.0475
vn 0.9801 -0.1986 0.0069
vn 0.9927 0.0840 -0.0869
vn 0.8615 0.4811 -0.1626
vn 0.8458 0.5331 -0.0199
vn 0.6014 0.7127 -0.3611
vn 0.8411 0.4237 -0.3363
vn 0.6899 0.6543 -0.3098
vn 0.6153 0.7727 -0.1557
vn 0.5587 0.8059 -0.1959
vn 0.2709 -0.2991 0.9149
vn 0.1622 -0.3120 0.9361
vn 0.2391 -0.2701 0.9327
vn 0.3595 -0.2630 0.8953
vn 0.1422 -0.2892 0.9467
vn 0.0374 0.6680 0.7433
vn 0.0306 0.6698 0.7419
vn 0.0189 0.0791 0.9967
vn 0.0443 0.0711 0.9965
vn 0.0326 0.6529 0.7568
vn 0.0215 0.0443 0.9988
vn 0.1284 -0.1688 0.9773
vn 0.2757 -0.1545 0.9487
vn 0.2057 0.4695 0.8587
vn 0.3638 0.3062 0.8797
vn 0.5706 0.0636 0.8187
vn 0.4953 -0.1664 0.8526
vn 0.7378 0.0066 0.6750
vn 0.6406 -0.2001 0.7413
vn 0.7942 0.0745 0.6031
vn 0.6642 -0.1788 0.7259
vn 0.6892 0.1897 0.6993
vn 0.7094 0.1035 0.6972
vn 0.5446 0.1110 0.8313
vn 0.5073 0.1758 0.8437
vn 0.7354 -0.0218 0.6773
vn 0.5374 -0.0811 0.8394
vn 0.3825 -0.0651 0.9217
vn 0.4764 0.1368 0.8685
vn 0.7773 -0.1217 0.6172
vn 0.8291 -0.1724 0.5319
vn 0.5203 -0.3002 0.7995
vn 0.4476 -0.2740 0.8512
vn 0.8453 -0.2107 0.4910
vn 0.5648 -0.2831 0.7752
vn 0.3880 -0.3566 0.8499
vn 0.2884 -0.3846 0.8769
vn 0.7442 -0.3769 0.5514
vn 0.7160 -0.4065 0.5676
vn 0.0708 -0.3063 0.9493
vn 0.7384 0.0715 -0.6705
vn 0.6614 0.1899 -0.7256
vn 0.6790 0.2225 -0.6996
vn 0.4037 -0.0321 -0.9143
vn 0.5764 0.4284 -0.6958
vn 0.5913 0.3881 -0.7069
vn 0.4035 0.2658 -0.8756
vn 0.2383 -0.0750 -0.9683
vn 0.2045 -0.1323 -0.9699
vn -0.0327 -0.1741 -0.9842
vn 0.2560 0.0442 -0.9657
vn 0.0281 -0.2624 -0.9646
vn 0.0433 -0.2236 -0.9737
vn 0.3721 0.5115 -0.7745
vn 0.3990 0.4686 -0.7881
vn 0.4303 0.4723 -0.7693
vn 0.5761 0.4535 -0.6801
vn 0.4604 0.3911 -0.7969
vn 0.4413 0.2886 -0.8497
vn 0.3760 0.2361 -0.8961
vn 0.3498 0.1580 -0.9234
vn 0.4211 0.0520 -0.9055
vn 0.3741 -0.1062 -0.9213
vn 0.3709 -0.0662 -0.9263
vn 0.9796 -0.1530 -0.1300
vn 0.9801 -0.1775 -0.0892
vn 0.9683 -0.2474 0.0355
vn 0.8534 -0.3503 0.3860
vn 0.8755 -0.3946 0.2791
vn 0.8295 -0.1403 0.5406
vn 0.8008 0.4568 -0.3872
vn 0.8655 0.3728 -0.3345
vn 0.6424 0.7009 -0.3098
vn 0.9648 0.2545 -0.0669
vn 0.9833 0.1753 0.0481
vn 0.9895 0.1325 0.0573
vn 0.9017 0.3200 -0.2908
vn 0.9838 0.1786 -0.0179
vn 0.8274 0.3654 -0.4264
vn 0.9482 0.2972 -0.1126
vn 0.8513 0.3013 -0.4295
vn 0.9342 0.1412 -0.3276
vn 0.9969 0.0784 0.0008
vn 0.9611 0.2668 -0.0712
vn 0.9857 0.1525 -0.0713
vn 0.9988 -0.0090 -0.0473
vn 0.9249 0.1017 -0.3663
vn 0.8742 0.2545 -0.4135
vn 0.9777 -0.2068 -0.0370
vn 0.9576 -0.0301 -0.2864
vn 0.9551 -0.1962 -0.2220
vn 0.8932 -0.4494 -0.0142
vn 0.9620 0.1085 -0.2506
vn 0.8863 0.1550 -0.4363
vn 0.7811 0.1629 -0.6028
vn 0.6456 0.1284 -0.7528
vn 0.4134 0.0954 -0.9055
vn 0.3221 0.1183 -0.9393
vn 0.4369 -0.1838 -0.8805
vn 0.2504 -0.1722 -0.9527
vn 0.1431 0.1234 -0.9820
vn 0.8598 0.3690 0.3530
vn 0.9432 0.1798 0.2793
vn 0.8598 0.5092 0.0386
vn 0.9427 0.3220 0.0878
vn 0.9245 0.3777 0.0504
vn 0.9645 0.1805 0.1928
vn 0.7919 0.4989 0.3522
vn 0.7563 0.6542 -0.0014
vn 0.8043 0.5787 0.1349
vn 0.8941 0.2262 0.3865
vn 0.7905 -0.1323 0.5980
vn 0.7651 -0.0234 0.6434
vn 0.8784 0.4777 -0.0171
vn 0.7551 0.5695 -0.3247
vn 0.6009 0.7241 -0.3386
vn 0.7389 0.6722 -0.0473
vn 0.4707 0.8176 -0.3317
vn 0.5864 0.8067 -0.0731
vn 0.2959 0.8960 -0.3311
vn 0.3725 0.9174 -0.1402
vn 0.1051 0.9435 -0.3144
vn 0.1340 0.9693 -0.2063
vn -0.0088 0.9929 -0.1189
vn -0.1833 0.9733 -0.1385
vn -0.0058 0.9998 -0.0211
vn -0.2769 0.9597 -0.0488
vn -0.2044 0.9725 -0.1116
vn -0.1431 0.9693 -0.1997
vn 0.8773 0.2441 0.4132
vn 0.8889 -0.0457 0.4558
vn 0.9890 0.1363 0.0577
vn 0.8288 0.1274 0.5449
vn 0.7977 -0.0728 0.5986
vn 0.8584 -0.1961 0.4739
vn 0.9809 -0.0730 0.1804
vn 0.5531 0.1328 0.8225
vn 0.5003 0.1109 0.8587
vn 0.3867 0.1124 0.9153
vn 0.4414 0.2463 0.8628
vn 0.1091 -0.0193 0.9938
vn 0.0750 -0.0189 0.9970
vn 0.2909 0.5744 0.7652
vn 0.1059 0.7183 0.6877
vn -0.0139 0.1886 0.9820
vn 0.1081 0.2004 0.9737
vn -0.1019 -0.1015 0.9896
vn 0.8087 -0.2726 0.5213
vn 0.5045 -0.2897 0.8133
vn 0.3076 -0.2798 0.9094
vn 0.3821 -0.2982 0.8747
vn 0.9659 0.2343 0.1105
vn 0.9663 0.2560 0.0267
vn 0.9645 0.1486 0.2184
vn 0.9323 0.3388 -0.1266
vn 0.9274 0.3465 -0.1411
vn 0.9523 0.3034 -0.0314
vn 0.8798 0.1001 0.4648
vn -0.1141 0.9276 0.3557
vn 0.0144 0.9305 0.3661
vn -0.1365 0.9343 0.3294
vn -0.1040 0.8794 0.4646
vn -0.0818 0.8750 0.4771
vn 0.0200 0.8793 0.4759
vn 0.2049 0.8910 0.4051
vn 0.1552 0.9513 0.2663
vn 0.4200 0.8863 0.1950
vn 0.5009 0.7995 0.3316
vn 0.6186 0.7847 0.0399
vn 0.7155 0.6729 0.1879
vn 0.6993 0.7044 -0.1212
vn 0.7898 0.6127 0.0292
vn 0.8106 0.5615 -0.1662
vn 0.8387 0.5428 -0.0447
vn 0.9660 0.2548 0.0441
vn 0.9329 0.3557 0.0565
vn 0.9739 0.0792 0.2126
vn 0.9696 0.2444 -0.0104
vn 0.9488 0.3154 -0.0200
vn 0.0239 0.8231 0.5675
vn -0.0851 0.8215 0.5639
vn -0.1067 0.8173 0.5662
vn 0.2353 0.7766 0.5844
vn 0.5377 0.6661 0.5169
vn 0.7601 0.5346 0.3693
vn 0.8522 0.4756 0.2179
vn 0.8820 0.4563 0.1183
vn 0.9125 0.4047 0.0606
vn 0.8008 0.5503 -0.2362
vn 0.6644 0.6073 -0.4356
vn 0.9109 0.3978 0.1099
vn 0.8329 0.3606 -0.4199
vn 0.9534 0.2867 -0.0943
vn 0.8015 0.3725 -0.4677
vn 0.8417 0.3840 -0.3796
vn 0.9280 0.3492 -0.1300
vn 0.9178 0.2676 0.2933
vn 0.9443 0.2541 0.2090
vn 0.8894 0.3017 -0.3435
vn 0.6476 0.2593 -0.7165
vn 0.5023 0.2256 -0.8347
vn 0.3739 0.2114 -0.9030
vn 0.8951 0.3605 -0.2625
vn 0.3498 0.0839 -0.9331
vn 0.4553 0.0649 -0.8880
vn 0.6769 -0.2693 -0.6850
vn 0.9281 -0.3503 -0.1260
vn 0.8002 -0.5746 -0.1719
vn 0.9611 -0.2585 -0.0973
vn 0.6684 -0.7341 -0.1200
vn -0.1909 -0.4278 0.8835
vn -0.1340 -0.4621 0.8766
vn 0.0583 -0.3763 0.9247
vn 0.2304 -0.2660 0.9360
vn 0.2783 0.4702 0.8375
vn 0.5936 0.2913 0.7502
vn 0.4915 0.1031 0.8647
vn 0.5661 0.0231 0.8240
vn 0.6763 -0.1795 0.7144
vn 0.4131 -0.1744 0.8938
vn 0.6179 -0.0583 0.7841
vn 0.3747 -0.1147 0.9200
vn 0.3151 0.0402 0.9482
vn 0.4936 0.2405 0.8358
vn 0.3142 0.3504 0.8823
vn 0.2405 0.1977 0.9503
vn 0.2764 0.2768 0.9203
vn 0.2543 0.3312 0.9087
vn 0.5969 -0.0507 0.8007
vn 0.4238 0.1103 0.8990
vn 0.8564 -0.1869 0.4813
vn 0.4756 0.0717 0.8768
vn 0.6418 0.2461 0.7263
vn 0.5197 0.8501 -0.0849
vn 0.4924 0.8672 -0.0747
vn 0.6216 0.7832 -0.0116
vn 0.5367 0.8436 0.0170
vn 0.7377 0.6130 0.2830
vn 0.6004 0.7553 0.2628
vn 0.7563 0.3803 0.5323
vn 0.7632 -0.0044 0.6462
vn 0.4545 0.6104 -0.6488
vn 0.1786 0.7625 -0.6218
vn -0.0558 0.7863 -0.6153
vn -0.1134 0.7245 -0.6799
vn 0.0949 0.4228 -0.9012
vn 0.1637 0.5276 -0.8336
vn -0.1025 0.6516 -0.7516
vn -0.0354 0.6121 -0.7900
vn -0.0399 0.3130 -0.9489
vn 0.0032 0.3404 -0.9403
vn 0.4574 -0.1731 -0.8723
vn 0.3041 -0.2235 -0.9260
vn 0.9011 0.1812 0.3940
vn 0.9681 0.1098 0.2253
vn 0.8231 0.5652 0.0555
vn 0.7756 0.6307 -0.0252
vn 0.9386 0.3437 -0.0299
vn 0.9210 0.3256 -0.2139
vn 0.7936 0.3294 -0.5116
vn 0.4839 0.5048 -0.7148
vn 0.4799 0.5597 -0.6756
vn 0.6293 0.3585 -0.6895
vn 0.6214 0.5130 -0.5921
vn 0.3142 0.4352 -0.8437
vn 0.2774 0.6486 -0.7088
vn 0.2205 0.2324 -0.9473
vn 0.8117 0.2687 0.5185
vn 0.7678 0.0340 0.6398
vn 0.7211 0.5098 0.4692
vn 0.6916 0.2702 0.6699
vn 0.5411 0.7430 0.3939
vn 0.5308 0.5296 0.6616
vn 0.2589 0.9135 0.3137
vn 0.2930 0.7052 0.6456
vn 0.0070 0.9686 0.2485
vn 0.0233 0.8516 0.5237
vn -0.0891 0.8416 0.5328
vn -0.2610 0.9329 0.2480
vn -0.0545 0.7980 0.6001
vn -0.1968 0.9389 0.2823
vn -0.0000 0.9932 0.1163
vn -0.3153 0.9436 0.1011
vn -0.2364 0.9684 0.0795
vn 0.2095 0.9766 0.0490
vn 0.4829 0.8590 0.1698
vn 0.6887 0.6706 0.2757
vn 0.8146 0.4690 0.3412
vn 0.9139 0.4055 -0.0170
vn 0.9771 0.1944 -0.0870
vn 0.9423 0.2650 -0.2046
vn 0.1835 0.5998 -0.7788
vn 0.2957 0.5750 -0.7628
vn 0.4731 0.2799 -0.8353
vn 0.5324 0.2772 -0.7998
vn 0.5634 0.2512 -0.7871
vn 0.7052 0.3669 -0.6066
vn 0.5294 0.2176 -0.8200
vn 0.5048 0.3600 -0.7846
vn 0.5324 0.4348 -0.7263
vn 0.4698 0.5430 -0.6960
vn 0.5164 0.6121 -0.5989
vn 0.3579 0.7177 -0.5974
vn 0.4717 0.7640 -0.4403
vn 0.1800 0.8398 -0.5122
vn 0.3752 0.8850 -0.2758
vn 0.0220 0.9065 -0.4216
vn 0.2338 0.9667 -0.1046
vn -0.0138 0.9566 -0.2910
vn 0.0025 0.9999 0.0101
vn -0.0812 0.9967 0.0047
vn -0.2074 0.9334 -0.2928
vn 0.0162 0.9574 0.2884
vn 0.0477 0.9570 0.2861
vn 0.0663 0.9494 0.3069
vn -0.0997 0.9948 0.0190
vn -0.2552 0.9196 -0.2988
vn 0.4972 0.0906 -0.8629
vn 0.2570 0.4153 -0.8726
vn -0.0158 0.6853 -0.7281
vn -0.1167 0.7617 -0.6373
vn 0.1274 0.5949 -0.7936
vn 0.0891 0.6006 -0.7946
vn 0.4238 0.2529 -0.8697
vn 0.4419 0.2689 -0.8558
vn 0.5228 0.1866 -0.8318
vn 0.5103 0.1664 -0.8437
vn 0.4895 0.2605 -0.8322
vn 0.5081 0.2964 -0.8087
vn 0.4444 0.4832 -0.7543
vn 0.4354 0.4387 -0.7861
vn 0.2864 0.6530 -0.7011
vn 0.2581 0.6784 -0.6878
vn -0.0118 0.7720 -0.6355
vn 0.0059 0.7830 -0.6219
vn -0.1624 0.7905 -0.5905
vn -0.1725 0.7796 -0.6020
vn -0.0235 0.8680 -0.4959
vn -0.0245 0.8682 -0.4956
vn -0.2288 0.8396 -0.4927
vn -0.1473 0.8547 -0.4978
vn -0.2761 0.8109 -0.5160
vn -0.1714 0.8370 -0.5196
vn 0.0126 0.9690 0.2468
vn 0.0597 0.9643 0.2580
vn 0.0917 0.9565 0.2770
vn -0.0643 0.7522 -0.6558
vn 0.1307 0.7232 -0.6781
vn 0.2821 0.6794 -0.6774
vn 0.3678 0.6084 -0.7032
vn 0.8064 0.5000 -0.3156
vn 0.1137 -0.2167 -0.9696
vn -0.0400 -0.1993 -0.9791
vn -0.0423 -0.1140 -0.9926
vn 0.0760 -0.1403 -0.9872
vn -0.0052 0.1452 -0.9894
vn -0.0446 0.1678 -0.9848
vn -0.0441 0.2841 -0.9578
vn -0.0525 0.3002 -0.9524
vn -0.0563 0.4027 -0.9136
vn -0.0426 0.3304 -0.9429
vn -0.0420 0.2651 -0.9633
vn -0.0035 0.3162 -0.9487
vn 0.0604 0.1473 -0.9872
vn -0.0420 0.1472 -0.9882
vn -0.0418 0.1325 -0.9903
vn 0.0756 0.1338 -0.9881
vn 0.0952 0.1835 -0.9784
vn -0.0411 0.1752 -0.9837
vn -0.0382 0.3087 -0.9504
vn 0.1311 0.3199 -0.9383
vn 0.1526 0.5098 -0.8466
vn -0.0336 0.5014 -0.8646
vn -0.0289 0.6739 -0.7383
vn 0.1333 0.6789 -0.7220
vn 0.0892 0.8309 -0.5493
vn -0.0227 0.8269 -0.5618
vn -0.0156 0.9208 -0.3896
vn 0.0505 0.9207 -0.3870
vn -0.0108 0.9634 -0.2680
vn 0.0117 0.9604 -0.2783
vn -0.0074 0.9829 -0.1839
vn -0.0243 0.9810 -0.1924
vn 0.0047 0.9801 -0.1986
vn 0.0850 0.9630 -0.2558
vn -0.0069 0.9815 -0.1913
vn -0.0147 0.9414 -0.3369
vn -0.0661 0.9414 -0.3309
vn -0.0277 0.9822 -0.1858
vn -0.0736 0.9397 -0.3339
vn -0.0212 0.9835 -0.1799
vn 0.0929 0.9024 -0.4207
vn 0.2785 0.8256 -0.4907
vn 0.3740 0.6107 -0.6980
vn 0.4146 0.4005 -0.8171
vn 0.4741 0.2369 -0.8480
vn 0.5283 0.1600 -0.8339
vn 0.5052 0.2373 -0.8298
vn 0.2548 0.5992 -0.7590
vn 0.9659 0.1878 0.1780
vn 0.9732 0.0717 0.2184
vn 0.9670 -0.0889 0.2388
vn 0.9188 -0.3131 0.2404
vn 0.7439 -0.5584 0.3672
vn 0.7708 -0.6071 0.1931
vn 0.9397 -0.0724 0.3343
vn 0.4790 0.0817 0.8740
vn 0.5855 0.1113 0.8030
vn 0.6609 0.3170 0.6802
vn 0.7331 0.1370 0.6662
vn 0.7097 0.4868 0.5092
vn 0.8286 0.1864 0.5280
vn 0.7028 0.6446 0.3010
vn 0.8903 0.2606 0.3735
vn 0.7759 0.6218 0.1062
vn 0.9435 0.2589 0.2069
vn 0.7461 -0.0765 0.6614
vn 0.4565 -0.2121 0.8641
vn 0.1658 -0.2858 0.9439
vn 0.2593 -0.1820 0.9485
vn 0.5586 0.1417 0.8172
vn 0.6796 0.4336 0.5917
vn 0.7020 0.6438 0.3046
vn 0.8879 0.4599 -0.0095
vn 0.7121 0.7017 0.0238
vn 0.8987 0.4386 -0.0029
vn 0.7432 0.6685 -0.0285
vn 0.5721 -0.0737 0.8169
vn 0.7462 0.1277 0.6533
vn 0.9725 0.2314 -0.0273
vn 0.9740 0.2267 -0.0043
vn 0.9773 0.1852 0.1033
vn 0.9683 0.2441 -0.0530
vn 0.8130 0.5685 -0.1257
vn 0.8906 0.4475 0.0817
vn 0.9090 0.3392 -0.2422
vn 0.8946 0.4238 -0.1417
vn 0.7200 0.6413 -0.2654
vn 0.7134 0.6136 -0.3384
vn 0.8205 0.5712 -0.0230
vn 0.6987 0.7038 -0.1285
vn 0.7208 0.6931 0.0005
vn 0.5900 0.7950 -0.1414
vn 0.4543 0.8398 -0.2971
vn 0.5195 0.8182 -0.2462
vn 0.9885 -0.0209 0.1497
vn 0.7222 0.6868 -0.0821
vn 0.9189 -0.3409 0.1986
vn 0.0435 -0.0840 0.9955
vn 0.0847 0.5783 0.8114
vn 0.0044 -0.5057 0.8627
vn -0.0267 -0.4073 0.9129
vn -0.0224 -0.0651 0.9976
vn -0.0303 0.3555 0.9342
vn -0.0575 0.7687 0.6370
vn -0.0488 0.9557 0.2903
vn -0.0176 0.8978 0.4401
vn -0.0118 0.8130 0.5822
vn -0.0567 0.9747 0.2162
vn -0.0870 0.9570 -0.2768
vn -0.0488 0.9699 -0.2385
vn 0.0813 0.9037 0.4204
vn 0.1332 0.5975 0.7907
vn 0.0728 0.7648 0.6401
vn -0.0236 0.9540 0.2989
vn -0.0654 0.9972 0.0359
vn -0.0739 0.9795 -0.1873
vn -0.0562 0.9618 -0.2681
vn 0.0425 0.9984 0.0374
vn 0.0945 0.9442 0.3157
vn 0.0373 0.9717 0.2331
vn -0.0356 0.9993 -0.0103
vn -0.1474 0.9192 -0.3652
vn -0.2304 0.7670 -0.5988
vn -0.0694 0.9559 -0.2854
vn 0.1835 0.9362 0.2999
vn 0.1681 0.9283 0.3317
vn 0.0154 0.9997 0.0212
vn -0.1586 0.9318 -0.3265
vn -0.2507 0.7929 -0.5553
vn -0.1884 0.8044 -0.5634
vn -0.0291 0.9225 -0.3849
vn 0.0942 0.9713 -0.2186
vn 0.1161 0.9688 -0.2188
vn -0.0088 0.9842 -0.1768
vn -0.0063 0.9851 -0.1719
vn -0.0369 0.9851 -0.1677
vn 0.3670 -0.2973 0.8814
vn 0.6573 -0.4346 0.6156
vn -0.0123 -0.3948 0.9187
vn -0.0959 -0.2014 0.9748
vn -0.1618 -0.1067 0.9810
vn -0.8031 -0.4779 0.3559
vn -0.1782 -0.4332 0.8835
vn 0.0612 -0.4933 0.8677
vn -0.6307 -0.6150 0.4733
vn 0.2174 -0.4345 0.8740
vn -0.4547 -0.5472 0.7027
vn 0.2097 -0.3773 0.9020
vn 0.1281 -0.3489 0.9284
vn 0.0140 -0.3170 0.9483
vn -0.9468 0.1151 0.3004
vn -0.9819 0.1054 0.1576
vn -0.9900 -0.1078 0.0905
vn -0.9680 -0.0844 0.2361
vn -0.9593 -0.2363 -0.1544
vn -0.9902 -0.1148 -0.0792
vn -0.9088 -0.2320 -0.3467
vn -0.9382 -0.0763 -0.3375
vn -0.9205 0.1380 -0.3656
vn -0.4777 0.4226 -0.7702
vn -0.5245 0.2596 -0.8109
vn -0.7641 0.2366 -0.6002
vn -0.7492 0.3728 -0.5475
vn -0.9725 0.1630 -0.1665
vn -0.9650 0.2282 -0.1294
vn -0.9506 0.2112 -0.2276
vn -0.7248 0.2197 -0.6530
vn -0.5330 0.2141 -0.8186
vn -0.4284 0.1462 -0.8917
vn -0.6280 0.1703 -0.7594
vn -0.8635 0.1000 -0.4944
vn -0.6733 0.0974 -0.7330
vn -0.7888 0.0603 -0.6116
vn -0.6493 0.1185 -0.7513
vn -0.9684 0.2053 -0.1418
vn -0.9100 0.3592 -0.2072
vn -0.7824 0.1989 -0.5902
vn -0.0021 0.0098 -0.9999
vn -0.2188 0.0403 -0.9749
vn -0.0978 0.3306 -0.9387
vn -0.0333 0.3759 -0.9261
vn 0.1067 0.3079 -0.9454
vn -0.0034 0.3454 -0.9384
vn 0.0177 0.2565 -0.9664
vn -0.2079 0.2506 -0.9455
vn -0.3438 0.0170 -0.9389
vn -0.7657 0.2714 -0.5832
vn -0.7354 0.3313 -0.5911
vn -0.7177 0.1424 -0.6817
vn -0.7290 0.1676 -0.6637
vn -0.4015 0.1940 -0.8951
vn -0.3936 0.4899 -0.7779
vn 0.1722 0.2874 -0.9422
vn 0.0066 0.2814 -0.9596
vn 0.1152 0.4471 -0.8870
vn -0.0033 0.4149 -0.9099
vn 0.1186 0.5019 -0.8568
vn 0.1334 0.2720 -0.9530
vn 0.2168 -0.4262 0.8782
vn 0.0948 -0.3704 0.9240
vn 0.2076 -0.3813 0.9009
vn 0.2325 -0.4087 0.8825
vn -0.3339 -0.3624 0.8701
vn -0.3761 -0.2927 0.8791
vn 0.0308 -0.3246 0.9453
vn 0.1152 -0.3672 0.9230
vn 0.1885 -0.3898 0.9014
vn 0.0285 -0.2820 0.9590
vn -0.0549 -0.2233 0.9732
vn -0.1247 -0.2329 0.9645
vn -0.8994 0.1825 -0.3973
vn -0.9401 -0.0864 -0.3298
vn -0.9066 -0.2046 -0.3691
vn -0.8516 0.0859 -0.5171
vn -0.8498 -0.1478 -0.5059
vn -0.7468 0.0639 -0.6620
vn -0.2906 -0.0513 -0.9555
vn -0.3131 -0.2476 -0.9169
vn -0.5533 0.1101 -0.8257
vn -0.3992 0.1938 -0.8961
vn -0.6334 0.1371 -0.7616
vn -0.5186 0.2165 -0.8271
vn -0.6348 0.0852 -0.7680
vn -0.3138 -0.2083 -0.9264
vn -0.6752 0.0598 -0.7352
vn -0.7654 0.3441 -0.5439
vn -0.7214 0.2888 -0.6294
vn -0.6175 0.2879 -0.7320
vn -0.6393 0.3319 -0.6937
vn -0.5316 0.1341 -0.8363
vn -0.2182 -0.3826 -0.8978
vn -0.3239 -0.3467 -0.8803
vn -0.2106 -0.3757 -0.9025
vn -0.2902 -0.3144 -0.9039
vn -0.8638 -0.4606 -0.2041
vn -0.8008 -0.5971 0.0479
vn -0.9014 -0.4002 0.1651
vn -0.9853 -0.1576 -0.0656
vn -0.9268 -0.3309 0.1777
vn -0.9983 -0.0259 -0.0523
vn -0.9732 -0.2144 0.0832
vn -0.9596 -0.2806 0.0220
vn -0.8836 -0.4557 -0.1074
vn -0.9161 -0.3482 0.1987
vn -0.9939 -0.1101 -0.0002
vn -0.9051 -0.3233 0.2761
vn -0.9743 -0.1885 0.1231
vn -0.9526 -0.1214 0.2791
vn -0.9709 -0.1832 0.1540
vn -0.8590 0.5065 0.0747
vn -0.4485 0.6370 0.6269
vn -0.7617 -0.1879 0.6201
vn -0.0401 0.5823 0.8120
vn -0.4962 -0.2631 0.8274
vn 0.0081 -0.4235 0.9058
vn 0.0028 -0.3382 0.9411
vn 0.0663 -0.3381 0.9388
vn 0.0502 -0.4247 0.9039
vn 0.1104 -0.3559 0.9280
vn 0.0583 -0.4440 0.8941
vn 0.1246 -0.0089 0.9922
vn 0.0684 0.0117 0.9976
vn -0.0179 0.0009 0.9998
vn -0.6137 -0.3531 0.7062
vn -0.2758 -0.4008 0.8737
vn -0.2076 -0.4164 0.8852
vn -0.6082 -0.3277 0.7230
vn -0.1640 -0.3426 0.9251
vn -0.5505 -0.1600 0.8194
vn -0.0687 -0.3687 0.9270
vn -0.1296 -0.3905 0.9114
vn -0.2212 -0.3476 0.9112
vn -0.8736 0.4849 -0.0406
vn -0.9507 0.3054 -0.0534
vn -0.9563 0.0214 0.2917
vn -0.9447 0.2688 0.1877
vn -0.9530 -0.0380 0.3007
vn -0.9738 0.1823 0.1363
vn -0.9365 -0.0840 0.3404
vn -0.9522 -0.0379 0.3031
vn -0.4711 -0.3904 0.7910
vn -0.4994 -0.3641 0.7862
vn -0.5070 -0.2245 0.8322
vn -0.4177 -0.2136 0.8831
vn -0.5638 0.0261 0.8255
vn -0.4276 0.1147 0.8967
vn -0.6991 -0.1081 0.7068
vn -0.6247 -0.2319 0.7456
vn -0.5915 -0.2760 0.7576
vn -0.3939 -0.3101 0.8653
vn -0.4352 -0.2821 0.8550
vn -0.5220 -0.3379 0.7832
vn -0.5013 -0.3684 0.7829
vn -0.5988 -0.2348 0.7657
vn -0.5217 -0.1729 0.8354
vn -0.0346 -0.5307 0.8469
vn -0.0831 -0.4402 0.8941
vn -0.2476 -0.3638 0.8980
vn -0.1758 -0.4146 0.8929
vn -0.3594 -0.1827 0.9151
vn -0.1595 -0.1525 0.9753
vn -0.0404 0.4457 0.8943
vn 0.0912 0.4583 0.8841
vn 0.1299 0.4320 0.8925
vn 0.1369 0.7949 0.5910
vn 0.1093 0.8020 0.5872
vn -0.0543 0.7902 0.6104
vn -0.2005 0.2133 0.9562
vn -0.4475 0.0732 0.8913
vn -0.6180 0.0208 0.7859
vn -0.7274 0.4845 0.4860
vn -0.5104 0.5787 0.6361
vn -0.2175 0.6958 0.6845
vn -0.9318 0.2536 0.2598
vn -0.9470 -0.0351 0.3193
vn -0.7737 -0.2180 0.5949
vn -0.7442 -0.1254 0.6560
vn -0.8031 -0.2018 0.5606
vn -0.9050 -0.1556 0.3960
vn -0.7168 -0.0495 0.6955
vn -0.8553 0.4023 0.3265
vn -0.0567 0.7178 0.6939
vn -0.0483 0.6941 0.7183
vn -0.0304 0.9088 0.4161
vn -0.0616 0.9153 0.3980
vn 0.0349 0.9869 -0.1577
vn -0.0540 0.9860 -0.1580
vn 0.0686 0.9810 -0.1814
vn -0.0214 0.9039 0.4273
vn -0.0654 0.6376 0.7676
vn -0.2939 0.8972 -0.3295
vn -0.4189 0.8333 0.3608
vn -0.6755 0.7126 0.1898
vn -0.4179 0.7674 -0.4862
vn -0.7662 0.6372 0.0837
vn -0.3036 0.7374 -0.6034
vn -0.6852 0.1327 0.7162
vn -0.5385 0.3866 0.7487
vn -0.3238 0.5317 0.7826
vn -0.7318 0.5081 -0.4542
vn -0.4371 0.5773 -0.6897
vn -0.4450 0.6436 -0.6227
vn -0.6927 0.6234 -0.3627
vn -0.5660 -0.2368 -0.7897
vn -0.5769 -0.1819 -0.7963
vn -0.7016 -0.3098 -0.6417
vn -0.6621 -0.2678 -0.7000
vn -0.7733 -0.4044 -0.4884
vn -0.7690 -0.2682 -0.5803
vn -0.6846 0.0523 -0.7271
vn -0.5214 0.2688 -0.8099
vn -0.3197 0.4900 -0.8110
vn -0.4955 0.7328 -0.4664
vn -0.5768 0.6574 -0.4849
vn -0.7411 0.6584 -0.1317
vn -0.6459 0.7532 -0.1242
vn -0.8083 0.5518 0.2051
vn -0.7075 0.6783 0.1985
vn -0.9051 0.3787 0.1931
vn -0.8562 0.4931 -0.1543
vn -0.6618 0.5363 -0.5238
vn -0.1397 0.9021 -0.4082
vn -0.3607 0.8183 -0.4476
vn -0.4982 0.8635 -0.0789
vn -0.2581 0.9657 -0.0280
vn -0.5416 0.8058 0.2393
vn -0.3089 0.9147 0.2605
vn -0.0458 0.9518 -0.3033
vn 0.2130 0.9253 -0.3139
vn 0.1535 0.9881 -0.0101
vn -0.0556 0.9984 0.0038
vn 0.0938 0.9807 0.1714
vn -0.0589 0.9832 0.1729
vn 0.0449 0.9798 0.1951
vn 0.1144 0.9933 -0.0130
vn 0.2009 0.9186 -0.3404
vn 0.2089 0.8236 -0.5273
vn 0.2295 0.7981 -0.5571
vn 0.0583 0.9653 -0.2545
vn 0.0602 0.9651 -0.2549
vn -0.0477 0.9616 -0.2702
vn -0.0343 0.8477 -0.5294
vn -0.4179 0.8758 0.2415
vn -0.5677 0.8205 0.0674
vn -0.5916 0.7859 0.1799
vn -0.4239 0.8666 0.2633
vn -0.3932 0.8435 -0.3660
vn -0.1806 0.9193 -0.3497
vn -0.5394 0.7578 -0.3672
vn -0.6906 0.7173 0.0919
vn -0.6581 0.7453 -0.1075
vn -0.4685 0.6308 -0.6186
vn -0.4911 0.7945 -0.3571
vn -0.4447 0.8024 -0.3980
vn -0.4461 0.6432 -0.6223
vn -0.3079 0.8191 -0.4840
vn -0.3346 0.6628 -0.6699
vn -0.2402 0.9100 -0.3380
vn -0.3369 0.9014 -0.2720
vn -0.3521 0.8996 -0.2583
vn -0.7060 0.6463 -0.2897
vn -0.7563 0.6536 -0.0275
vn -0.6199 0.6645 -0.4174
vn -0.6667 0.5542 -0.4984
vn -0.8184 0.5502 -0.1660
vn -0.7339 0.5006 -0.4592
vn -0.7934 0.2975 -0.5310
vn -0.7504 0.3563 -0.5567
vn -0.4616 0.3904 -0.7966
vn -0.4893 0.4558 -0.7435
vn -0.6792 0.4694 -0.5642
vn -0.6301 0.4631 -0.6233
vn -0.4512 0.4941 -0.7432
vn -0.4882 0.4421 -0.7525
vn -0.4792 0.4154 -0.7732
vn -0.5504 0.2533 -0.7955
vn -0.5488 0.2261 -0.8048
vn -0.3913 0.2978 -0.8707
vn -0.3719 0.4840 -0.7921
vn 0.0034 0.7637 -0.6456
vn -0.1609 0.6187 -0.7690
vn -0.1330 0.5845 -0.8004
vn -0.0838 0.6236 -0.7772
vn -0.2351 0.3606 -0.9026
vn -0.2730 0.3568 -0.8934
vn -0.1026 0.3394 -0.9350
vn -0.0733 0.5169 -0.8529
vn -0.1439 0.4394 -0.8867
vn -0.3802 0.1722 -0.9087
vn -0.5818 0.1520 -0.7990
vn -0.6120 0.1360 -0.7791
vn -0.6317 0.1913 -0.7512
vn -0.5536 0.1719 -0.8148
vn -0.3460 0.1375 -0.9281
vn -0.9199 -0.3415 0.1928
vn -0.9828 -0.1798 -0.0429
vn -0.9898 -0.1120 0.0883
vn -0.9553 -0.1043 0.2767
vn -0.9869 -0.0969 -0.1289
vn -0.9994 -0.0274 -0.0210
vn -0.9800 -0.0296 -0.1965
vn -0.9642 0.0729 -0.2549
vn -0.9254 0.2355 -0.2968
vn -0.9359 0.1384 -0.3240
vn -0.8039 -0.2491 -0.5401
vn -0.6324 -0.1074 -0.7671
vn -0.8323 0.2394 -0.5000
vn -0.8310 -0.5553 -0.0318
vn -0.8961 -0.0587 -0.4401
vn -0.6386 -0.3942 -0.6610
vn -0.5764 -0.7886 -0.2141
vn -0.2870 -0.7908 -0.5406
vn -0.3698 -0.8988 -0.2355
vn -0.4128 -0.2194 -0.8840
vn -0.6606 0.0853 -0.7459
vn -0.7270 0.3053 -0.6150
vn -0.2472 -0.3996 -0.8827
vn -0.1780 -0.7998 -0.5733
vn -0.2108 -0.3962 -0.8936
vn -0.8764 0.3447 -0.3363
vn -0.8574 0.4730 -0.2027
vn -0.8650 -0.0447 -0.4998
vn -0.8738 0.2217 -0.4328
vn -0.8705 -0.4917 -0.0220
vn -0.9545 -0.2887 -0.0743
vn -0.7905 -0.3487 -0.5036
vn -0.7557 -0.6277 -0.1869
vn -0.8420 -0.3972 0.3651
vn -0.9161 -0.2195 0.3354
vn -0.7312 -0.6306 0.2603
vn -0.6947 -0.5465 0.4677
vn -0.6104 -0.5674 0.5527
vn 0.0006 -0.1752 0.9845
vn -0.2508 -0.0209 0.9678
vn -0.2507 -0.2756 0.9280
vn 0.0239 -0.4534 0.8910
vn -0.1670 -0.3766 0.9112
vn 0.1018 -0.5168 0.8500
vn -0.2919 -0.2199 0.9308
vn -0.3462 -0.1003 0.9328
vn -0.3089 0.1223 0.9432
vn 0.2656 -0.4919 0.8291
vn 0.2589 -0.5012 0.8257
vn 0.2492 -0.2708 0.9298
vn 0.2761 -0.2807 0.9192
vn 0.2638 -0.4332 0.8618
vn 0.1892 -0.4523 0.8716
vn 0.0704 0.9684 -0.2393
vn -0.0512 0.9717 -0.2305
vn 0.0737 0.9746 0.2117
vn -0.0599 0.9718 0.2279
vn 0.0999 0.9734 0.2061
vn 0.1036 0.9613 -0.2552
vn -0.2513 0.9497 0.1871
vn -0.2295 0.9141 -0.3343
vn -0.3668 0.7993 -0.4760
vn -0.5123 0.8557 0.0732
vn -0.2955 0.7347 -0.6107
vn -0.6637 0.7427 -0.0889
vn -0.3657 0.7706 -0.5220
vn -0.3204 0.7423 -0.5885
vn -0.7289 0.6649 -0.1630
vn -0.7866 0.5921 -0.1751
vn -0.5682 0.7092 -0.4173
vn -0.8352 0.5491 0.0315
vn -0.7462 0.6518 -0.1356
vn -0.6353 0.6908 -0.3452
vn -0.4778 0.6411 -0.6006
vn -0.7974 0.2586 -0.5452
vn -0.9034 0.3358 -0.2668
vn -0.9596 0.2779 -0.0434
vn -0.9313 -0.2348 -0.2785
vn -0.8371 -0.3602 -0.4119
vn -0.7491 0.0219 -0.6621
vn -0.8647 -0.2075 -0.4575
vn -0.9415 -0.1654 -0.2938
vn -0.2203 0.5796 -0.7845
vn -0.2225 0.5489 -0.8057
vn -0.2004 0.5898 -0.7823
vn -0.2398 0.6117 -0.7539
vn -0.2381 0.4483 -0.8616
vn -0.2170 0.4350 -0.8739
vn -0.2517 0.3114 -0.9163
vn -0.2997 0.2984 -0.9061
vn -0.3418 0.2482 -0.9064
vn -0.2763 0.2608 -0.9250
vn -0.1524 0.2135 -0.9650
vn -0.2258 0.2551 -0.9402
vn -0.3640 0.2695 -0.8916
vn -0.0361 -0.1741 -0.9841
vn 0.0279 -0.1728 -0.9846
vn -0.8011 -0.1963 0.5654
vn -0.7782 -0.0466 0.6263
vn -0.9181 0.0482 0.3934
vn -0.8807 -0.2245 0.4172
vn -0.9756 0.0693 0.2084
vn -0.9350 -0.2490 0.2527
vn -0.8548 0.5017 0.1324
vn -0.8212 0.4498 0.3512
vn -0.7553 0.2278 0.6145
vn -0.9344 -0.2405 0.2627
vn -0.8845 0.4662 0.0177
vn -0.9951 0.0965 0.0205
vn -0.9079 -0.3032 0.2896
vn -0.9373 0.3059 -0.1670
vn -0.9881 0.1103 0.1071
vn -0.7133 0.6666 -0.2165
vn 0.0130 0.9747 0.2230
vn -0.0609 0.9752 0.2126
vn 0.0109 0.9993 0.0361
vn -0.0575 0.9978 0.0335
vn -0.0127 0.9993 0.0339
vn -0.0277 0.9657 0.2583
vn -0.5604 0.7338 0.3841
vn -0.3472 0.8598 0.3745
vn -0.5031 0.8636 0.0323
vn -0.2896 0.9560 0.0464
vn -0.6773 0.7357 0.0078
vn -0.7219 0.5923 0.3578
vn -0.5661 0.5819 -0.5840
vn -0.1154 0.7742 -0.6224
vn -0.2532 0.7331 -0.6313
vn -0.5722 0.6122 -0.5457
vn -0.6006 0.4540 -0.6581
vn -0.7738 0.3828 -0.5047
vn -0.4189 0.4646 -0.7801
vn -0.0782 0.7444 -0.6631
vn 0.0218 0.7907 -0.6118
vn -0.0410 0.2351 -0.9711
vn -0.0159 0.5364 -0.8438
vn -0.1432 0.1980 -0.9697
vn -0.3539 0.1960 -0.9145
vn -0.5308 0.0410 -0.8465
vn -0.4945 -0.2149 -0.8422
vn -0.3961 -0.1356 -0.9081
vn -0.1700 -0.8106 -0.5604
vn -0.2837 -0.3594 -0.8890
vn -0.0291 -0.5381 -0.8424
vn -0.0514 -0.4549 -0.8891
vn -0.0740 -0.4347 -0.8975
vn 0.0048 -0.5370 -0.8436
vn -0.1318 -0.2616 -0.9561
vn -0.3143 -0.4786 -0.8199
vn -0.4536 -0.4845 -0.7480
vn -0.2032 -0.3505 -0.9142
vn -0.6255 -0.6628 -0.4116
vn -0.4558 -0.7127 -0.5331
vn -0.6924 -0.2480 0.6775
vn -0.5640 -0.4494 0.6928
vn -0.1508 -0.4141 0.8977
vn -0.2519 -0.2568 0.9331
vn 0.1066 -0.3713 0.9224
vn -0.0427 -0.4593 0.8873
vn -0.4404 -0.4577 0.7724
vn -0.2905 -0.1294 0.9481
vn -0.7186 -0.0422 0.6941
vn -0.6776 -0.0011 0.7354
vn -0.3140 -0.1396 0.9391
vn -0.9479 -0.0072 0.3185
vn -0.9360 -0.0224 0.3513
vn -0.9336 0.1295 0.3340
vn -0.9456 0.1115 0.3057
vn -0.3480 -0.1718 0.9216
vn -0.6388 -0.0461 0.7680
vn -0.3186 -0.2250 0.9208
vn -0.5796 -0.1668 0.7976
vn -0.1876 -0.2624 0.9466
vn -0.1590 -0.2607 0.9522
vn -0.8057 0.0995 0.5839
vn -0.8896 -0.1240 0.4397
vn -0.8782 -0.1568 0.4519
vn -0.9749 0.0414 0.2188
vn -0.9806 0.0625 0.1859
vn -0.9033 0.3206 0.2851
vn -0.9104 0.3386 -0.2376
vn -0.9545 0.2374 -0.1806
vn -0.9911 0.1248 0.0474
vn -0.9782 0.2011 0.0520
vn -0.9819 0.1225 0.1443
vn -0.9773 0.1165 0.1769
vn -0.8929 0.4473 0.0518
vn -0.8946 0.4468 0.0119
vn -0.8024 0.5750 -0.1597
vn -0.8428 -0.1160 0.5256
vn -0.6254 -0.2613 0.7353
vn -0.8336 -0.0140 0.5523
vn -0.9573 0.0998 0.2713
vn -0.9561 0.0810 0.2815
vn -0.9674 0.1071 0.2294
vn -0.9657 0.0884 0.2440
vn -0.9403 0.0499 0.3366
vn -0.9143 0.0875 0.3954
vn -0.9321 -0.1267 0.3392
vn -0.9588 -0.0329 0.2822
vn -0.9102 -0.2025 0.3613
vn -0.8398 -0.3345 0.4276
vn -0.7301 -0.4078 0.5483
vn -0.8360 -0.3681 0.4069
vn -0.3036 0.4986 0.8119
vn -0.2125 -0.0921 0.9728
vn -0.4899 -0.4587 0.7413
vn -0.5887 -0.1011 0.8020
vn -0.5546 -0.3805 0.7400
vn -0.1657 -0.1684 0.9717
vn -0.9903 0.1393 0.0008
vn -0.9824 0.1863 -0.0134
vn -0.9813 0.1922 0.0131
vn -0.9897 0.1083 0.0939
vn -0.9611 0.2704 -0.0560
vn -0.9814 0.1919 -0.0005
vn -0.9469 0.3020 -0.1103
vn -0.9575 0.2694 -0.1033
vn -0.9696 0.2219 -0.1035
vn -0.9595 0.2203 -0.1756
vn -0.9873 0.0955 0.1267
vn -0.9950 -0.0456 0.0886
vn -0.9865 0.0675 -0.1491
vn -0.9963 0.0463 0.0722
vn -0.9552 -0.2599 0.1415
vn -0.9977 0.0267 -0.0621
vn -0.9666 -0.2546 0.0310
vn -0.8915 0.4306 -0.1408
vn -0.8753 0.4836 0.0014
vn -0.8721 0.3743 -0.3152
vn -0.6501 0.6768 -0.3454
vn -0.7331 0.6136 -0.2933
vn -0.6624 0.7360 -0.1398
vn -0.6088 0.7723 -0.1813
vn -0.2304 -0.3137 0.9211
vn -0.3216 -0.2825 0.9038
vn -0.1999 -0.2824 0.9382
vn -0.1207 -0.3203 0.9396
vn -0.1016 -0.2962 0.9497
vn -0.0560 0.6653 0.7445
vn -0.0236 0.0691 0.9973
vn 0.0013 0.0786 0.9969
vn -0.0506 0.6674 0.7430
vn 0.0007 0.0437 0.9990
vn -0.0513 0.6504 0.7578
vn -0.2424 -0.1692 0.9553
vn -0.0948 -0.1754 0.9799
vn -0.3587 0.2854 0.8888
vn -0.2109 0.4574 0.8639
vn -0.5528 0.0313 0.8327
vn -0.4636 -0.1941 0.8645
vn -0.6095 -0.2360 0.7569
vn -0.7200 -0.0354 0.6931
vn -0.6347 -0.2163 0.7419
vn -0.7819 0.0291 0.6227
vn -0.6814 0.1503 0.7163
vn -0.4955 0.1469 0.8561
vn -0.5293 0.0801 0.8447
vn -0.6966 0.0631 0.7147
vn -0.5108 -0.1114 0.8524
vn -0.7159 -0.0635 0.6953
vn -0.3551 -0.0863 0.9308
vn -0.4617 0.1099 0.8802
vn -0.7535 -0.1657 0.6363
vn -0.4100 -0.2991 0.8617
vn -0.4822 -0.3294 0.8118
vn -0.8043 -0.2194 0.5522
vn -0.5282 -0.3155 0.7883
vn -0.8193 -0.2586 0.5117
vn -0.2440 -0.3997 0.8836
vn -0.3453 -0.3777 0.8591
vn -0.6771 -0.4466 0.5849
vn -0.7074 -0.4187 0.5695
vn -0.0295 -0.3091 0.9506
vn -0.7577 0.0284 -0.6520
vn -0.6891 0.1511 -0.7088
vn -0.7073 0.1824 -0.6829
vn -0.4238 -0.0559 -0.9040
vn -0.6300 0.3529 -0.6917
vn -0.6173 0.3941 -0.6810
vn -0.4397 0.2417 -0.8650
vn -0.2205 -0.1445 -0.9646
vn -0.2576 -0.0893 -0.9621
vn -0.2820 0.0288 -0.9590
vn -0.0368 -0.2646 -0.9637
vn -0.0546 -0.2264 -0.9725
vn -0.4203 0.4891 -0.7643
vn -0.4446 0.4442 -0.7778
vn -0.6178 0.4192 -0.6652
vn -0.4758 0.4462 -0.7580
vn -0.5018 0.3637 -0.7848
vn -0.4782 0.2622 -0.8382
vn -0.4110 0.2133 -0.8863
vn -0.3811 0.1371 -0.9143
vn -0.4458 0.0270 -0.8947
vn -0.3902 -0.1282 -0.9118
vn -0.3893 -0.0880 -0.9169
vn -0.9701 -0.2336 -0.0653
vn -0.9721 -0.2092 -0.1058
vn -0.9511 -0.3030 0.0594
vn -0.8441 -0.4440 0.3005
vn -0.8220 -0.3985 0.4068
vn -0.8068 -0.1878 0.5602
vn -0.8935 0.3222 -0.3127
vn -0.8351 0.4098 -0.3669
vn -0.6890 0.6627 -0.2934
vn -0.9904 0.1176 0.0722
vn -0.9791 0.1990 -0.0430
vn -0.9937 0.0762 0.0825
vn -0.9925 0.1220 0.0068
vn -0.9255 0.2678 -0.2677
vn -0.9662 0.2419 -0.0889
vn -0.8573 0.3175 -0.4053
vn -0.8775 0.2511 -0.4086
vn -0.9763 0.2112 -0.0466
vn -0.9994 0.0219 0.0262
vn -0.9486 0.0867 -0.3043
vn -0.9943 0.0955 -0.0471
vn -0.8976 0.2038 -0.3910
vn -0.9380 0.0479 -0.3433
vn -0.9975 -0.0663 -0.0223
vn -0.9613 -0.0850 -0.2619
vn -0.9651 -0.2615 -0.0129
vn -0.9472 -0.2521 -0.1981
vn -0.8655 -0.5009 0.0092
vn -0.9726 0.0528 -0.2265
vn -0.9043 0.1035 -0.4141
vn -0.8039 0.1173 -0.5831
vn -0.6704 0.0905 -0.7365
vn -0.3515 0.0989 -0.9309
vn -0.4406 0.0707 -0.8949
vn -0.4473 -0.2092 -0.8695
vn -0.2637 -0.1871 -0.9463
vn -0.1743 0.1145 -0.9780
vn -0.9447 0.1255 0.3028
vn -0.8705 0.3196 0.3744
vn -0.9572 0.2671 0.1118
vn -0.8864 0.4590 0.0602
vn -0.9432 0.3240 0.0729
vn -0.9682 0.1249 0.2167
vn -0.8103 0.4526 0.3721
vn -0.7924 0.6097 0.0178
vn -0.8366 0.5272 0.1488
vn -0.8955 0.1751 0.4092
vn -0.7665 -0.1772 0.6173
vn -0.7464 -0.0670 0.6621
vn -0.9045 0.4265 0.0050
vn -0.7772 0.6286 -0.0285
vn -0.6497 0.6881 -0.3230
vn -0.7946 0.5247 -0.3053
vn -0.5250 0.7889 -0.3193
vn -0.6334 0.7717 -0.0579
vn -0.4280 0.8944 -0.1302
vn -0.3550 0.8773 -0.3230
vn -0.1669 0.9357 -0.3109
vn -0.1947 0.9598 -0.2021
vn 0.1235 0.9821 -0.1423
vn -0.0511 0.9917 -0.1183
vn 0.2199 0.9740 -0.0549
vn -0.0522 0.9984 -0.0206
vn 0.1451 0.9826 -0.1159
vn 0.0822 0.9758 -0.2024
vn -0.9934 0.0792 0.0824
vn -0.8733 -0.0964 0.4776
vn -0.8793 0.1936 0.4350
vn -0.7772 -0.1181 0.6181
vn -0.8209 0.0801 0.5655
vn -0.8335 -0.2448 0.4953
vn -0.9703 -0.1290 0.2047
vn -0.5391 0.1012 0.8362
vn -0.4332 0.2211 0.8737
vn -0.3697 0.0906 0.9247
vn -0.4844 0.0826 0.8710
vn -0.0490 -0.0225 0.9985
vn -0.0831 -0.0248 0.9962
vn -0.3043 0.5572 0.7726
vn -0.0954 0.1944 0.9763
vn 0.0275 0.1897 0.9814
vn -0.1299 0.7115 0.6906
vn 0.1321 -0.0947 0.9867
vn -0.4666 -0.3182 0.8252
vn -0.7784 -0.3183 0.5410
vn -0.2681 -0.2960 0.9168
vn -0.3426 -0.3191 0.8837
vn -0.9657 0.0926 0.2425
vn -0.9785 0.2001 0.0509
vn -0.9747 0.1785 0.1345
vn -0.9490 0.2926 -0.1178
vn -0.9531 0.2844 -0.1032
vn -0.9688 0.2477 -0.0075
vn -0.8723 0.0497 0.4865
vn -0.0588 0.9284 0.3670
vn 0.0694 0.9329 0.3534
vn 0.0906 0.9408 0.3266
vn 0.0647 0.8843 0.4624
vn 0.0432 0.8786 0.4756
vn -0.0587 0.8770 0.4769
vn -0.2456 0.8780 0.4108
vn -0.5375 0.7696 0.3446
vn -0.4656 0.8607 0.2059
vn -0.2029 0.9410 0.2707
vn -0.6614 0.7479 0.0560
vn -0.7477 0.6312 0.2064
vn -0.8229 0.5660 0.0492
vn -0.7407 0.6639 -0.1029
vn -0.8465 0.5120 -0.1460
vn -0.8702 0.4922 -0.0240
vn -0.9500 0.3016 0.0802
vn -0.9778 0.1985 0.0677
vn -0.9713 0.0237 0.2366
vn -0.9655 0.2604 0.0037
vn -0.9819 0.1886 0.0139
vn 0.0517 0.8254 0.5622
vn -0.0571 0.8207 0.5685
vn 0.0735 0.8226 0.5638
vn -0.5623 0.6343 0.5305
vn -0.2651 0.7623 0.5904
vn -0.7800 0.4905 0.3886
vn -0.8724 0.4261 0.2395
vn -0.9038 0.4044 0.1403
vn -0.9326 0.3512 0.0830
vn -0.8368 0.5032 -0.2159
vn -0.9293 0.3445 0.1328
vn -0.7086 0.5682 -0.4185
vn -0.9703 0.2313 -0.0704
vn -0.8622 0.3122 -0.3989
vn -0.8327 0.3263 -0.4475
vn -0.8718 0.3342 -0.3582
vn -0.9494 0.2955 -0.1067
vn -0.9241 0.2145 0.3163
vn -0.9519 0.1996 0.2327
vn -0.9135 0.2499 -0.3211
vn -0.6790 0.2212 -0.7001
vn -0.5349 0.1957 -0.8219
vn -0.4084 0.1893 -0.8930
vn -0.9205 0.3084 -0.2399
vn -0.3771 0.0630 -0.9240
vn -0.4802 0.0379 -0.8763
vn -0.6770 -0.3082 -0.6684
vn -0.9087 -0.4045 -0.1034
vn -0.9468 -0.3134 -0.0736
vn -0.7700 -0.6196 -0.1523
vn -0.6277 -0.7714 -0.1044
vn 0.2370 -0.4155 0.8782
vn 0.1825 -0.4528 0.8727
vn -0.0136 -0.3784 0.9256
vn -0.1915 -0.2777 0.9414
vn -0.2839 0.4540 0.8446
vn -0.5458 -0.0089 0.8379
vn -0.4751 0.0753 0.8767
vn -0.5906 0.2571 0.7649
vn -0.3801 -0.1980 0.9035
vn -0.6469 -0.2176 0.7308
vn -0.3446 -0.1353 0.9290
vn -0.5939 -0.0932 0.7992
vn -0.2933 0.0228 0.9557
vn -0.4857 0.2123 0.8480
vn -0.3118 0.3323 0.8901
vn -0.2278 0.1839 0.9562
vn -0.2690 0.2610 0.9271
vn -0.2502 0.3167 0.9149
vn -0.5729 -0.0844 0.8153
vn -0.4075 0.0880 0.9090
vn -0.4570 0.0446 0.8884
vn -0.8320 -0.2355 0.5023
vn -0.8406 0.0180 0.5413
vn -0.5697 0.8188 -0.0714
vn -0.5431 0.8374 -0.0618
vn -0.6658 0.7461 0.0045
vn -0.5838 0.8113 0.0309
vn -0.6362 0.7196 0.2783
vn -0.7645 0.5699 0.3013
vn -0.7635 0.3363 0.5514
vn -0.7455 -0.0478 0.6648
vn -0.5048 0.5828 -0.6368
vn -0.2379 0.7504 -0.6167
vn -0.0050 0.7877 -0.6160
vn 0.0547 0.7293 -0.6820
vn -0.1414 0.4159 -0.8983
vn -0.2139 0.5167 -0.8290
vn 0.0462 0.6559 -0.7535
vn -0.0195 0.6126 -0.7902
vn -0.0017 0.3142 -0.9494
vn -0.0461 0.3390 -0.9396
vn -0.4680 -0.1999 -0.8608
vn -0.3137 -0.2413 -0.9184
vn -0.8999 0.1293 0.4164
vn -0.9672 0.0539 0.2482
vn -0.8107 0.5854 -0.0042
vn -0.8526 0.5171 0.0757
vn -0.9573 0.2891 -0.0065
vn -0.9433 0.2719 -0.1904
vn -0.8235 0.2828 -0.4919
vn -0.5280 0.5308 -0.6629
vn -0.5303 0.4763 -0.7014
vn -0.6644 0.4760 -0.5761
vn -0.6658 0.3212 -0.6734
vn -0.3294 0.6311 -0.7023
vn -0.3595 0.4159 -0.8353
vn -0.2562 0.2187 -0.9416
vn -0.7519 -0.0093 0.6592
vn -0.8129 0.2218 0.5386
vn -0.6887 0.2308 0.6873
vn -0.7371 0.4680 0.4875
vn -0.5439 0.4986 0.6750
vn -0.5727 0.7112 0.4078
vn -0.3171 0.6877 0.6531
vn -0.3028 0.8975 0.3207
vn -0.0564 0.9668 0.2492
vn 0.2130 0.9466 0.2420
vn 0.0539 0.8457 0.5309
vn -0.0592 0.8492 0.5248
vn 0.0234 0.8003 0.5992
vn 0.1495 0.9489 0.2779
vn 0.2628 0.9602 0.0941
vn -0.0542 0.9917 0.1170
vn 0.1824 0.9804 0.0742
vn -0.5271 0.8300 0.1824
vn -0.2642 0.9629 0.0550
vn -0.7191 0.6301 0.2931
vn -0.8316 0.4216 0.3617
vn -0.9360 0.3521 0.0058
vn -0.9885 0.1378 -0.0625
vn -0.9608 0.2102 -0.1809
vn -0.3466 0.5559 -0.7555
vn -0.2372 0.5882 -0.7731
vn -0.5672 0.2456 -0.7861
vn -0.5092 0.2518 -0.8230
vn -0.7401 0.3252 -0.5886
vn -0.5961 0.2180 -0.7727
vn -0.5612 0.1862 -0.8064
vn -0.5441 0.3298 -0.7715
vn -0.5742 0.4027 -0.7128
vn -0.5653 0.5810 -0.5855
vn -0.5176 0.5141 -0.6840
vn -0.5255 0.7354 -0.4277
vn -0.4137 0.6949 -0.5882
vn -0.4320 0.8618 -0.2657
vn -0.2408 0.8275 -0.5073
vn -0.2914 0.9516 -0.0973
vn -0.0840 0.9034 -0.4205
vn -0.0485 0.9556 -0.2906
vn 0.1462 0.9435 -0.2974
vn 0.0237 0.9997 0.0035
vn -0.0598 0.9982 0.0109
vn -0.0955 0.9529 0.2879
vn -0.0641 0.9550 0.2894
vn -0.1129 0.9443 0.3091
vn 0.0428 0.9989 0.0174
vn 0.1946 0.9324 -0.3046
vn -0.5228 0.0612 -0.8502
vn -0.3020 0.3993 -0.8657
vn -0.0421 0.6847 -0.7276
vn 0.0571 0.7667 -0.6395
vn -0.1810 0.5860 -0.7899
vn -0.1431 0.5941 -0.7916
vn -0.4591 0.2274 -0.8588
vn -0.4777 0.2424 -0.8444
vn -0.5531 0.1557 -0.8184
vn -0.5399 0.1362 -0.8306
vn -0.5241 0.2315 -0.8196
vn -0.5443 0.2661 -0.7956
vn -0.4901 0.4563 -0.7427
vn -0.4793 0.4124 -0.7747
vn -0.3410 0.6347 -0.6934
vn -0.3133 0.6622 -0.6807
vn -0.0485 0.7710 -0.6349
vn -0.0664 0.7809 -0.6211
vn 0.1023 0.7983 -0.5935
vn 0.1120 0.7877 -0.6058
vn -0.0388 0.8676 -0.4958
vn 0.0854 0.8615 -0.5006
vn 0.1678 0.8511 -0.4976
vn -0.0378 0.8678 -0.4954
vn 0.2161 0.8251 -0.5219
vn 0.1100 0.8456 -0.5224
vn -0.1086 0.9595 0.2600
vn -0.0622 0.9668 0.2478
vn -0.1398 0.9498 0.2799
vn -0.1887 0.7140 -0.6742
vn 0.0043 0.7541 -0.6567
vn -0.3371 0.6617 -0.6697
vn -0.4194 0.5860 -0.6933
vn -0.8416 0.4524 -0.2949
vn -0.1250 -0.2236 -0.9666
vn 0.0271 -0.1973 -0.9800
vn 0.0242 -0.1121 -0.9934
vn -0.0923 -0.1451 -0.9851
vn -0.0277 0.1447 -0.9891
vn 0.0104 0.1694 -0.9855
vn 0.0039 0.2854 -0.9584
vn 0.0114 0.3020 -0.9532
vn 0.0104 0.4046 -0.9145
vn 0.0001 0.3316 -0.9434
vn 0.0027 0.2664 -0.9639
vn -0.0383 0.3153 -0.9482
vn -0.0930 0.1429 -0.9854
vn 0.0089 0.1487 -0.9888
vn 0.0095 0.1340 -0.9909
vn -0.1077 0.1285 -0.9858
vn -0.1299 0.1771 -0.9756
vn 0.0065 0.1766 -0.9843
vn -0.0032 0.3097 -0.9508
vn -0.1726 0.3112 -0.9346
vn -0.2026 0.4995 -0.8423
vn -0.0167 0.5018 -0.8648
vn -0.0283 0.6739 -0.7383
vn -0.1901 0.6696 -0.7179
vn -0.1505 0.8240 -0.5463
vn -0.0389 0.8265 -0.5616
vn -0.0471 0.9199 -0.3892
vn -0.1130 0.9160 -0.3849
vn -0.0738 0.9580 -0.2772
vn -0.0513 0.9622 -0.2675
vn -0.0369 0.9807 -0.1922
vn -0.0536 0.9816 -0.1833
vn -0.0661 0.9781 -0.1975
vn -0.1466 0.9563 -0.2529
vn -0.0543 0.9801 -0.1907
vn -0.0335 0.9820 -0.1857
vn 0.0037 0.9433 -0.3318
vn -0.0479 0.9405 -0.3365
vn 0.0111 0.9423 -0.3345
vn -0.0397 0.9829 -0.1797
vn -0.3384 0.8071 -0.4838
vn -0.1551 0.8953 -0.4176
vn -0.4257 0.5879 -0.6879
vn -0.4572 0.3751 -0.8064
vn -0.5080 0.2085 -0.8358
vn -0.5576 0.1287 -0.8201
vn -0.5384 0.2074 -0.8168
vn -0.3077 0.5829 -0.7520
vn -0.9704 0.1320 0.2021
vn -0.9701 0.0157 0.2424
vn -0.9541 -0.1442 0.2626
vn -0.8930 -0.3651 0.2631
vn -0.7296 -0.6501 0.2123
vn -0.7012 -0.6000 0.3851
vn -0.9256 -0.1258 0.3570
vn -0.5708 0.0780 0.8174
vn -0.4608 0.0547 0.8858
vn -0.7229 0.0949 0.6844
vn -0.6604 0.2795 0.6970
vn -0.8245 0.1388 0.5486
vn -0.7236 0.4457 0.5270
vn -0.8943 0.2093 0.3954
vn -0.7309 0.6032 0.3192
vn -0.9514 0.2043 0.2305
vn -0.8075 0.5763 0.1258
vn -0.4219 -0.2371 0.8751
vn -0.7238 -0.1189 0.6797
vn -0.1255 -0.2939 0.9475
vn -0.2251 -0.1963 0.9544
vn -0.5454 0.1099 0.8310
vn -0.6885 0.3942 0.6087
vn -0.7301 0.6024 0.3226
vn -0.7505 0.6595 0.0419
vn -0.9129 0.4080 0.0128
vn -0.7807 0.6248 -0.0098
vn -0.9223 0.3860 0.0198
vn -0.5465 -0.1059 0.8308
vn -0.7359 0.0850 0.6717
vn -0.9846 0.1750 -0.0029
vn -0.9852 0.1702 0.0201
vn -0.9835 0.1285 0.1277
vn -0.9818 0.1879 -0.0286
vn -0.8472 0.5207 -0.1051
vn -0.9125 0.3957 0.1041
vn -0.9326 0.2867 -0.2191
vn -0.9204 0.3724 -0.1194
vn -0.7613 0.5992 -0.2478
vn -0.7562 0.5709 -0.3199
vn -0.8523 0.5230 -0.0022
vn -0.7411 0.6619 -0.1127
vn -0.7591 0.6506 0.0189
vn -0.6380 0.7596 -0.1260
vn -0.5091 0.8121 -0.2851
vn -0.5715 0.7871 -0.2322
vn -0.7626 0.6434 -0.0673
vn -0.9822 -0.0790 0.1701
vn -0.8925 -0.3936 0.2205
vn -0.0976 0.5731 0.8137
vn -0.0139 -0.0856 0.9962
vn 0.0462 -0.5045 0.8622
vn 0.0728 -0.4044 0.9117
vn 0.0509 -0.0630 0.9967
vn 0.0330 0.3573 0.9334
vn 0.0290 0.7712 0.6359
vn 0.0009 0.9571 0.2898
vn -0.0231 0.8976 0.4402
vn -0.0206 0.8127 0.5823
vn 0.0059 0.9765 0.2154
vn 0.0248 0.9602 -0.2782
vn -0.0131 0.9709 -0.2390
vn -0.1228 0.8978 0.4230
vn -0.1476 0.5894 0.7942
vn -0.1007 0.7598 0.6423
vn -0.0236 0.9540 0.2988
vn 0.0089 0.9993 0.0350
vn 0.0128 0.9820 -0.1884
vn -0.0058 0.9632 -0.2687
vn -0.0989 0.9943 0.0391
vn -0.1408 0.9374 0.3186
vn -0.0873 0.9681 0.2347
vn -0.0222 0.9997 -0.0104
vn 0.0851 0.9260 -0.3679
vn 0.1709 0.7785 -0.6039
vn 0.0072 0.9581 -0.2864
vn -0.2293 0.9243 0.3052
vn -0.2133 0.9172 0.3365
vn -0.0730 0.9971 0.0225
vn 0.0965 0.9393 -0.3292
vn 0.1908 0.8055 -0.5610
vn 0.1277 0.8133 -0.5676
vn -0.0334 0.9224 -0.3847
vn -0.1552 0.9641 -0.2154
vn -0.1770 0.9604 -0.2153
vn -0.0521 0.9830 -0.1763
vn -0.0239 0.9855 -0.1679
vn -0.0546 0.9837 -0.1713
vn -0.6157 -0.4713 0.6315
vn -0.3265 -0.3178 0.8902
vn 0.0558 -0.3942 0.9173
vn 0.1314 -0.1950 0.9720
vn 0.1919 -0.0965 0.9767
vn -0.1001 -0.9403 0.3252
vn -0.1064 -0.9375 0.3312
vn -0.4432 -0.8790 0.1757
vn -0.4193 -0.8984 0.1304
vn -0.1114 -0.9350 0.3367
vn -0.4677 -0.8586 0.2097
vn -0.9097 -0.4054 -0.0903
vn -0.8729 -0.4583 -0.1676
vn -0.8262 -0.4898 -0.2784
vn -0.0715 -0.9263 0.3699
vn -0.0357 -0.9245 0.3796
vn -0.1170 -0.6950 0.7094
vn -0.2120 -0.6969 0.6851
vn -0.0000 -0.9239 0.3826
vn 0.0015 -0.6894 0.7244
vn 0.0027 -0.1014 0.9948
vn -0.2010 -0.1038 0.9741
vn -0.3668 -0.0864 0.9263
vn 0.1175 -0.9343 0.3365
vn 0.1151 -0.9336 0.3393
vn 0.4947 -0.8351 0.2405
vn 0.5190 -0.8090 0.2760
vn 0.1118 -0.9350 0.3366
vn 0.4688 -0.8582 0.2092
vn 0.9101 -0.4043 -0.0909
vn 0.9411 -0.3374 -0.0211
vn 0.9642 -0.2578 0.0621
vn -0.0511 0.9395 -0.3388
vn -0.0571 0.9374 -0.3437
vn 0.1872 0.8314 -0.5231
vn 0.1292 0.8326 -0.5386
vn -0.0648 0.9339 -0.3517
vn 0.2394 0.8357 -0.4942
vn 0.6945 0.4052 -0.5946
vn 0.5747 0.4238 -0.7001
vn 0.4314 0.4624 -0.7746
vn -0.0655 0.9317 -0.3572
vn -0.0642 0.9354 -0.3478
vn 0.2794 0.9137 -0.2950
vn 0.2890 0.8923 -0.3470
vn -0.0641 0.9393 -0.3371
vn 0.2610 0.9356 -0.2378
vn 0.7217 0.6921 -0.0133
vn 0.7691 0.6265 -0.1261
vn 0.7964 0.5602 -0.2280
vn -0.1293 -0.9402 0.3152
vn -0.1385 -0.9417 0.3067
vn -0.5472 -0.7087 0.4453
vn -0.5534 -0.7431 0.3761
vn -0.1412 -0.9400 0.3106
vn -0.5178 -0.6815 0.5171
vn -0.8275 0.0727 0.5567
vn -0.9025 0.0159 0.4304
vn -0.9537 -0.0696 0.2927
vn 0.0697 0.9288 -0.3639
vn 0.0694 0.9304 -0.3598
vn -0.2689 0.8470 -0.4585
vn -0.2821 0.8598 -0.4257
vn 0.0645 0.9338 -0.3518
vn -0.2389 0.8360 -0.4941
vn -0.6940 0.4059 -0.5946
vn -0.7669 0.4198 -0.4855
vn -0.7970 0.4547 -0.3975
vn -0.0700 0.9288 -0.3639
vn -0.0679 0.9293 -0.3631
vn 0.2892 0.8738 -0.3909
vn 0.2827 0.8595 -0.4257
vn 0.8049 0.5012 -0.3177
vn 0.7976 0.4539 -0.3973
vn 0.0638 0.9393 -0.3370
vn 0.0639 0.9354 -0.3477
vn -0.2788 0.9139 -0.2951
vn -0.2604 0.9357 -0.2380
vn 0.0653 0.9318 -0.3572
vn -0.2883 0.8924 -0.3470
vn -0.7958 0.5609 -0.2283
vn -0.7685 0.6272 -0.1265
vn -0.7210 0.6928 -0.0138
vn -0.0260 -0.9575 0.2873
vn -0.0490 -0.9545 0.2942
vn -0.2524 -0.9604 -0.1181
vn -0.1067 -0.9779 -0.1799
vn -0.0727 -0.9495 0.3053
vn -0.3440 -0.9388 -0.0191
vn -0.6502 -0.4671 -0.5992
vn -0.4632 -0.4477 -0.7649
vn -0.2026 -0.4574 -0.8659
vn -0.0000 0.9448 -0.3276
vn 0.0116 0.9447 -0.3278
vn -0.0856 0.9902 0.1105
vn 0.0003 0.9930 0.1177
vn 0.0087 0.9435 -0.3314
vn -0.1842 0.9807 0.0655
vn -0.3827 0.6677 0.6386
vn -0.1920 0.6635 0.7231
vn 0.0010 0.6668 0.7452
vn 0.1004 -0.9404 0.3250
vn 0.0906 -0.9442 0.3167
vn 0.3918 -0.9177 0.0653
vn 0.4202 -0.8981 0.1298
vn 0.0729 -0.9495 0.3051
vn 0.3446 -0.9386 -0.0198
vn 0.6503 -0.4663 -0.5997
vn 0.7593 -0.4893 -0.4290
vn 0.8265 -0.4889 -0.2790
vn 0.0511 0.9394 -0.3389
vn 0.0440 0.9414 -0.3344
vn -0.0758 0.8331 -0.5480
vn -0.1290 0.8327 -0.5385
vn 0.0308 0.9439 -0.3288
vn -0.0288 0.8311 -0.5553
vn -0.1276 0.4925 -0.8609
vn -0.2794 0.4924 -0.8243
vn -0.4312 0.4628 -0.7745
vn 0.0599 0.9444 -0.3233
vn 0.0634 0.9426 -0.3277
vn -0.2359 0.9544 -0.1830
vn -0.2150 0.9667 -0.1387
vn -0.6598 0.7450 0.0986
vn -0.6012 0.7747 0.1961
vn -0.0309 0.9439 -0.3287
vn -0.0441 0.9414 -0.3343
vn 0.0759 0.8330 -0.5481
vn 0.0289 0.8311 -0.5554
vn 0.2795 0.4922 -0.8244
vn 0.1277 0.4924 -0.8610
vn -0.1147 -0.9336 0.3394
vn -0.4935 -0.8357 0.2410
vn -0.1171 -0.9344 0.3365
vn -0.5178 -0.8097 0.2763
vn -0.9638 -0.2591 0.0626
vn -0.9407 -0.3385 -0.0206
vn 0.0492 -0.9545 0.2941
vn 0.2528 -0.9602 -0.1187
vn 0.0260 -0.9575 0.2872
vn 0.1069 -0.9778 -0.1802
vn 0.2025 -0.4571 -0.8661
vn 0.4632 -0.4470 -0.7653
vn 0.0676 0.9293 -0.3631
vn -0.2886 0.8740 -0.3909
vn -0.8043 0.5020 -0.3179
vn -0.0636 0.9426 -0.3278
vn 0.2366 0.9543 -0.1825
vn -0.0601 0.9444 -0.3234
vn 0.2159 0.9666 -0.1379
vn 0.6027 0.7730 0.1983
vn 0.6607 0.7440 0.0998
vn -0.1356 -0.9366 0.3230
vn -0.4666 -0.6645 0.5838
vn -0.1234 -0.9330 0.3381
vn -0.3921 -0.6654 0.6352
vn -0.6312 0.0547 0.7737
vn -0.7369 0.0906 0.6699
vn -0.5465 0.7514 0.3699
vn -0.5610 0.7791 0.2799
vn -0.6893 0.5290 0.4949
vn -0.6302 0.4827 0.6081
vn -0.7590 0.5225 0.3884
vn -0.8369 0.4759 0.2704
vn -0.9081 0.3954 0.1377
vn -0.5744 0.4243 -0.7000
vn -0.7542 0.0080 -0.6566
vn -0.8638 -0.0277 -0.5031
vn -0.6016 0.0789 -0.7949
vn -0.7591 -0.4902 -0.4284
vn -0.0000 -0.5331 -0.8461
vn -0.0129 -0.4992 -0.8664
vn -0.0230 0.0960 -0.9951
vn -0.0000 0.0612 -0.9981
vn -0.1776 0.1454 -0.9733
vn -0.0262 0.4670 -0.8839
vn -0.0000 0.4508 -0.8926
vn -0.2139 0.2955 0.9311
vn 0.0021 0.2973 0.9548
vn -0.4059 0.3175 0.8570
vn -0.5097 0.7016 0.4979
vn -0.5484 0.3934 0.7379
vn -0.5076 -0.0221 0.8613
vn -0.9284 -0.0110 -0.3713
vn -0.9601 0.0410 -0.2766
vn -0.4043 0.1393 -0.9040
vn -0.9551 0.2961 0.0095
vn -0.9718 -0.1679 0.1655
vn -0.9749 0.1986 -0.1007
vn -0.9745 0.1122 -0.1943
vn 0.5490 0.7473 0.3745
vn 0.6312 0.4759 0.6125
vn 0.6901 0.5244 0.4987
vn 0.5631 0.7763 0.2833
vn 0.6299 0.0490 0.7752
vn 0.7356 0.0870 0.6719
vn 0.8265 0.0713 0.5584
vn 0.7595 0.5200 0.3909
vn 0.8370 0.4749 0.2717
vn 0.9020 0.0162 0.4314
vn 0.9537 -0.0684 0.2928
vn 0.9082 0.3951 0.1381
vn 0.8638 -0.0276 -0.5031
vn 0.7542 0.0081 -0.6567
vn 0.6016 0.0789 -0.7949
vn 0.0230 0.0960 -0.9951
vn 0.0128 -0.4992 -0.8664
vn 0.0261 0.4669 -0.8839
vn 0.1775 0.1454 -0.9733
vn 0.2173 0.2905 0.9319
vn 0.1940 0.6601 0.7257
vn 0.2052 -0.1073 0.9728
vn 0.3684 -0.0923 0.9251
vn 0.4080 0.3095 0.8589
vn 0.3848 0.6621 0.6430
vn 0.5495 0.3850 0.7415
vn 0.5122 0.6962 0.5030
vn 0.5071 -0.0286 0.8614
vn 0.9601 0.0410 -0.2766
vn 0.9284 -0.0110 -0.3713
vn 0.7674 0.4189 -0.4854
vn 0.8733 -0.4572 -0.1682
vn 0.4043 0.1393 -0.9040
vn 0.9721 -0.1666 0.1652
vn 0.9551 0.2961 0.0096
vn 0.9749 0.1987 -0.1007
vn 0.9745 0.1122 -0.1943
vn 0.0569 0.9373 -0.3438
vn -0.1869 0.8316 -0.5230
vn -0.0000 0.9462 -0.3235
vn -0.0150 0.9457 -0.3247
vn 0.0022 0.8295 -0.5586
vn -0.0000 0.8292 -0.5589
vn -0.1212 -0.9369 0.3279
vn -0.5390 -0.7794 0.3195
vn 0.0356 -0.9244 0.3797
vn 0.1192 -0.6960 0.7081
vn 0.0715 -0.9263 0.3701
vn 0.2126 -0.6985 0.6834
vn 0.1298 -0.9401 0.3153
vn 0.1217 -0.9368 0.3279
vn 0.5402 -0.7786 0.3194
vn 0.5545 -0.7422 0.3763
vn 0.0107 0.9420 -0.3353
vn -0.2344 0.9720 -0.0174
vn 0.0295 0.9428 -0.3320
vn -0.2224 0.9719 -0.0774
vn 0.1067 -0.9375 0.3311
vn 0.4442 -0.8786 0.1752
vn -0.0903 -0.9442 0.3169
vn -0.3910 -0.9180 0.0660
vn 0.0095 -0.9586 0.2845
vn 0.0076 -0.9885 -0.1509
vn -0.0000 -0.9588 0.2841
vn -0.0000 -0.9929 -0.1190
vn -0.1026 -0.9293 0.3547
vn -0.3024 -0.6824 0.6655
vn -0.0696 0.9305 -0.3597
vn 0.2695 0.8468 -0.4586
vn -0.0087 0.9435 -0.3313
vn -0.0116 0.9447 -0.3278
vn 0.0864 0.9899 0.1124
vn 0.1857 0.9802 0.0684
vn 0.1239 -0.9329 0.3382
vn 0.1363 -0.9365 0.3230
vn 0.4657 -0.6650 0.5838
vn 0.3909 -0.6667 0.6346
vn 0.1419 -0.9399 0.3106
vn 0.5176 -0.6813 0.5176
vn 0.1028 -0.9293 0.3549
vn 0.3016 -0.6840 0.6642
vn -0.0095 -0.9586 0.2846
vn -0.0075 -0.9885 -0.1508
vn -0.0295 0.9428 -0.3319
vn -0.0107 0.9421 -0.3353
vn 0.2363 0.9716 -0.0147
vn 0.2241 0.9716 -0.0754
vn -0.0495 0.9443 -0.3254
vn 0.2090 0.9722 -0.1059
vn 0.0149 0.9457 -0.3248
vn -0.0022 0.8295 -0.5586
vn 0.0494 0.9443 -0.3253
vn -0.2076 0.9723 -0.1073
vn 0.1390 -0.9416 0.3068
vn 0.5477 -0.7079 0.4459
vn -0.7073 -0.1713 0.6859
vn -0.7111 -0.1722 0.6817
vn -0.7109 -0.1723 0.6818
vn -0.7073 -0.1713 0.6858
vn -0.7124 -0.1726 0.6803
vn -0.7123 -0.1726 0.6803
vn -0.7123 -0.1727 0.6803
vn -0.7112 -0.1724 0.6815
vn -0.7078 -0.1716 0.6852
vn 0.3754 0.0909 -0.9224
vn 0.3720 0.0901 -0.9238
vn 0.3721 0.0901 -0.9238
vn 0.3708 0.0898 -0.9243
vn 0.3708 0.0899 -0.9243
vn 0.3710 0.0899 -0.9243
vn 0.3721 0.0902 -0.9238
vn 0.3753 0.0910 -0.9224
vn 0.0817 0.0198 0.9965
vn 0.0850 0.0206 0.9962
vn 0.0849 0.0204 0.9962
vn 0.0816 0.0197 0.9965
vn 0.0862 0.0209 0.9961
vn 0.0861 0.0207 0.9961
vn 0.0859 0.0205 0.9961
vn 0.0841 0.0201 0.9963
vn 0.0805 0.0193 0.9966
vn 0.0759 0.0184 0.9969
vn 0.0738 0.0179 0.9971
vn 0.0686 0.0166 0.9975
vn 0.0693 0.0167 0.9975
vn 0.0742 0.0180 0.9971
vn 0.0655 0.0159 0.9977
vn 0.0690 0.0168 0.9975
vn 0.0690 0.0167 0.9975
vn 0.0678 0.0163 0.9976
vn 0.0655 0.0157 0.9977
vn 0.0760 0.0184 0.9969
vn 0.0745 0.0179 0.9971
vn 0.0759 0.0183 0.9969
vn 0.0733 0.0178 0.9971
vn 0.0679 0.0166 0.9976
vn 0.0738 0.0178 0.9971
vn 0.0656 0.0160 0.9977
vn 0.0701 0.0171 0.9974
vn 0.0655 0.0158 0.9977
vn 0.0772 0.0188 0.9968
vn 0.0760 0.0185 0.9969
vn 0.0826 0.0202 0.9964
vn 0.0817 0.0199 0.9965
vn 0.0856 0.0211 0.9961
vn 0.0852 0.0209 0.9961
vn 0.0864 0.0214 0.9960
vn 0.0863 0.0212 0.9960
vn 0.0862 0.0210 0.9961
vn 0.0851 0.0206 0.9962
vn 0.0861 0.0208 0.9961
vn 0.3733 0.0904 -0.9233
vn 0.3752 0.0909 -0.9225
vn 0.3751 0.0909 -0.9225
vn 0.3734 0.0905 -0.9233
vn 0.3800 0.0920 -0.9204
vn 0.3800 0.0921 -0.9204
vn 0.3805 0.0923 -0.9202
vn 0.3754 0.0911 -0.9224
vn 0.3733 0.0905 -0.9233
vn 0.3839 0.0930 -0.9187
vn 0.3840 0.0930 -0.9186
vn 0.3834 0.0928 -0.9189
vn 0.3835 0.0929 -0.9189
vn 0.3833 0.0930 -0.9189
vn 0.3842 0.0931 -0.9185
vn 0.3798 0.0919 -0.9205
vn 0.3798 0.0920 -0.9205
vn 0.3796 0.0921 -0.9205
vn 0.3734 0.0905 -0.9232
vn 0.3749 0.0908 -0.9226
vn 0.3734 0.0904 -0.9233
vn 0.3796 0.0919 -0.9206
vn 0.3751 0.0908 -0.9225
vn 0.3752 0.0908 -0.9225
vn 0.3838 0.0929 -0.9187
vn 0.3836 0.0929 -0.9188
vn 0.3834 0.0929 -0.9189
vn 0.3840 0.0930 -0.9187
vn 0.3755 0.0909 -0.9223
vn 0.3754 0.0910 -0.9224
vn 0.3797 0.0921 -0.9205
vn 0.3709 0.0898 -0.9243
vn 0.3709 0.0899 -0.9243
vn -0.7402 -0.1794 0.6480
vn -0.7333 -0.1779 0.6563
vn -0.7319 -0.1790 0.6575
vn -0.7397 -0.1799 0.6484
vn -0.7164 -0.1737 0.6757
vn -0.7158 -0.1741 0.6763
vn -0.7116 -0.1727 0.6810
vn -0.7271 -0.1782 0.6630
vn -0.7368 -0.1820 0.6512
vn -0.7022 -0.1701 0.6914
vn -0.7022 -0.1700 0.6914
vn -0.6989 -0.1693 0.6949
vn -0.6990 -0.1693 0.6948
vn -0.6993 -0.1695 0.6945
vn -0.7006 -0.1696 0.6931
vn -0.7025 -0.1701 0.6911
vn -0.7025 -0.1702 0.6911
vn -0.7032 -0.1704 0.6903
vn -0.7429 -0.1763 0.6458
vn -0.7380 -0.1757 0.6515
vn -0.7346 -0.1766 0.6552
vn -0.7413 -0.1782 0.6471
vn -0.7215 -0.1734 0.6704
vn -0.7168 -0.1732 0.6754
vn -0.7165 -0.1735 0.6757
vn -0.7336 -0.1775 0.6560
vn -0.7405 -0.1791 0.6477
vn -0.7334 -0.1777 0.6562
vn -0.7404 -0.1794 0.6478
vn -0.7165 -0.1736 0.6756
vn -0.7166 -0.1735 0.6756
vn -0.7335 -0.1776 0.6561
vn -0.7404 -0.1793 0.6478
vn -0.7164 -0.1736 0.6757
vn -0.7038 -0.1705 0.6896
vn -0.7021 -0.1701 0.6914
vn -0.6985 -0.1693 0.6953
vn -0.7022 -0.1701 0.6913
vn -0.6989 -0.1693 0.6948
vn -0.6989 -0.1694 0.6949
vn -0.7017 -0.1701 0.6918
vn -0.7066 -0.1713 0.6865
vn -0.7072 -0.1713 0.6859
vn -0.7025 -0.1701 0.6910
vn -0.7024 -0.1702 0.6911
vn -0.7024 -0.1702 0.6912
vn -0.7072 -0.1714 0.6859
vn -0.7107 -0.1721 0.6821
vn -0.7110 -0.1722 0.6818
vn -0.7124 -0.1724 0.6803
vn -0.7122 -0.1726 0.6804
vn -0.7124 -0.1725 0.6802
vn -0.7124 -0.1725 0.6803
vn -0.7122 -0.1726 0.6805
vn -0.7109 -0.1722 0.6818
vn -0.7110 -0.1723 0.6818
vn 0.7073 -0.1713 0.6859
vn 0.7073 -0.1713 0.6858
vn 0.7110 -0.1723 0.6818
vn 0.7110 -0.1722 0.6817
vn 0.7123 -0.1726 0.6803
vn 0.7124 -0.1726 0.6803
vn 0.7112 -0.1724 0.6815
vn 0.7123 -0.1727 0.6803
vn 0.7078 -0.1716 0.6852
vn -0.3754 0.0909 -0.9224
vn -0.3721 0.0901 -0.9238
vn -0.3720 0.0901 -0.9238
vn -0.3709 0.0899 -0.9243
vn -0.3708 0.0898 -0.9243
vn -0.3721 0.0902 -0.9238
vn -0.3710 0.0899 -0.9243
vn -0.3754 0.0910 -0.9224
vn -0.0817 0.0198 0.9965
vn -0.0816 0.0197 0.9965
vn -0.0849 0.0204 0.9962
vn -0.0850 0.0206 0.9962
vn -0.0861 0.0207 0.9961
vn -0.0862 0.0209 0.9961
vn -0.0841 0.0201 0.9963
vn -0.0859 0.0205 0.9961
vn -0.0805 0.0193 0.9966
vn -0.0759 0.0184 0.9969
vn -0.0738 0.0178 0.9971
vn -0.0738 0.0179 0.9971
vn -0.0686 0.0166 0.9975
vn -0.0742 0.0180 0.9971
vn -0.0693 0.0167 0.9975
vn -0.0655 0.0159 0.9977
vn -0.0690 0.0167 0.9975
vn -0.0690 0.0168 0.9975
vn -0.0655 0.0157 0.9977
vn -0.0678 0.0163 0.9976
vn -0.0760 0.0184 0.9969
vn -0.0745 0.0179 0.9971
vn -0.0759 0.0183 0.9969
vn -0.0733 0.0178 0.9971
vn -0.0679 0.0166 0.9976
vn -0.0656 0.0160 0.9977
vn -0.0701 0.0171 0.9974
vn -0.0655 0.0158 0.9977
vn -0.0760 0.0185 0.9969
vn -0.0772 0.0188 0.9968
vn -0.0817 0.0199 0.9965
vn -0.0826 0.0202 0.9964
vn -0.0852 0.0209 0.9961
vn -0.0856 0.0211 0.9961
vn -0.0863 0.0211 0.9960
vn -0.0864 0.0214 0.9960
vn -0.0851 0.0206 0.9962
vn -0.0862 0.0210 0.9961
vn -0.0861 0.0208 0.9961
vn -0.3733 0.0904 -0.9233
vn -0.3734 0.0905 -0.9233
vn -0.3752 0.0909 -0.9225
vn -0.3800 0.0921 -0.9204
vn -0.3800 0.0920 -0.9204
vn -0.3755 0.0911 -0.9223
vn -0.3805 0.0923 -0.9201
vn -0.3840 0.0930 -0.9186
vn -0.3839 0.0930 -0.9187
vn -0.3835 0.0929 -0.9189
vn -0.3834 0.0928 -0.9189
vn -0.3842 0.0931 -0.9185
vn -0.3833 0.0930 -0.9189
vn -0.3798 0.0920 -0.9205
vn -0.3798 0.0919 -0.9205
vn -0.3796 0.0921 -0.9205
vn -0.3734 0.0905 -0.9232
vn -0.3734 0.0904 -0.9233
vn -0.3749 0.0908 -0.9226
vn -0.3795 0.0919 -0.9206
vn -0.3751 0.0908 -0.9225
vn -0.3752 0.0908 -0.9225
vn -0.3838 0.0929 -0.9187
vn -0.3836 0.0929 -0.9188
vn -0.3840 0.0930 -0.9187
vn -0.3834 0.0929 -0.9189
vn -0.3834 0.0930 -0.9189
vn -0.3755 0.0909 -0.9223
vn -0.3797 0.0921 -0.9205
vn -0.3753 0.0910 -0.9224
vn -0.3797 0.0920 -0.9205
vn -0.3709 0.0898 -0.9243
vn -0.3708 0.0899 -0.9243
vn 0.7402 -0.1794 0.6480
vn 0.7397 -0.1799 0.6484
vn 0.7319 -0.1790 0.6575
vn 0.7333 -0.1779 0.6563
vn 0.7158 -0.1741 0.6763
vn 0.7164 -0.1737 0.6757
vn 0.7271 -0.1782 0.6630
vn 0.7116 -0.1727 0.6810
vn 0.7368 -0.1819 0.6512
vn 0.7022 -0.1700 0.6914
vn 0.7022 -0.1701 0.6914
vn 0.6990 -0.1693 0.6948
vn 0.7006 -0.1696 0.6931
vn 0.6993 -0.1695 0.6944
vn 0.7025 -0.1702 0.6910
vn 0.7025 -0.1701 0.6911
vn 0.7032 -0.1704 0.6903
vn 0.7428 -0.1763 0.6458
vn 0.7412 -0.1782 0.6472
vn 0.7345 -0.1766 0.6552
vn 0.7380 -0.1757 0.6516
vn 0.7168 -0.1732 0.6754
vn 0.7215 -0.1734 0.6704
vn 0.7336 -0.1775 0.6560
vn 0.7165 -0.1735 0.6757
vn 0.7405 -0.1791 0.6478
vn 0.7404 -0.1794 0.6478
vn 0.7334 -0.1777 0.6562
vn 0.7165 -0.1736 0.6756
vn 0.7335 -0.1776 0.6561
vn 0.7166 -0.1735 0.6756
vn 0.7404 -0.1793 0.6478
vn 0.7164 -0.1736 0.6757
vn 0.7021 -0.1701 0.6914
vn 0.7038 -0.1705 0.6896
vn 0.6985 -0.1693 0.6953
vn 0.7022 -0.1701 0.6913
vn 0.6989 -0.1694 0.6948
vn 0.6989 -0.1694 0.6949
vn 0.7025 -0.1702 0.6911
vn 0.7017 -0.1701 0.6918
vn 0.7072 -0.1713 0.6859
vn 0.7066 -0.1713 0.6865
vn 0.7025 -0.1701 0.6910
vn 0.7024 -0.1702 0.6911
vn 0.7024 -0.1702 0.6912
vn 0.7072 -0.1714 0.6859
vn 0.7110 -0.1722 0.6818
vn 0.7107 -0.1721 0.6821
vn 0.7123 -0.1725 0.6804
vn 0.7124 -0.1724 0.6803
vn 0.7124 -0.1726 0.6802
vn 0.7111 -0.1722 0.6817
vn 0.7124 -0.1725 0.6802
vn 0.7122 -0.1726 0.6804
vn -0.4021 0.5358 0.7424
vn -0.3035 0.6177 0.7255
vn 0.3035 0.6177 0.7255
vn 0.4021 0.5358 0.7424
vn -0.4362 -0.5476 0.7140
vn -0.4271 -0.6100 0.6674
vn -0.3868 -0.4902 0.7811
vn 0.3105 -0.5174 0.7975
vn -0.0754 0.4787 0.8748
vn 0.0754 0.4787 0.8748
vn 0.2748 0.5159 0.8114
vn -0.2748 0.5159 0.8114
vn -0.1713 -0.4921 0.8536
vn 0.1713 -0.4921 0.8536
vn 0.3868 -0.4902 0.7811
vn 0.4362 -0.5476 0.7140
vn 0.4272 -0.6100 0.6674
vn -0.9396 0.2668 -0.2142
vn -0.9646 0.2575 0.0577
vn -0.9266 0.2921 -0.2370
vn -0.9573 0.2837 0.0549
vn 0.1412 0.2193 -0.9654
vn 0.1332 0.1299 -0.9825
vn 0.0218 0.1105 -0.9936
vn 0.1365 0.1628 -0.9772
vn 0.0278 0.1415 -0.9896
vn -0.8607 0.2884 0.4195
vn -0.6972 0.2767 0.6614
vn -0.7639 0.1847 0.6183
vn -0.8794 0.2876 0.3795
vn -0.7661 0.2040 0.6095
vn -0.8777 0.3076 0.3674
vn -0.7702 0.1901 0.6089
vn -0.8841 0.2898 0.3667
vn -0.1953 0.3547 -0.9143
vn -0.5383 0.3688 -0.7578
vn -0.6029 0.1239 -0.7881
vn -0.3241 0.2345 -0.9165
vn -0.6089 0.1520 -0.7785
vn -0.3325 0.2636 -0.9055
vn -0.6353 0.1229 -0.7624
vn -0.3576 0.2302 -0.9050
vn -0.0815 0.1600 0.9837
vn -0.0000 0.1341 0.9910
vn -0.0850 0.1856 0.9789
vn -0.0000 0.1637 0.9865
vn -0.0917 0.1888 0.9777
vn -0.0000 0.1648 0.9863
vn -0.3946 0.2002 0.8968
vn -0.3860 0.2146 0.8972
vn -0.3883 0.2208 0.8947
vn -0.8016 0.3498 -0.4848
vn -0.8716 0.2543 -0.4192
vn -0.8700 0.2806 -0.4055
vn -0.8881 0.2522 -0.3844
vn -0.5929 0.2368 0.7697
vn -0.5860 0.2446 0.7725
vn 0.9484 0.2930 0.1212
vn 0.9504 0.2227 -0.2170
vn 0.9417 0.3152 0.1179
vn 0.9370 0.2524 -0.2413
vn 0.0499 0.2308 -0.9717
vn 0.0448 0.2644 -0.9634
vn 0.8607 0.2884 0.4195
vn 0.8992 0.2782 0.3377
vn 0.7602 0.2544 0.5978
vn 0.6972 0.2767 0.6614
vn 0.8968 0.2979 0.3271
vn 0.7616 0.2716 0.5884
vn 0.9034 0.2806 0.3241
vn 0.7655 0.2598 0.5887
vn 0.1953 0.3548 -0.9143
vn 0.2364 0.0704 -0.9691
vn 0.5176 0.1924 -0.8337
vn 0.5383 0.3688 -0.7578
vn 0.2491 0.0969 -0.9636
vn 0.5245 0.2171 -0.8233
vn 0.2738 0.0676 -0.9594
vn 0.5535 0.1905 -0.8108
vn 0.0982 0.1795 0.9788
vn 0.1034 0.2055 0.9732
vn 0.1093 0.2084 0.9719
vn 0.3780 0.1934 0.9054
vn 0.3696 0.2091 0.9054
vn 0.3719 0.2149 0.9030
vn 0.8016 0.3499 -0.4848
vn 0.8451 0.2962 -0.4450
vn 0.8417 0.3231 -0.4326
vn 0.8638 0.2929 -0.4099
vn 0.6023 0.2111 0.7698
vn 0.5952 0.2213 0.7725
vt 0.919100 0.939400
vt 0.804900 0.979600
vt 0.331700 0.476700
vt 0.362300 0.480000
vt 0.774300 0.930600
vt 0.759400 0.919100
vt 0.764700 0.906600
vt 0.778300 0.916400
vt 0.883200 0.873200
vt 0.902300 0.866100
vt 0.914500 0.898700
vt 0.394100 0.484100
vt 0.495500 0.845000
vt 0.941600 0.856300
vt 0.931900 0.839200
vt 0.505400 0.826900
vt 0.929400 0.912000
vt 0.927900 0.872800
vt 0.938100 0.888100
vt 0.740100 0.739900
vt 0.740700 0.717100
vt 0.756300 0.716400
vt 0.755700 0.739700
vt 0.486500 0.861700
vt 0.950500 0.871800
vt 0.467200 0.901600
vt 0.974600 0.906100
vt 0.966300 0.896000
vt 0.472800 0.889100
vt 0.774300 0.877900
vt 0.785800 0.885300
vt 0.782400 0.901000
vt 0.769800 0.893000
vt 0.958400 0.884800
vt 0.947300 0.899700
vt 0.917700 0.853000
vt 0.846400 0.805800
vt 0.824500 0.804900
vt 0.823100 0.777800
vt 0.842500 0.781900
vt 0.839800 0.861800
vt 0.830000 0.868000
vt 0.826800 0.851900
vt 0.839100 0.848500
vt 0.834800 0.830100
vt 0.822000 0.834800
vt 0.813300 0.816900
vt 0.892700 0.842100
vt 0.908200 0.833900
vt 0.875300 0.847400
vt 0.869500 0.826000
vt 0.885600 0.822400
vt 0.851900 0.827800
vt 0.922900 0.823400
vt 0.423700 0.484000
vt 0.904500 0.739900
vt 0.531600 0.740000
vt 0.532200 0.758900
vt 0.903300 0.759000
vt 0.517900 0.802800
vt 0.513000 0.812500
vt 0.916100 0.809500
vt 0.479100 0.875900
vt 0.528000 0.777000
vt 0.522400 0.792600
vt 0.910800 0.795300
vt 0.906200 0.778300
vt 0.880300 0.803500
vt 0.876100 0.783200
vt 0.891100 0.781400
vt 0.895400 0.800200
vt 0.900900 0.817000
vt 0.803800 0.789000
vt 0.786400 0.779900
vt 0.786700 0.764500
vt 0.804100 0.770800
vt 0.864400 0.805400
vt 0.785000 0.798800
vt 0.770500 0.793900
vt 0.769900 0.786000
vt 0.785800 0.790500
vt 0.754900 0.760500
vt 0.771100 0.740500
vt 0.770500 0.760900
vt 0.803000 0.748100
vt 0.786700 0.743400
vt 0.857100 0.740100
vt 0.873500 0.742500
vt 0.873500 0.762100
vt 0.857600 0.761000
vt 0.771940 0.711920
vt 0.787380 0.714520
vt 0.787000 0.719500
vt 0.771600 0.717000
vt 0.355200 0.644000
vt 0.339500 0.639900
vt 0.960100 0.931400
vt 0.966800 0.917600
vt 0.800700 0.801200
vt 0.769300 0.822200
vt 0.770200 0.810500
vt 0.781900 0.815200
vt 0.780400 0.827200
vt 0.769900 0.776000
vt 0.739200 0.762100
vt 0.821100 0.753200
vt 0.839900 0.758000
vt 0.768700 0.837100
vt 0.779300 0.842900
vt 0.783700 0.806500
vt 0.770700 0.801500
vt 0.757500 0.802800
vt 0.756000 0.795900
vt 0.797100 0.809400
vt 0.806100 0.823400
vt 0.812600 0.839100
vt 0.754500 0.788300
vt 0.800500 0.827400
vt 0.793800 0.815800
vt 0.723600 0.940500
vt 0.722300 0.930400
vt 0.729800 0.930400
vt 0.730400 0.940600
vt 0.791000 0.823000
vt 0.740700 0.834500
vt 0.747900 0.834500
vt 0.749000 0.847900
vt 0.742200 0.848700
vt 0.742500 0.820700
vt 0.748700 0.821700
vt 0.758300 0.810700
vt 0.804800 0.841000
vt 0.797500 0.839800
vt 0.796500 0.829600
vt 0.789700 0.834400
vt 0.747900 0.809700
vt 0.750800 0.813400
vt 0.807600 0.857300
vt 0.798400 0.855400
vt 0.757600 0.849600
vt 0.757500 0.834700
vt 0.767500 0.854000
vt 0.788900 0.850100
vt 0.816700 0.855800
vt 0.749800 0.948000
vt 0.739000 0.943000
vt 0.739700 0.933000
vt 0.752300 0.938300
vt 0.819400 0.874400
vt 0.809600 0.877200
vt 0.799000 0.874000
vt 0.777600 0.860800
vt 0.860300 0.783500
vt 0.744500 0.804700
vt 0.733600 0.814400
vt 0.741400 0.798000
vt 0.737700 0.818100
vt 0.757800 0.821200
vt 0.736600 0.850200
vt 0.735200 0.834000
vt 0.751400 0.872700
vt 0.755900 0.862700
vt 0.764400 0.870100
vt 0.759400 0.883500
vt 0.750100 0.857500
vt 0.730900 0.832900
vt 0.740200 0.865600
vt 0.745800 0.861300
vt 0.731900 0.851300
vt 0.724700 0.889400
vt 0.725000 0.871000
vt 0.729600 0.870600
vt 0.731300 0.889000
vt 0.722400 0.919500
vt 0.730800 0.919800
vt 0.745500 0.880700
vt 0.753400 0.895000
vt 0.734700 0.868900
vt 0.738600 0.886600
vt 0.744700 0.906800
vt 0.732000 0.906000
vt 0.723400 0.905900
vt 0.737100 0.786100
vt 0.729500 0.810400
vt 0.741900 0.922900
vt 0.755500 0.929800
vt 0.250000 0.462100
vt 0.798700 0.893300
vt 0.945200 0.945400
vt 0.782900 0.982100
vt 0.789700 0.980500
vt 0.936900 0.944100
vt 0.770100 0.940200
vt 0.368400 0.647700
vt 0.728100 0.851700
vt 0.727500 0.831700
vt 0.783700 0.957400
vt 0.777800 0.962800
vt 0.765900 0.947700
vt 0.794100 0.928500
vt 0.797000 0.910600
vt 0.273600 0.462700
vt 0.812200 0.950200
vt 0.923900 0.968500
vt 0.932000 0.967500
vt 0.791900 0.952600
vt 0.801400 0.956200
vt 0.953900 0.961500
vt 0.771100 0.969300
vt 0.946200 0.962600
vt 0.939000 0.964800
vt 0.812000 0.906300
vt 0.244900 0.455500
vt 0.939300 0.920200
vt 0.305600 0.473800
vt 0.200500 0.597700
vt 0.218300 0.598700
vt 0.235700 0.447300
vt 0.928700 0.941800
vt 0.855700 0.848300
vt 0.218500 0.431400
vt 0.725000 0.851700
vt 0.724700 0.831100
vt 0.787900 0.867900
vt 0.955200 0.946200
vt 0.322700 0.634500
vt 0.310100 0.629200
vt 0.775600 0.984000
vt 0.956600 0.909400
vt 0.949100 0.926500
vt 0.256000 0.606300
vt 0.236000 0.602100
vt 0.761200 0.956500
vt 0.277300 0.613500
vt 0.839100 0.735400
vt 0.803340 0.718960
vt 0.820900 0.724820
vt 0.820400 0.729400
vt 0.802900 0.723800
vt 0.857660 0.736200
vt 0.839640 0.731160
vt 0.888600 0.761300
vt 0.889500 0.742200
vt 0.297300 0.624500
vt 0.772960 0.696680
vt 0.757420 0.696080
vt 0.757700 0.691000
vt 0.773300 0.691600
vt 0.874180 0.738840
vt 0.741660 0.697260
vt 0.741900 0.692300
vt 0.905520 0.736460
vt 0.890300 0.738680
vt 0.754000 0.777300
vt 0.724400 0.809000
vt 0.724100 0.785600
vt 0.796700 0.979400
vt 0.452100 0.466700
vt 0.725540 0.699160
vt 0.725800 0.694400
vt 0.723900 0.740500
vt 0.724500 0.718200
vt 0.723900 0.762900
vt 0.852800 0.870000
vt 0.020000 0.652700
vt 0.908580 0.726140
vt 0.909600 0.722700
vt 0.524400 0.721800
vt 0.525840 0.725440
vt 0.841260 0.718440
vt 0.822400 0.711080
vt 0.822900 0.706500
vt 0.841800 0.714200
vt 0.771940 0.711920
vt 0.787380 0.714520
vt 0.803340 0.718960
vt 0.820900 0.724820
vt 0.857660 0.736200
vt 0.839640 0.731160
vt 0.772960 0.696680
vt 0.874180 0.738840
vt 0.741660 0.697260
vt 0.905520 0.736460
vt 0.890300 0.738680
vt 0.908580 0.726140
vt 0.822400 0.711080
vt 0.000000 0.000000
vt 0.717800 0.572000
vt 0.723000 0.593900
vt 0.705900 0.595300
vt 0.703800 0.569100
vt 0.576900 0.677800
vt 0.597600 0.671200
vt 0.602000 0.693300
vt 0.582400 0.698700
vt 0.955700 0.637600
vt 0.960900 0.613200
vt 0.494600 0.619300
vt 0.503700 0.647900
vt 0.520100 0.577500
vt 0.545900 0.576200
vt 0.552700 0.604100
vt 0.528400 0.608600
vt 0.727200 0.642300
vt 0.727000 0.668400
vt 0.710200 0.671400
vt 0.709500 0.645400
vt 0.538300 0.637100
vt 0.518200 0.644100
vt 0.507400 0.614700
vt 0.705100 0.541800
vt 0.457500 0.560700
vt 0.985600 0.572100
vt 0.712900 0.549800
vt 0.722700 0.520900
vt 0.482300 0.588200
vt 0.975200 0.591500
vt 0.723800 0.520100
vt 0.523900 0.692300
vt 0.532000 0.707700
vt 0.931700 0.703900
vt 0.939100 0.688300
vt 0.725900 0.617300
vt 0.707900 0.620200
vt 0.513800 0.673000
vt 0.950500 0.663200
vt 0.584600 0.625800
vt 0.591400 0.649100
vt 0.569400 0.655500
vt 0.560900 0.630800
vt 0.642400 0.521300
vt 0.665900 0.511500
vt 0.668900 0.545900
vt 0.646600 0.553800
vt 0.572300 0.573400
vt 0.578000 0.600500
vt 0.694600 0.535700
vt 0.460000 0.553400
vt 0.689700 0.572200
vt 0.670600 0.578000
vt 0.689500 0.600100
vt 0.650000 0.583500
vt 0.627800 0.589600
vt 0.623400 0.561400
vt 0.598400 0.568400
vt 0.603300 0.595700
vt 0.541000 0.315300
vt 0.559300 0.316300
vt 0.559100 0.351600
vt 0.541500 0.351100
vt 0.618400 0.664900
vt 0.613700 0.643000
vt 0.631600 0.614700
vt 0.608500 0.620400
vt 0.618400 0.530100
vt 0.593200 0.537900
vt 0.621800 0.687800
vt 0.673000 0.629600
vt 0.674900 0.653300
vt 0.656900 0.656500
vt 0.654700 0.633300
vt 0.514400 0.507900
vt 0.515200 0.543600
vt 0.490400 0.535600
vt 0.491700 0.498800
vt 0.639100 0.392400
vt 0.647400 0.420500
vt 0.626200 0.427300
vt 0.620100 0.398300
vt 0.690500 0.405000
vt 0.497800 0.435500
vt 0.494500 0.466400
vt 0.702200 0.431900
vt 0.671700 0.605400
vt 0.652500 0.609700
vt 0.692300 0.500000
vt 0.492700 0.576000
vt 0.548300 0.662400
vt 0.528800 0.669200
vt 0.558800 0.280500
vt 0.575500 0.280500
vt 0.576400 0.315900
vt 0.635000 0.637600
vt 0.638100 0.660000
vt 0.640700 0.683500
vt 0.690300 0.624900
vt 0.540800 0.545600
vt 0.465300 0.520100
vt 0.557200 0.684000
vt 0.721800 0.519000
vt 0.720400 0.490700
vt 0.538900 0.689200
vt 0.547100 0.706000
vt 0.567300 0.543400
vt 0.659000 0.680400
vt 0.692100 0.649500
vt 0.676600 0.677600
vt 0.578400 0.380300
vt 0.559800 0.382800
vt 0.576800 0.350300
vt 0.564100 0.703100
vt 0.592200 0.313700
vt 0.593800 0.346700
vt 0.693500 0.674600
vt 0.710300 0.456900
vt 0.538400 0.511900
vt 0.516200 0.474000
vt 0.519100 0.441100
vt 0.538300 0.477900
vt 0.658600 0.385200
vt 0.483000 0.399700
vt 0.475100 0.428800
vt 0.668800 0.413000
vt 0.528000 0.131600
vt 0.431000 0.054000
vt 0.441200 0.051500
vt 0.536900 0.131500
vt 0.539600 0.444200
vt 0.563500 0.510700
vt 0.654700 0.449500
vt 0.677900 0.440400
vt 0.561300 0.477300
vt 0.584800 0.472600
vt 0.588400 0.505500
vt 0.471200 0.457500
vt 0.560600 0.443700
vt 0.582300 0.439800
vt 0.438400 0.038200
vt 0.451900 0.036500
vt 0.544900 0.114200
vt 0.535600 0.114100
vt 0.502900 0.405800
vt 0.522600 0.409900
vt 0.557300 0.131100
vt 0.546600 0.131400
vt 0.453000 0.050400
vt 0.467100 0.050300
vt 0.609400 0.342000
vt 0.614100 0.370800
vt 0.597000 0.376100
vt 0.541400 0.412300
vt 0.661100 0.479200
vt 0.686000 0.468300
vt 0.103800 0.020100
vt 0.118400 0.023200
vt 0.127600 0.032200
vt 0.106300 0.030900
vt 0.524500 0.380900
vt 0.541900 0.382800
vt 0.538000 0.153600
vt 0.528300 0.153800
vt 0.537800 0.182200
vt 0.548500 0.153500
vt 0.550200 0.182200
vt 0.556300 0.247700
vt 0.538800 0.246800
vt 0.537700 0.214700
vt 0.553000 0.215100
vt 0.608600 0.465500
vt 0.604400 0.433900
vt 0.632000 0.457700
vt 0.490500 0.056200
vt 0.577800 0.131600
vt 0.567800 0.131100
vt 0.480300 0.051500
vt 0.600400 0.404100
vt 0.517200 0.132400
vt 0.418300 0.060500
vt 0.567300 0.215200
vt 0.562600 0.181900
vt 0.507000 0.378100
vt 0.526000 0.182100
vt 0.514500 0.181900
vt 0.518000 0.153900
vt 0.580600 0.153400
vt 0.570200 0.153000
vt 0.559500 0.153000
vt 0.501900 0.047000
vt 0.575900 0.114700
vt 0.566600 0.113600
vt 0.490400 0.036900
vt 0.585200 0.181900
vt 0.590600 0.153500
vt 0.596000 0.181300
vt 0.580200 0.215100
vt 0.574200 0.181800
vt 0.509000 0.056300
vt 0.584600 0.115300
vt 0.513500 0.067200
vt 0.594600 0.114200
vt 0.587500 0.132000
vt 0.415300 0.016900
vt 0.130300 0.061600
vt 0.133300 0.046100
vt 0.432500 0.012400
vt 0.625800 0.238900
vt 0.617000 0.209500
vt 0.493500 0.213400
vt 0.485700 0.245000
vt 0.586100 0.247600
vt 0.572200 0.247900
vt 0.598700 0.246500
vt 0.592100 0.214700
vt 0.604000 0.213100
vt 0.609100 0.129500
vt 0.611100 0.148100
vt 0.030000 0.014700
vt 0.552100 0.008800
vt 0.545700 0.010000
vt 0.037200 0.011600
vt 0.540300 0.279400
vt 0.496400 0.086100
vt 0.522300 0.214200
vt 0.507800 0.214000
vt 0.607300 0.178800
vt 0.600700 0.151900
vt 0.507000 0.153200
vt 0.503000 0.179900
vt 0.618100 0.173300
vt 0.630700 0.204400
vt 0.524100 0.349500
vt 0.507800 0.348100
vt 0.544400 0.058200
vt 0.557000 0.050000
vt 0.563100 0.055300
vt 0.550100 0.064500
vt 0.642500 0.231800
vt 0.502800 0.245000
vt 0.501500 0.276300
vt 0.649200 0.257600
vt 0.606400 0.310100
vt 0.665400 0.351100
vt 0.656400 0.326700
vt 0.503700 0.312400
vt 0.521800 0.313400
vt 0.603400 0.277300
vt 0.616600 0.273700
vt 0.620100 0.305500
vt 0.652800 0.293200
vt 0.639700 0.331200
vt 0.635700 0.299500
vt 0.487300 0.315100
vt 0.492700 0.349700
vt 0.637300 0.488900
vt 0.613200 0.497700
vt 0.520200 0.277400
vt 0.520100 0.245500
vt 0.388500 0.056500
vt 0.501600 0.116400
vt 0.630400 0.365300
vt 0.647600 0.359000
vt 0.580100 0.408800
vt 0.489400 0.374500
vt 0.560400 0.411900
vt 0.623900 0.336800
vt 0.590300 0.279400
vt 0.611300 0.243900
vt 0.597700 0.131200
vt 0.505300 0.133900
vt 0.043800 0.076800
vt 0.064800 0.072400
vt 0.557200 0.070900
vt 0.570200 0.060800
vt 0.496400 0.063600
vt 0.632000 0.267500
vt 0.497800 0.073800
vt 0.405100 0.067600
vt 0.469000 0.484300
vt 0.678100 0.375800
vt 0.425600 0.040800
vt 0.527200 0.113700
vt 0.409800 0.048100
vt 0.514800 0.114900
vt 0.515300 0.080700
vt 0.606500 0.112300
vt 0.556100 0.113800
vt 0.468900 0.036400
vt 0.483400 0.275600
vt 0.520500 0.049500
vt 0.526400 0.059000
vt 0.103500 0.009900
vt 0.085000 0.008300
vt 0.507200 0.021400
vt 0.488200 0.023600
vt 0.528200 0.033100
vt 0.514900 0.040300
vt 0.509900 0.030700
vt 0.524800 0.024600
vt 0.537700 0.074800
vt 0.531800 0.067600
vt 0.522600 0.017200
vt 0.532800 0.041700
vt 0.467700 0.022900
vt 0.138500 0.026300
vt 0.121900 0.014700
vt 0.449100 0.022500
vt 0.535700 0.012600
vt 0.538000 0.018300
vt 0.420400 0.027700
vt 0.435300 0.024500
vt 0.146100 0.046200
vt 0.064300 0.044700
vt 0.065400 0.029900
vt 0.086200 0.029700
vt 0.086600 0.043200
vt 0.066500 0.007600
vt 0.563300 0.035000
vt 0.557400 0.027100
vt 0.568500 0.021400
vt 0.574800 0.028900
vt 0.487200 0.013800
vt 0.467200 0.011300
vt 0.085600 0.018000
vt 0.141000 0.070200
vt 0.447900 0.010000
vt 0.108200 0.043500
vt 0.547900 0.014800
vt 0.550800 0.042200
vt 0.545500 0.033400
vt 0.035200 0.019800
vt 0.545300 0.006200
vt 0.534500 0.007400
vt 0.048500 0.017800
vt 0.107500 0.055800
vt 0.538500 0.050600
vt 0.520800 0.010500
vt 0.066500 0.016900
vt 0.541300 0.025900
vt 0.551900 0.021000
vt 0.505500 0.013200
vt 0.086200 0.081100
vt 0.066300 0.085700
vt 0.555300 0.011100
vt 0.560900 0.015600
vt 0.104700 0.079500
vt 0.385000 0.044400
vt 0.042400 0.047400
vt 0.045200 0.031600
vt 0.404300 0.035700
vt 0.049500 0.008800
vt 0.027200 0.049900
vt 0.030900 0.033800
vt 0.525200 0.088500
vt 0.020200 0.034000
vt 0.026200 0.020100
vt 0.027500 0.079500
vt 0.580800 0.050300
vt 0.585300 0.039500
vt 0.586900 0.032900
vt 0.568700 0.042700
vt 0.574500 0.047300
vt 0.015300 0.051100
vt 0.013800 0.067300
vt 0.064100 0.058900
vt 0.042200 0.062500
vt 0.045700 0.090300
vt 0.573600 0.015600
vt 0.564700 0.009800
vt 0.121300 0.068600
vt 0.399300 0.025300
vt 0.534800 0.095000
vt 0.105400 0.066900
vt 0.026200 0.065100
vt 0.086400 0.056100
vt 0.086000 0.068200
vt 0.380500 0.034200
vt 0.545700 0.081600
vt 0.015500 0.081900
vt 0.579400 0.035100
vt 0.582300 0.023700
vt 0.552400 0.006600
vt 0.581400 0.038800
vt 0.029100 0.091300
vt 0.557200 0.006900
vt 0.124500 0.079700
vt 0.018200 0.089500
vt 0.895609 0.685097
vt 0.893501 0.678429
vt 0.895815 0.673628
vt 0.905604 0.676491
vt 0.924243 0.628511
vt 0.925763 0.626140
vt 0.925668 0.638907
vt 0.912930 0.672958
vt 0.917059 0.680400
vt 0.906264 0.685776
vt 0.894452 0.613584
vt 0.820907 0.531713
vt 0.817134 0.548068
vt 0.833269 0.531740
vt 0.832965 0.533313
vt 0.876742 0.699197
vt 0.862036 0.694743
vt 0.872775 0.687359
vt 0.887862 0.693624
vt 0.884221 0.659352
vt 0.890363 0.672480
vt 0.883109 0.673621
vt 0.865449 0.682934
vt 0.860013 0.690077
vt 0.948996 0.674918
vt 0.958507 0.655496
vt 0.960928 0.661640
vt 0.845468 0.650944
vt 0.845160 0.659406
vt 0.836726 0.657539
vt 0.899668 0.623880
vt 0.904781 0.623079
vt 0.905330 0.628051
vt 0.954130 0.699170
vt 0.858797 0.691670
vt 0.959588 0.697214
vt 0.903750 0.656099
vt 0.911750 0.664424
vt 0.904256 0.669944
vt 0.872789 0.664620
vt 0.848890 0.675902
vt 0.954340 0.689555
vt 0.869008 0.675755
vt 0.885410 0.609826
vt 0.894728 0.609173
vt 0.891730 0.610926
vt 0.887348 0.616490
vt 0.929896 0.627749
vt 0.929014 0.643372
vt 0.915884 0.637465
vt 0.917078 0.631331
vt 0.920668 0.627548
vt 0.922141 0.634847
vt 0.938598 0.619856
vt 0.942985 0.607384
vt 0.940647 0.616593
vt 0.892415 0.659446
vt 0.891554 0.645547
vt 0.916184 0.648674
vt 0.922395 0.658843
vt 0.934843 0.623613
vt 0.934673 0.624365
vt 0.932012 0.616142
vt 0.933154 0.618206
vt 0.933802 0.629168
vt 0.938927 0.628172
vt 0.932510 0.643960
vt 0.943852 0.627664
vt 0.946501 0.625365
vt 0.948731 0.629852
vt 0.945347 0.633770
vt 0.859923 0.660646
vt 0.855252 0.652092
vt 0.861601 0.656728
vt 0.921910 0.684740
vt 0.926744 0.666688
vt 0.934653 0.649423
vt 0.932158 0.670604
vt 0.941396 0.633936
vt 0.934822 0.690602
vt 0.929486 0.684722
vt 0.938168 0.684240
vt 0.938034 0.624805
vt 0.949294 0.618667
vt 0.946900 0.617935
vt 0.941057 0.649388
vt 0.911726 0.692457
vt 0.931571 0.623160
vt 0.820910 0.638149
vt 0.819164 0.630403
vt 0.979468 0.635481
vt 0.953426 0.648735
vt 0.939550 0.670759
vt 0.948977 0.640949
vt 0.881308 0.638701
vt 0.883054 0.634650
vt 0.884371 0.632195
vt 0.949843 0.626811
vt 0.954622 0.625755
vt 0.949406 0.627452
vt 0.929779 0.616000
vt 0.903749 0.617000
vt 0.884670 0.623093
vt 0.935280 0.621823
vt 0.944942 0.604913
vt 0.947493 0.606299
vt 0.943111 0.616998
vt 0.944420 0.687160
vt 0.948228 0.691793
vt 0.942261 0.695925
vt 0.962982 0.636689
vt 0.964111 0.632754
vt 0.966656 0.636014
vt 0.893282 0.697289
vt 0.887176 0.693548
vt 0.894588 0.619384
vt 0.892890 0.615014
vt 0.895451 0.617121
vt 0.898997 0.612181
vt 0.900729 0.615555
vt 0.898973 0.614598
vt 0.898007 0.609974
vt 0.901229 0.612406
vt 0.894006 0.610237
vt 0.902778 0.531868
vt 0.902475 0.533441
vt 0.890552 0.532199
vt 0.961169 0.579695
vt 0.958391 0.578720
vt 0.839249 0.581719
vt 0.893959 0.623953
vt 0.898869 0.619230
vt 0.891801 0.620241
vt 0.889830 0.623381
vt 0.890110 0.616558
vt 0.831237 0.559642
vt 0.831755 0.545745
vt 0.848565 0.604848
vt 0.843783 0.606737
vt 0.841075 0.599541
vt 0.902160 0.619910
vt 0.888343 0.635537
vt 0.839548 0.534360
vt 0.957144 0.548465
vt 0.989478 0.617399
vt 0.960801 0.532042
vt 0.884347 0.534865
vt 0.955622 0.582224
vt 0.960778 0.583871
vt 0.960206 0.585865
vt 0.957534 0.589212
vt 0.893898 0.629397
vt 0.962052 0.581513
vt 0.837179 0.588492
vt 0.901023 0.559642
vt 0.886863 0.548426
vt 0.901402 0.545809
vt 0.958050 0.594181
vt 0.957891 0.591645
vt 0.960271 0.587606
vt 0.880280 0.682314
vt 0.901183 0.637699
vt 0.954899 0.588341
vt 0.955931 0.585280
vt 0.953097 0.608826
vt 0.953815 0.600100
vt 0.954517 0.534943
vt 0.954672 0.583736
vt 0.956272 0.579266
vt 0.850149 0.533972
vt 0.856393 0.531635
vt 0.928732 0.580229
vt 0.948435 0.597751
vt 0.864213 0.604112
vt 0.863740 0.596497
vt 0.869565 0.603448
vt 0.843230 0.590999
vt 0.953529 0.584703
vt 0.953560 0.592629
vt 0.956089 0.593583
vt 0.852812 0.548057
vt 0.868637 0.531509
vt 0.868334 0.533083
vt 0.955918 0.578974
vt 0.908823 0.534360
vt 0.951136 0.591617
vt 0.952976 0.589649
vt 0.864500 0.612687
vt 0.881990 0.643736
vt 0.873266 0.644768
vt 0.961586 0.581505
vt 0.934215 0.577018
vt 0.934562 0.577177
vt 0.933974 0.581657
vt 0.930697 0.597365
vt 0.931633 0.589926
vt 0.934056 0.589869
vt 0.932762 0.576230
vt 0.930007 0.576160
vt 0.866803 0.578992
vt 0.933693 0.580214
vt 0.931989 0.585858
vt 0.932410 0.606388
vt 0.867053 0.559798
vt 0.867347 0.545708
vt 0.928152 0.576674
vt 0.926959 0.582317
vt 0.929722 0.583080
vt 0.929150 0.585707
vt 0.928063 0.581350
vt 0.973626 0.599854
vt 0.976190 0.601223
vt 0.974067 0.605011
vt 0.971291 0.603503
vt 0.919359 0.534162
vt 0.925564 0.531652
vt 0.975502 0.594671
vt 0.928468 0.577121
vt 0.979315 0.599916
vt 0.981675 0.594678
vt 0.818762 0.601121
vt 0.925451 0.597222
vt 0.928647 0.589790
vt 0.927058 0.605488
vt 0.867966 0.588561
vt 0.862985 0.584705
vt 0.933536 0.587343
vt 0.934641 0.583014
vt 0.862684 0.647102
vt 0.863706 0.641103
vt 0.872138 0.637430
vt 0.938025 0.531672
vt 0.937721 0.533246
vt 0.927519 0.586892
vt 0.922185 0.616220
vt 0.968866 0.619054
vt 0.970731 0.610701
vt 0.976205 0.605925
vt 0.824573 0.611005
vt 0.926291 0.589423
vt 0.874661 0.533878
vt 0.976471 0.603206
vt 0.827829 0.617052
vt 0.832528 0.614836
vt 0.832316 0.624686
vt 0.837126 0.621881
vt 0.842319 0.629579
vt 0.921791 0.548074
vt 0.980205 0.596750
vt 0.975393 0.597556
vt 0.935834 0.559642
vt 0.936511 0.545711
vt 0.961641 0.614352
vt 0.965862 0.607786
vt 0.963882 0.615659
vt 0.974448 0.595540
vt 0.910472 0.638936
vt 0.909782 0.632486
vt 0.913429 0.633268
vt 0.981191 0.592542
vt 0.978909 0.591131
vt 0.972921 0.596156
vt 0.969226 0.602101
vt 0.825132 0.602495
vt 0.976763 0.592297
vt 0.944304 0.534360
vt 0.818788 0.593475
vt 0.971268 0.600461
vt 0.824069 0.634585
vt 0.830839 0.637815
vt 0.907405 0.633586
vt 0.903079 0.644345
vt 0.868425 0.634387
vt 0.970344 0.636853
vt 0.975846 0.631682
vt 0.972641 0.638315
vt 0.979528 0.598248
vt 0.976513 0.591369
vt 0.969881 0.644596
vt 0.831243 0.650743
vt 0.981370 0.594392
vt 0.955514 0.654038
vt 0.910480 0.645001
vt 0.856508 0.623036
vt 0.862906 0.621010
vt 0.861190 0.629211
vt 0.957992 0.633942
vt 0.960327 0.633086
vt 0.961596 0.637988
vt 0.987273 0.627414
vt 0.811815 0.623405
vt 0.967673 0.642803
vt 0.973183 0.531672
vt 0.972880 0.533246
vt 0.952894 0.628624
vt 0.965334 0.639155
vt 0.965216 0.641318
vt 0.933388 0.609590
vt 0.857517 0.620499
vt 0.852459 0.614087
vt 0.982154 0.629752
vt 0.858169 0.640340
vt 0.968860 0.635627
vt 0.974262 0.630235
vt 0.972198 0.631135
vt 0.804494 0.616225
vt 0.986893 0.618203
vt 0.806261 0.623187
vt 0.978736 0.626143
vt 0.984022 0.624098
vt 0.985894 0.626050
vt 0.991409 0.622922
vt 0.994732 0.619143
vt 0.984633 0.621439
vt 0.982452 0.622442
vt 0.820970 0.629891
vt 0.992577 0.615478
vt 0.990502 0.615854
vt 0.990769 0.615211
vt 0.954190 0.631689
vt 0.958764 0.623994
vt 0.961911 0.626045
vt 0.988358 0.625076
vt 0.994431 0.618510
vt 0.994476 0.617099
vt 0.952179 0.626216
vt 0.950122 0.626064
vt 0.849257 0.626378
vt 0.963816 0.627689
vt 0.966420 0.647461
vt 0.849861 0.633337
vt 0.953147 0.611612
vt 0.948938 0.621900
vt 0.959987 0.618584
vt 0.842741 0.626394
vt 0.956242 0.621758
vt 0.839645 0.641051
vt 0.861276 0.677710
vt 0.865618 0.672455
vt 0.826326 0.620184
vt 0.847607 0.616588
vt 0.864451 0.666162
vt 0.968417 0.622424
vt 0.865295 0.662417
vt 0.921216 0.625157
vt 0.871127 0.620297
vt 0.851717 0.606135
vt 0.841964 0.609873
vt 0.936837 0.622130
vt 0.861794 0.606723
vt 0.967107 0.650274
vt 0.859718 0.666332
vt 0.857234 0.645091
vt 0.851548 0.643140
vt 0.851323 0.656274
vt 0.905825 0.696634
vt 0.911919 0.692457
vt 0.918068 0.697958
vt 0.930223 0.696775
vt 0.992167 0.621418
vt 0.970995 0.559386
vt 0.971591 0.545711
vt 0.993149 0.620206
vt 0.988747 0.623353
vt 0.986857 0.621510
vt 0.988950 0.619936
vt 0.988209 0.618024
vt 0.948035 0.691793
vt 0.979306 0.534360
vt 0.862229 0.694743
vt 0.935015 0.690602
vt 0.814801 0.534149
vt 0.706722 0.742428
vt 0.705806 0.770688
vt 0.681722 0.769588
vt 0.683782 0.743420
vt 0.696810 0.723614
vt 0.715840 0.717170
vt 0.381323 0.763102
vt 0.375010 0.774947
vt 0.346361 0.771168
vt 0.347732 0.752645
vt 0.584441 0.762645
vt 0.618677 0.763102
vt 0.624990 0.774947
vt 0.589523 0.772848
vt 0.370527 0.787251
vt 0.343923 0.784476
vt 0.652268 0.752645
vt 0.668251 0.726387
vt 0.705336 0.787217
vt 0.294194 0.770688
vt 0.294664 0.787217
vt 0.331749 0.726387
vt 0.316218 0.743420
vt 0.438380 0.811399
vt 0.449494 0.798703
vt 0.465092 0.797025
vt 0.459618 0.806923
vt 0.681080 0.785833
vt 0.486371 0.765549
vt 0.500000 0.763504
vt 0.492411 0.772357
vt 0.456202 0.780100
vt 0.455842 0.788770
vt 0.435658 0.798274
vt 0.398596 0.826891
vt 0.417733 0.823929
vt 0.390617 0.849644
vt 0.373369 0.851220
vt 0.345423 0.853320
vt 0.306432 0.854680
vt 0.306929 0.839389
vt 0.348611 0.838453
vt 0.474682 0.777034
vt 0.490043 0.783749
vt 0.468876 0.787981
vt 0.653639 0.771168
vt 0.622545 0.827021
vt 0.632414 0.810721
vt 0.657754 0.812392
vt 0.651389 0.838453
vt 0.632281 0.751157
vt 0.510186 0.805477
vt 0.519575 0.810000
vt 0.506591 0.808478
vt 0.539939 0.934369
vt 0.522010 0.936603
vt 0.521785 0.921609
vt 0.540484 0.920570
vt 0.509957 0.783749
vt 0.507589 0.772357
vt 0.534908 0.797025
vt 0.540382 0.806923
vt 0.512828 0.800797
vt 0.511863 0.792660
vt 0.601403 0.826891
vt 0.582267 0.823929
vt 0.564342 0.798274
vt 0.581625 0.800761
vt 0.439769 0.781160
vt 0.459338 0.766683
vt 0.472683 0.765794
vt 0.293758 0.817066
vt 0.706242 0.817067
vt 0.418375 0.800761
vt 0.397857 0.802696
vt 0.421652 0.783327
vt 0.398754 0.787092
vt 0.436013 0.822872
vt 0.420376 0.835811
vt 0.342247 0.812392
vt 0.367585 0.810721
vt 0.488137 0.792660
vt 0.487173 0.800797
vt 0.525318 0.777034
vt 0.531124 0.787981
vt 0.489814 0.805477
vt 0.506248 0.823302
vt 0.502147 0.822718
vt 0.503838 0.819667
vt 0.543798 0.780100
vt 0.513629 0.765550
vt 0.527317 0.765794
vt 0.516070 0.761412
vt 0.560231 0.781160
vt 0.578348 0.783327
vt 0.602143 0.802696
vt 0.377456 0.827021
vt 0.410477 0.772848
vt 0.438591 0.762729
vt 0.441878 0.768579
vt 0.561409 0.762729
vt 0.598113 0.756834
vt 0.372935 0.841147
vt 0.558122 0.768579
vt 0.317157 0.814276
vt 0.318920 0.785833
vt 0.402611 0.849318
vt 0.682843 0.814276
vt 0.459412 0.762217
vt 0.367719 0.751157
vt 0.401887 0.756834
vt 0.415559 0.762645
vt 0.460516 0.830418
vt 0.442625 0.832713
vt 0.464655 0.822118
vt 0.656077 0.784476
vt 0.629473 0.787251
vt 0.471646 0.761226
vt 0.478020 0.910594
vt 0.477840 0.902267
vt 0.486339 0.899017
vt 0.492807 0.906625
vt 0.483930 0.761412
vt 0.458469 0.814942
vt 0.491470 0.828918
vt 0.486628 0.831159
vt 0.483474 0.829217
vt 0.490533 0.826428
vt 0.540662 0.766683
vt 0.540588 0.762217
vt 0.505155 0.813498
vt 0.494845 0.813498
vt 0.493409 0.808477
vt 0.474435 0.807364
vt 0.480425 0.809999
vt 0.693071 0.839389
vt 0.693568 0.854680
vt 0.483369 0.816031
vt 0.393987 0.856821
vt 0.412533 0.853438
vt 0.404117 0.859753
vt 0.452156 0.848436
vt 0.437729 0.858599
vt 0.432474 0.852090
vt 0.449494 0.840600
vt 0.419982 0.863430
vt 0.409535 0.868825
vt 0.516631 0.816031
vt 0.426170 0.844327
vt 0.496162 0.819667
vt 0.487557 0.821743
vt 0.525565 0.807364
vt 0.475623 0.826574
vt 0.579624 0.835811
vt 0.609383 0.849644
vt 0.597389 0.849318
vt 0.654577 0.853319
vt 0.627065 0.841147
vt 0.496353 0.894424
vt 0.490617 0.892040
vt 0.492633 0.883657
vt 0.497690 0.884649
vt 0.550506 0.798703
vt 0.544158 0.788770
vt 0.601246 0.787092
vt 0.381341 0.859040
vt 0.561620 0.811400
vt 0.528354 0.761226
vt 0.626631 0.851220
vt 0.539484 0.830418
vt 0.531894 0.834131
vt 0.524377 0.826574
vt 0.563987 0.822872
vt 0.541531 0.814942
vt 0.587467 0.853438
vt 0.573830 0.844327
vt 0.557375 0.832713
vt 0.535345 0.822118
vt 0.618659 0.859040
vt 0.606013 0.856821
vt 0.647950 0.863324
vt 0.567526 0.852090
vt 0.550506 0.840600
vt 0.512443 0.821743
vt 0.577450 0.929892
vt 0.556065 0.931180
vt 0.557096 0.911473
vt 0.574636 0.906513
vt 0.483376 0.956805
vt 0.454995 0.946490
vt 0.460061 0.934369
vt 0.477990 0.936603
vt 0.580018 0.863430
vt 0.509467 0.826428
vt 0.595883 0.859753
vt 0.631400 0.863562
vt 0.493971 0.936767
vt 0.506029 0.936767
vt 0.516624 0.956805
vt 0.590465 0.868825
vt 0.545005 0.946490
vt 0.596075 0.867803
vt 0.595304 0.875703
vt 0.586891 0.883045
vt 0.497025 0.825103
vt 0.493752 0.823302
vt 0.497853 0.822718
vt 0.578949 0.894519
vt 0.574540 0.875924
vt 0.502975 0.825103
vt 0.508530 0.828918
vt 0.502796 0.827516
vt 0.522757 0.840487
vt 0.521631 0.834130
vt 0.531990 0.842256
vt 0.497204 0.827516
vt 0.516526 0.829217
vt 0.539060 0.911607
vt 0.521981 0.910594
vt 0.522160 0.902267
vt 0.534276 0.903104
vt 0.562886 0.893863
vt 0.552970 0.901596
vt 0.513661 0.899017
vt 0.516492 0.894120
vt 0.522286 0.896619
vt 0.517910 0.892520
vt 0.513111 0.889551
vt 0.515218 0.888954
vt 0.502310 0.884649
vt 0.503647 0.894424
vt 0.511461 0.871486
vt 0.509766 0.866830
vt 0.512828 0.864293
vt 0.517855 0.866791
vt 0.507367 0.883657
vt 0.512067 0.883721
vt 0.509383 0.892040
vt 0.516819 0.862224
vt 0.505996 0.920898
vt 0.507193 0.906625
vt 0.547845 0.848436
vt 0.562272 0.858599
vt 0.537093 0.893117
vt 0.544076 0.897720
vt 0.530061 0.896390
vt 0.478369 0.834130
vt 0.468106 0.834131
vt 0.486889 0.889551
vt 0.483508 0.894120
vt 0.567173 0.882747
vt 0.494004 0.920898
vt 0.478215 0.921610
vt 0.589972 0.918143
vt 0.608641 0.926303
vt 0.556139 0.864727
vt 0.513940 0.853807
vt 0.516730 0.845805
vt 0.520841 0.848109
vt 0.517242 0.856946
vt 0.557919 0.883941
vt 0.542647 0.855610
vt 0.529592 0.850836
vt 0.539613 0.888878
vt 0.548270 0.886648
vt 0.465723 0.903104
vt 0.460939 0.911608
vt 0.447030 0.901596
vt 0.455924 0.897720
vt 0.516172 0.888658
vt 0.515193 0.886576
vt 0.513952 0.886686
vt 0.537295 0.885468
vt 0.535848 0.888889
vt 0.533872 0.887607
vt 0.573023 0.951877
vt 0.519422 0.886193
vt 0.517460 0.886263
vt 0.516802 0.884983
vt 0.518639 0.884181
vt 0.477242 0.840487
vt 0.468010 0.842256
vt 0.524801 0.859903
vt 0.527417 0.866949
vt 0.505946 0.855962
vt 0.504846 0.855810
vt 0.505491 0.855114
vt 0.489854 0.878758
vt 0.488539 0.871485
vt 0.493377 0.875360
vt 0.518822 0.839655
vt 0.517416 0.834930
vt 0.477121 0.883876
vt 0.477244 0.880642
vt 0.482722 0.881613
vt 0.481361 0.884181
vt 0.536889 0.863238
vt 0.512233 0.858427
vt 0.513799 0.861511
vt 0.504616 0.853651
vt 0.504195 0.851727
vt 0.508832 0.851685
vt 0.508008 0.854167
vt 0.508374 0.864718
vt 0.511270 0.862815
vt 0.533048 0.874213
vt 0.513156 0.848010
vt 0.510984 0.855146
vt 0.543914 0.878036
vt 0.530679 0.882397
vt 0.509480 0.846422
vt 0.550246 0.870185
vt 0.510666 0.859965
vt 0.598076 0.862207
vt 0.522126 0.874007
vt 0.522879 0.883876
vt 0.523024 0.886070
vt 0.510146 0.878758
vt 0.514564 0.877876
vt 0.503197 0.858846
vt 0.504897 0.858323
vt 0.504555 0.861768
vt 0.482090 0.892520
vt 0.484782 0.888954
vt 0.469940 0.896390
vt 0.477714 0.896619
vt 0.442904 0.911473
vt 0.459516 0.920570
vt 0.513372 0.831159
vt 0.488730 0.862815
vt 0.491626 0.864718
vt 0.490234 0.866830
vt 0.487172 0.864293
vt 0.528262 0.892583
vt 0.532317 0.890417
vt 0.533424 0.890570
vt 0.528774 0.893231
vt 0.497231 0.830469
vt 0.502769 0.830469
vt 0.534779 0.891131
vt 0.443935 0.931180
vt 0.422549 0.929892
vt 0.425364 0.906513
vt 0.472583 0.866949
vt 0.466952 0.874213
vt 0.463111 0.863238
vt 0.482584 0.834930
vt 0.481178 0.839655
vt 0.443861 0.864727
vt 0.432827 0.882747
vt 0.425460 0.875924
vt 0.533796 0.889152
vt 0.529187 0.894125
vt 0.421051 0.894519
vt 0.413109 0.883045
vt 0.506623 0.875360
vt 0.489335 0.859965
vt 0.492374 0.861395
vt 0.801764 0.978549
vt 0.800964 0.980084
vt 0.797117 0.979596
vt 0.797117 0.978526
vt 0.437114 0.893863
vt 0.475200 0.859903
vt 0.482145 0.866791
vt 0.483181 0.862224
vt 0.449754 0.870185
vt 0.442081 0.883941
vt 0.460387 0.888878
vt 0.451730 0.886648
vt 0.456086 0.878036
vt 0.462705 0.885468
vt 0.474450 0.888573
vt 0.471855 0.887977
vt 0.476703 0.887540
vt 0.590430 0.500817
vt 0.499999 0.591250
vt 0.566325 0.660946
vt 0.660123 0.567146
vt 0.486060 0.853807
vt 0.487767 0.858428
vt 0.486201 0.861511
vt 0.482758 0.856946
vt 0.485436 0.877876
vt 0.188566 0.980286
vt 0.190041 0.979534
vt 0.191165 0.980071
vt 0.190144 0.981053
vt 0.469322 0.882397
vt 0.477874 0.874007
vt 0.479160 0.848109
vt 0.470408 0.850836
vt 0.493664 0.855833
vt 0.492814 0.855072
vt 0.494509 0.855114
vt 0.501580 0.847678
vt 0.501528 0.851258
vt 0.498472 0.851258
vt 0.498420 0.847678
vt 0.496823 0.853234
vt 0.495805 0.851727
vt 0.489016 0.855146
vt 0.457352 0.855611
vt 0.495600 0.848379
vt 0.491168 0.851686
vt 0.490519 0.846422
vt 0.462907 0.893117
vt 0.487933 0.883721
vt 0.484946 0.884524
vt 0.529215 0.885044
vt 0.522756 0.880642
vt 0.522655 0.894659
vt 0.522834 0.893799
vt 0.518414 0.887165
vt 0.520025 0.887344
vt 0.532576 0.888311
vt 0.528556 0.886719
vt 0.521885 0.888335
vt 0.523297 0.887540
vt 0.517278 0.881613
vt 0.505947 0.868811
vt 0.519564 0.887569
vt 0.531635 0.888965
vt 0.528145 0.887977
vt 0.533578 0.889310
vt 0.470785 0.885044
vt 0.516100 0.885796
vt 0.515054 0.884525
vt 0.518851 0.888520
vt 0.519123 0.889423
vt 0.518129 0.888650
vt 0.527914 0.891589
vt 0.531401 0.890326
vt 0.532578 0.889635
vt 0.531737 0.889592
vt 0.529890 0.889151
vt 0.529579 0.890629
vt 0.531649 0.890060
vt 0.465221 0.891131
vt 0.470813 0.894125
vt 0.525550 0.888573
vt 0.518805 0.887739
vt 0.517978 0.887625
vt 0.516591 0.886727
vt 0.517032 0.888428
vt 0.518417 0.891776
vt 0.518838 0.891031
vt 0.523010 0.893004
vt 0.501940 0.877082
vt 0.501844 0.869997
vt 0.523256 0.891867
vt 0.519493 0.890343
vt 0.521424 0.890720
vt 0.525591 0.891355
vt 0.501616 0.861443
vt 0.505072 0.865787
vt 0.501730 0.866100
vt 0.477166 0.893799
vt 0.477345 0.894659
vt 0.471226 0.893231
vt 0.471738 0.892583
vt 0.466576 0.890570
vt 0.467683 0.890417
vt 0.464152 0.888889
vt 0.507129 0.856387
vt 0.508210 0.856675
vt 0.507302 0.857088
vt 0.466128 0.887607
vt 0.466204 0.889152
vt 0.794295 0.980767
vt 0.802669 0.981421
vt 0.197331 0.981421
vt 0.468599 0.890326
vt 0.470421 0.890629
vt 0.472086 0.891589
vt 0.480578 0.886193
vt 0.476976 0.886070
vt 0.483198 0.884983
vt 0.483900 0.885796
vt 0.482540 0.886263
vt 0.479975 0.887344
vt 0.481871 0.888650
vt 0.481149 0.888520
vt 0.482022 0.887625
vt 0.486048 0.886686
vt 0.471444 0.886719
vt 0.481195 0.887739
vt 0.468350 0.890060
vt 0.467422 0.889635
vt 0.467424 0.888311
vt 0.466422 0.889310
vt 0.468365 0.888965
vt 0.478115 0.888335
vt 0.480436 0.887569
vt 0.481586 0.887165
vt 0.481583 0.891776
vt 0.481162 0.891031
vt 0.482968 0.888428
vt 0.483828 0.888658
vt 0.470110 0.889151
vt 0.483409 0.886727
vt 0.484807 0.886576
vt 0.476990 0.893004
vt 0.476743 0.891867
vt 0.480506 0.890343
vt 0.494928 0.865787
vt 0.494053 0.868811
vt 0.193489 0.978043
vt 0.198236 0.978549
vt 0.199036 0.980084
vt 0.480877 0.889423
vt 0.478576 0.890720
vt 0.474409 0.891355
vt 0.205705 0.980767
vt 0.498060 0.877082
vt 0.468263 0.889592
vt 0.797642 0.952908
vt 0.801395 0.955039
vt 0.198605 0.955039
vt 0.202358 0.952908
vt 0.205724 0.977842
vt 0.202883 0.978526
vt 0.202883 0.979596
vt 0.203090 0.978675
vt 0.203090 0.979444
vt 0.796910 0.978675
vt 0.809959 0.979533
vt 0.811434 0.980286
vt 0.809856 0.981053
vt 0.808835 0.980071
vt 0.191405 0.982178
vt 0.199267 0.982685
vt 0.198820 0.956206
vt 0.190674 0.957645
vt 0.188728 0.957613
vt 0.800810 0.983860
vt 0.199190 0.983860
vt 0.800732 0.982685
vt 0.195008 0.961008
vt 0.199784 0.958319
vt 0.200500 0.959381
vt 0.192189 0.971445
vt 0.194501 0.969233
vt 0.192156 0.950247
vt 0.202137 0.950078
vt 0.193953 0.953323
vt 0.806047 0.953323
vt 0.813349 0.956067
vt 0.811272 0.957613
vt 0.200575 0.968774
vt 0.795869 0.978958
vt 0.204131 0.978958
vt 0.203257 0.978828
vt 0.796744 0.978828
vt 0.187808 0.960777
vt 0.802231 0.957288
vt 0.197769 0.957288
vt 0.801180 0.956206
vt 0.489915 0.838424
vt 0.485990 0.838497
vt 0.183011 0.986205
vt 0.188644 0.988121
vt 0.202945 0.988351
vt 0.195951 0.988377
vt 0.196030 0.985702
vt 0.203043 0.985650
vt 0.808595 0.982178
vt 0.809546 0.983051
vt 0.796957 0.985650
vt 0.809325 0.957645
vt 0.797863 0.950078
vt 0.814209 0.983070
vt 0.812437 0.981183
vt 0.813657 0.969777
vt 0.815802 0.970081
vt 0.816343 0.953437
vt 0.818598 0.964638
vt 0.189636 0.985070
vt 0.797055 0.988351
vt 0.192211 0.959172
vt 0.190381 0.958725
vt 0.185791 0.983070
vt 0.190453 0.983051
vt 0.190141 0.969329
vt 0.188047 0.969506
vt 0.483568 0.837780
vt 0.482666 0.837512
vt 0.484631 0.835824
vt 0.186343 0.969777
vt 0.187563 0.981183
vt 0.203257 0.979289
vt 0.204131 0.979163
vt 0.795869 0.979163
vt 0.796744 0.979289
vt 0.799425 0.968774
vt 0.799500 0.959381
vt 0.806511 0.978043
vt 0.805499 0.969233
vt 0.486844 0.848010
vt 0.485211 0.842231
vt 0.189337 0.981667
vt 0.812192 0.960777
vt 0.809619 0.958725
vt 0.796910 0.979443
vt 0.817427 0.979817
vt 0.816990 0.986205
vt 0.794276 0.977842
vt 0.804992 0.961007
vt 0.800216 0.958319
vt 0.811356 0.988121
vt 0.804049 0.988377
vt 0.803970 0.985702
vt 0.810364 0.985070
vt 0.183657 0.953437
vt 0.186651 0.956067
vt 0.484276 0.838118
vt 0.179515 0.974037
vt 0.494663 0.837750
vt 0.498410 0.835665
vt 0.501590 0.835665
vt 0.495293 0.845545
vt 0.490451 0.842929
vt 0.483240 0.838996
vt 0.484039 0.838623
vt 0.485630 0.839608
vt 0.483270 0.845805
vt 0.487716 0.833115
vt 0.495384 0.853651
vt 0.496507 0.855075
vt 0.495154 0.855810
vt 0.491992 0.854167
vt 0.490311 0.857654
vt 0.489762 0.856123
vt 0.493004 0.855939
vt 0.492699 0.856171
vt 0.491757 0.855937
vt 0.491791 0.856675
vt 0.492871 0.856387
vt 0.492698 0.857088
vt 0.498386 0.854309
vt 0.501614 0.854309
vt 0.501583 0.856977
vt 0.498417 0.856977
vt 0.501598 0.837543
vt 0.498402 0.837543
vt 0.182573 0.979817
vt 0.184198 0.970081
vt 0.807844 0.950247
vt 0.505416 0.835953
vt 0.510201 0.836698
vt 0.504400 0.848379
vt 0.181402 0.964639
vt 0.507186 0.855072
vt 0.506336 0.855833
vt 0.505337 0.837750
vt 0.503584 0.856929
vt 0.503493 0.855075
vt 0.513889 0.837492
vt 0.820485 0.974037
vt 0.486111 0.837493
vt 0.484767 0.837810
vt 0.508056 0.831280
vt 0.491944 0.831280
vt 0.501705 0.845052
vt 0.504707 0.845545
vt 0.807789 0.959172
vt 0.494584 0.835953
vt 0.489799 0.836698
vt 0.807811 0.971445
vt 0.510085 0.838425
vt 0.514010 0.838497
vt 0.811954 0.969506
vt 0.517334 0.837512
vt 0.515370 0.835824
vt 0.516432 0.837781
vt 0.516760 0.838996
vt 0.810663 0.981667
vt 0.509549 0.842929
vt 0.514370 0.839608
vt 0.514789 0.842231
vt 0.809859 0.969329
vt 0.515233 0.837810
vt 0.515724 0.838118
vt 0.177132 0.964466
vt 0.822868 0.964466
vt 0.515961 0.838623
vt 0.512284 0.833115
vt 0.503177 0.853234
vt 0.507301 0.856171
vt 0.506996 0.855939
vt 0.508243 0.855937
vt 0.505813 0.856943
vt 0.506697 0.856444
vt 0.509689 0.857654
vt 0.510238 0.856123
vt 0.592268 0.885195
vt 0.600335 0.863452
vt 0.603308 0.860955
vt 0.498156 0.869996
vt 0.410028 0.918144
vt 0.499999 0.410385
vt 0.409568 0.500817
vt 0.620893 0.793201
vt 0.791863 0.622233
vt 0.706189 0.586747
vt 0.585406 0.707528
vt 0.498270 0.866100
vt 0.507626 0.861395
vt 0.495445 0.861768
vt 0.496803 0.858846
vt 0.498384 0.861443
vt 0.505019 0.856361
vt 0.496415 0.856929
vt 0.494981 0.856361
vt 0.492351 0.858515
vt 0.507650 0.858515
vt 0.505984 0.856112
vt 0.495103 0.858323
vt 0.494016 0.856112
vt 0.506153 0.856270
vt 0.414593 0.707529
vt 0.293810 0.586747
vt 0.208136 0.622233
vt 0.379106 0.793201
vt 0.494188 0.856943
vt 0.339875 0.567146
vt 0.433674 0.660946
vt 0.498296 0.845052
vt 0.494054 0.855962
vt 0.493303 0.856444
vt 0.706188 0.415938
vt 0.660123 0.434494
vt 0.339875 0.434493
vt 0.293810 0.415938
vt 0.493847 0.856270
vt 0.433674 0.340693
vt 0.566325 0.340693
vt 0.379106 0.209479
vt 0.208136 0.380449
vt 0.414593 0.295152
vt 0.585405 0.295152
vt 0.336286 0.895648
vt 0.663712 0.895648
vt 0.620893 0.209479
vt 0.104762 0.336696
vt 0.104762 0.664119
vt 0.791863 0.380449
vt 0.895238 0.664119
vt 0.663712 0.105170
vt 0.336286 0.105170
vt 0.895238 0.336696
vt 0.500001 0.591250
vt 0.566326 0.660945
vt 0.660125 0.567146
vt 0.590432 0.500817
vt 0.293812 0.586747
vt 0.339877 0.567146
vt 0.339877 0.434493
vt 0.293812 0.415938
vt 0.585407 0.707528
vt 0.433675 0.660945
vt 0.414595 0.707529
vt 0.208137 0.622233
vt 0.379107 0.793201
vt 0.409570 0.500817
vt 0.706190 0.586747
vt 0.706189 0.415938
vt 0.660125 0.434494
vt 0.500001 0.410385
vt 0.433675 0.340693
vt 0.791864 0.380449
vt 0.791864 0.622233
vt 0.620894 0.793201
vt 0.379107 0.209479
vt 0.208137 0.380449
vt 0.414594 0.295152
vt 0.336288 0.895648
vt 0.663714 0.895648
vt 0.336288 0.105170
vt 0.620894 0.209479
vt 0.663714 0.105170
vt 0.566326 0.340693
vt 0.895239 0.336696
vt 0.585407 0.295152
vt 0.284160 0.717170
vt 0.293278 0.742428
vt 0.303190 0.723614
vt 0.318278 0.769588
vt 0.713300 0.695200
vt 0.706400 0.690600
vt 0.710100 0.689700
vt 0.716200 0.694700
vt 0.699500 0.686000
vt 0.705300 0.684400
vt 0.709900 0.683100
vt 0.713800 0.688300
vt 0.718700 0.693300
vt 0.753300 0.635500
vt 0.751000 0.627100
vt 0.755200 0.625000
vt 0.757800 0.632400
vt 0.750200 0.616500
vt 0.755700 0.616300
vt 0.760600 0.614900
vt 0.761500 0.620300
vt 0.764300 0.626600
vt 0.785900 0.640700
vt 0.779000 0.649100
vt 0.777900 0.639600
vt 0.785600 0.630900
vt 0.772900 0.657300
vt 0.771000 0.647800
vt 0.768600 0.639600
vt 0.776300 0.631000
vt 0.784400 0.622100
vt 0.815800 0.603300
vt 0.809800 0.604500
vt 0.811000 0.592600
vt 0.816400 0.590400
vt 0.805200 0.605600
vt 0.806900 0.594700
vt 0.807900 0.585300
vt 0.811600 0.582200
vt 0.816700 0.579100
vt 0.842700 0.577800
vt 0.842700 0.589900
vt 0.836600 0.589500
vt 0.836700 0.577400
vt 0.842600 0.602800
vt 0.836600 0.602400
vt 0.830100 0.601900
vt 0.830200 0.589000
vt 0.830300 0.577200
vt 0.805700 0.626700
vt 0.805300 0.616300
vt 0.810000 0.615300
vt 0.810300 0.625100
vt 0.816100 0.614200
vt 0.816200 0.623400
vt 0.842600 0.612900
vt 0.836600 0.612600
vt 0.842600 0.620300
vt 0.836500 0.620200
vt 0.830100 0.620600
vt 0.830300 0.612400
vt 0.702800 0.668800
vt 0.706100 0.676000
vt 0.701400 0.677300
vt 0.698500 0.670000
vt 0.697200 0.678900
vt 0.694900 0.671900
vt 0.711600 0.675100
vt 0.714400 0.681200
vt 0.708900 0.669000
vt 0.715200 0.667800
vt 0.717300 0.673400
vt 0.719500 0.679000
vt 0.767300 0.594900
vt 0.770700 0.596300
vt 0.762000 0.606300
vt 0.758300 0.605200
vt 0.774200 0.597800
vt 0.766000 0.607500
vt 0.792100 0.589600
vt 0.788700 0.594900
vt 0.784100 0.592500
vt 0.789800 0.586400
vt 0.782300 0.605000
vt 0.777700 0.600800
vt 0.780700 0.589600
vt 0.786500 0.583400
vt 0.809800 0.575900
vt 0.815500 0.572700
vt 0.805800 0.579000
vt 0.802600 0.574200
vt 0.807200 0.571600
vt 0.813600 0.568600
vt 0.830400 0.570100
vt 0.836800 0.569800
vt 0.830100 0.565000
vt 0.836900 0.564200
vt 0.842800 0.563900
vt 0.842800 0.569800
vt 0.777500 0.571000
vt 0.769900 0.579100
vt 0.767100 0.574500
vt 0.774300 0.567700
vt 0.761200 0.588500
vt 0.758200 0.583300
vt 0.756100 0.575900
vt 0.764200 0.569500
vt 0.772300 0.563000
vt 0.752600 0.597600
vt 0.748700 0.593200
vt 0.745700 0.604800
vt 0.741500 0.601500
vt 0.732600 0.601400
vt 0.744400 0.588700
vt 0.384900 0.672600
vt 0.380100 0.676000
vt 0.380200 0.674400
vt 0.385900 0.671400
vt 0.375400 0.679400
vt 0.374500 0.677100
vt 0.842800 0.776700
vt 0.841600 0.776700
vt 0.841800 0.773400
vt 0.842800 0.773400
vt 0.839100 0.776500
vt 0.839500 0.773300
vt 0.839800 0.769300
vt 0.841900 0.769300
vt 0.842700 0.769300
vt 0.745200 0.705400
vt 0.750600 0.712200
vt 0.747200 0.715700
vt 0.742100 0.709800
vt 0.757200 0.720100
vt 0.753900 0.722900
vt 0.751600 0.725300
vt 0.745200 0.719200
vt 0.740600 0.714200
vt 0.774500 0.676400
vt 0.771100 0.683100
vt 0.769500 0.673800
vt 0.773600 0.667600
vt 0.768700 0.688000
vt 0.766500 0.678100
vt 0.764200 0.666600
vt 0.767900 0.663000
vt 0.782300 0.748500
vt 0.777500 0.744700
vt 0.777800 0.742500
vt 0.783000 0.746400
vt 0.775300 0.743100
vt 0.775100 0.740800
vt 0.774800 0.737200
vt 0.778000 0.739100
vt 0.783700 0.743400
vt 0.803700 0.763900
vt 0.791800 0.755800
vt 0.792500 0.753800
vt 0.804300 0.761800
vt 0.793500 0.751000
vt 0.805400 0.759100
vt 0.826300 0.774100
vt 0.815700 0.770100
vt 0.816400 0.767800
vt 0.827100 0.771600
vt 0.817300 0.764800
vt 0.827700 0.768200
vt 0.842000 0.765400
vt 0.842700 0.765400
vt 0.839800 0.765400
vt 0.839700 0.761900
vt 0.841900 0.762000
vt 0.842700 0.762000
vt 0.818400 0.761500
vt 0.827700 0.764300
vt 0.807300 0.756100
vt 0.809000 0.753000
vt 0.819100 0.758100
vt 0.827400 0.760600
vt 0.784800 0.735300
vt 0.784300 0.739400
vt 0.778100 0.734500
vt 0.778300 0.729500
vt 0.774800 0.731900
vt 0.775000 0.726200
vt 0.795000 0.747700
vt 0.796300 0.744300
vt 0.842500 0.742600
vt 0.842500 0.743200
vt 0.841600 0.743200
vt 0.841600 0.742500
vt 0.842600 0.744400
vt 0.841600 0.744400
vt 0.839200 0.744000
vt 0.839200 0.742800
vt 0.839200 0.742100
vt 0.826800 0.741300
vt 0.819300 0.739600
vt 0.819300 0.738500
vt 0.826800 0.740200
vt 0.810800 0.736000
vt 0.810800 0.734900
vt 0.811300 0.734600
vt 0.819700 0.738000
vt 0.827300 0.739600
vt 0.778900 0.659700
vt 0.785300 0.651500
vt 0.785100 0.660500
vt 0.779200 0.668800
vt 0.815100 0.643100
vt 0.808700 0.648900
vt 0.807800 0.645900
vt 0.813800 0.640600
vt 0.802600 0.656100
vt 0.802000 0.652700
vt 0.802300 0.647300
vt 0.808000 0.641400
vt 0.813600 0.637000
vt 0.818200 0.702000
vt 0.816900 0.706400
vt 0.809500 0.701700
vt 0.811300 0.697800
vt 0.815600 0.710600
vt 0.807900 0.705500
vt 0.801200 0.700400
vt 0.803000 0.696700
vt 0.805100 0.693300
vt 0.829600 0.708300
vt 0.829100 0.712600
vt 0.823300 0.710000
vt 0.824100 0.705500
vt 0.828800 0.716800
vt 0.822500 0.714300
vt 0.842500 0.712400
vt 0.842500 0.716200
vt 0.841300 0.716100
vt 0.841400 0.712200
vt 0.842500 0.720200
vt 0.841400 0.720100
vt 0.839200 0.719500
vt 0.839100 0.715500
vt 0.839200 0.711600
vt 0.839500 0.708100
vt 0.841500 0.708800
vt 0.839800 0.705200
vt 0.841600 0.705900
vt 0.842500 0.706000
vt 0.842500 0.708900
vt 0.833500 0.698300
vt 0.832400 0.699900
vt 0.827700 0.697200
vt 0.829300 0.695700
vt 0.831500 0.701800
vt 0.826500 0.699000
vt 0.820900 0.695600
vt 0.822500 0.693900
vt 0.824400 0.692300
vt 0.834000 0.680100
vt 0.835800 0.680200
vt 0.837600 0.684100
vt 0.836500 0.684700
vt 0.838000 0.680100
vt 0.839000 0.683600
vt 0.840000 0.685700
vt 0.839200 0.686700
vt 0.838600 0.687800
vt 0.816500 0.690100
vt 0.818600 0.688300
vt 0.814800 0.691800
vt 0.809100 0.688200
vt 0.810700 0.686400
vt 0.812700 0.684300
vt 0.799500 0.685900
vt 0.801200 0.683900
vt 0.803400 0.686800
vt 0.801400 0.689200
vt 0.802800 0.683500
vt 0.805000 0.685100
vt 0.807200 0.690500
vt 0.831600 0.674300
vt 0.833900 0.674500
vt 0.829500 0.667500
vt 0.832200 0.667200
vt 0.835700 0.666900
vt 0.836800 0.674500
vt 0.823400 0.650400
vt 0.821800 0.649300
vt 0.827300 0.645800
vt 0.828300 0.647000
vt 0.819900 0.647600
vt 0.826000 0.644000
vt 0.831700 0.641900
vt 0.832500 0.643600
vt 0.833000 0.644900
vt 0.830800 0.658400
vt 0.834600 0.657100
vt 0.827800 0.659400
vt 0.826500 0.652800
vt 0.829700 0.650900
vt 0.833800 0.648900
vt 0.739200 0.611500
vt 0.742700 0.608600
vt 0.744900 0.613300
vt 0.743100 0.615100
vt 0.748400 0.609600
vt 0.746800 0.619800
vt 0.744900 0.620900
vt 0.755400 0.602000
vt 0.764200 0.592400
vt 0.772700 0.582600
vt 0.780400 0.574200
vt 0.782700 0.577300
vt 0.775500 0.585300
vt 0.791500 0.557900
vt 0.797600 0.554300
vt 0.800800 0.558100
vt 0.795300 0.561000
vt 0.806000 0.550200
vt 0.808700 0.554700
vt 0.810300 0.559300
vt 0.803000 0.562400
vt 0.798000 0.565100
vt 0.842900 0.552600
vt 0.836100 0.552700
vt 0.835400 0.546900
vt 0.842900 0.546700
vt 0.828600 0.553600
vt 0.827400 0.548200
vt 0.401800 0.669000
vt 0.393300 0.670800
vt 0.393300 0.669000
vt 0.400700 0.666800
vt 0.412500 0.664600
vt 0.407100 0.666800
vt 0.406500 0.664600
vt 0.410800 0.663200
vt 0.414800 0.666000
vt 0.413600 0.665300
vt 0.413600 0.663500
vt 0.415500 0.664600
vt 0.735000 0.607300
vt 0.726900 0.612200
vt 0.723600 0.608800
vt 0.729600 0.615700
vt 0.720800 0.621400
vt 0.718100 0.618600
vt 0.714600 0.616100
vt 0.697200 0.653700
vt 0.698000 0.656900
vt 0.694700 0.656500
vt 0.694200 0.653800
vt 0.699000 0.659400
vt 0.695400 0.659000
vt 0.692300 0.657100
vt 0.692000 0.655800
vt 0.691800 0.654500
vt 0.702600 0.656900
vt 0.704500 0.659800
vt 0.701300 0.653000
vt 0.704800 0.651100
vt 0.707100 0.654200
vt 0.710000 0.657500
vt 0.842600 0.746700
vt 0.841600 0.746700
vt 0.842600 0.749700
vt 0.841600 0.749700
vt 0.839300 0.749400
vt 0.839300 0.746300
vt 0.827500 0.747500
vt 0.820600 0.746000
vt 0.820100 0.742500
vt 0.827200 0.744000
vt 0.812000 0.742200
vt 0.811600 0.738900
vt 0.800800 0.731300
vt 0.800700 0.728800
vt 0.800500 0.734200
vt 0.789600 0.724900
vt 0.790500 0.722300
vt 0.790300 0.718500
vt 0.781400 0.673600
vt 0.776900 0.681500
vt 0.786900 0.664800
vt 0.789100 0.667100
vt 0.784100 0.676100
vt 0.779800 0.685400
vt 0.795400 0.657800
vt 0.795900 0.661000
vt 0.790300 0.669800
vt 0.796600 0.664400
vt 0.791400 0.672700
vt 0.797300 0.645500
vt 0.792400 0.651700
vt 0.792800 0.644000
vt 0.799200 0.638800
vt 0.793400 0.634200
vt 0.799700 0.629800
vt 0.793100 0.624100
vt 0.799200 0.619400
vt 0.791600 0.615400
vt 0.798200 0.607500
vt 0.791300 0.604000
vt 0.795100 0.595800
vt 0.801100 0.595900
vt 0.797500 0.588000
vt 0.802700 0.587100
vt 0.782700 0.704100
vt 0.782400 0.701200
vt 0.784900 0.703500
vt 0.784700 0.706700
vt 0.782700 0.697200
vt 0.785300 0.699600
vt 0.787800 0.702300
vt 0.787300 0.706500
vt 0.786700 0.708700
vt 0.778800 0.696200
vt 0.778700 0.700400
vt 0.777600 0.701000
vt 0.777300 0.698500
vt 0.779200 0.705500
vt 0.777100 0.703800
vt 0.776000 0.701900
vt 0.842500 0.724000
vt 0.841500 0.723900
vt 0.842500 0.727300
vt 0.841600 0.727200
vt 0.839400 0.726600
vt 0.839300 0.723300
vt 0.828400 0.720400
vt 0.821600 0.717600
vt 0.828200 0.723500
vt 0.820900 0.720600
vt 0.813300 0.716700
vt 0.814200 0.713800
vt 0.799300 0.680900
vt 0.798100 0.679500
vt 0.803100 0.671300
vt 0.804700 0.672200
vt 0.796200 0.677900
vt 0.801000 0.669700
vt 0.806800 0.661200
vt 0.809100 0.662700
vt 0.810900 0.663800
vt 0.823100 0.621800
vt 0.823200 0.613100
vt 0.822900 0.602300
vt 0.823100 0.589200
vt 0.823300 0.577600
vt 0.822800 0.570900
vt 0.821800 0.566500
vt 0.819400 0.556100
vt 0.818000 0.551000
vt 0.795800 0.583100
vt 0.792700 0.579500
vt 0.797700 0.577100
vt 0.800800 0.581400
vt 0.793800 0.568800
vt 0.789100 0.572100
vt 0.786600 0.568700
vt 0.790800 0.565300
vt 0.783200 0.565900
vt 0.786900 0.562700
vt 0.724400 0.655400
vt 0.719900 0.662200
vt 0.716900 0.655400
vt 0.720800 0.647100
vt 0.712700 0.662300
vt 0.713700 0.649900
vt 0.717200 0.640800
vt 0.722800 0.669300
vt 0.728300 0.664800
vt 0.732100 0.674700
vt 0.725600 0.676900
vt 0.765500 0.653300
vt 0.761600 0.656700
vt 0.758800 0.648500
vt 0.762800 0.645000
vt 0.735400 0.684800
vt 0.728500 0.684900
vt 0.738100 0.695500
vt 0.729900 0.691900
vt 0.724500 0.689200
vt 0.722000 0.684600
vt 0.755800 0.710400
vt 0.761200 0.717700
vt 0.750900 0.703100
vt 0.756600 0.701500
vt 0.760800 0.708800
vt 0.765000 0.714900
vt 0.778200 0.711700
vt 0.777200 0.714000
vt 0.775100 0.711400
vt 0.775800 0.708900
vt 0.776200 0.716900
vt 0.774300 0.714600
vt 0.773100 0.713000
vt 0.773700 0.709500
vt 0.774300 0.706700
vt 0.741900 0.700700
vt 0.747300 0.696600
vt 0.744400 0.689800
vt 0.749400 0.684800
vt 0.752800 0.693200
vt 0.743300 0.668700
vt 0.738100 0.672200
vt 0.734200 0.661300
vt 0.739600 0.657900
vt 0.730000 0.650500
vt 0.735600 0.646600
vt 0.726100 0.641100
vt 0.731500 0.636600
vt 0.722100 0.633900
vt 0.727600 0.628800
vt 0.705200 0.629700
vt 0.709900 0.622900
vt 0.711700 0.625200
vt 0.706300 0.631000
vt 0.714200 0.627600
vt 0.708000 0.635000
vt 0.765900 0.691600
vt 0.764200 0.693800
vt 0.761400 0.684400
vt 0.763200 0.681400
vt 0.762100 0.696500
vt 0.759200 0.687900
vt 0.756400 0.677900
vt 0.758700 0.673700
vt 0.760500 0.669900
vt 0.799400 0.692700
vt 0.797700 0.696900
vt 0.796100 0.694600
vt 0.797700 0.689600
vt 0.783500 0.692300
vt 0.786200 0.694500
vt 0.785000 0.686500
vt 0.787800 0.688700
vt 0.790500 0.690900
vt 0.788900 0.696900
vt 0.794900 0.686100
vt 0.792900 0.684800
vt 0.796200 0.687000
vt 0.794300 0.692900
vt 0.792800 0.692100
vt 0.732100 0.705200
vt 0.725500 0.699300
vt 0.728200 0.696500
vt 0.734600 0.701600
vt 0.721700 0.691000
vt 0.842800 0.778200
vt 0.841600 0.778200
vt 0.841500 0.777900
vt 0.842800 0.777900
vt 0.840300 0.778200
vt 0.839000 0.777700
vt 0.826000 0.775200
vt 0.815400 0.771100
vt 0.827100 0.776700
vt 0.815300 0.771500
vt 0.803400 0.766300
vt 0.803500 0.764900
vt 0.791300 0.757100
vt 0.791500 0.756700
vt 0.779200 0.747800
vt 0.781900 0.749400
vt 0.775100 0.744900
vt 0.772900 0.743900
vt 0.773100 0.743300
vt 0.775200 0.744300
vt 0.770800 0.743000
vt 0.768800 0.740500
vt 0.769000 0.739600
vt 0.773100 0.742100
vt 0.748400 0.725800
vt 0.744000 0.721400
vt 0.744300 0.720800
vt 0.750500 0.726400
vt 0.739600 0.716900
vt 0.739900 0.716200
vt 0.730700 0.707000
vt 0.723600 0.700900
vt 0.731000 0.708700
vt 0.722100 0.702000
vt 0.717500 0.686200
vt 0.769600 0.611200
vt 0.772500 0.616700
vt 0.778000 0.587400
vt 0.784500 0.580400
vt 0.805000 0.567000
vt 0.800300 0.569500
vt 0.811900 0.564100
vt 0.829500 0.559400
vt 0.836600 0.558500
vt 0.842800 0.558300
vt 0.820700 0.561400
vt 0.790800 0.575700
vt 0.795700 0.572800
vt 0.793700 0.655500
vt 0.799600 0.646100
vt 0.802400 0.637100
vt 0.804900 0.636500
vt 0.803000 0.627800
vt 0.802500 0.617300
vt 0.802400 0.606300
vt 0.804300 0.595600
vt 0.805500 0.586600
vt 0.803500 0.580400
vt 0.800300 0.575700
vt 0.787600 0.680000
vt 0.785800 0.678100
vt 0.782800 0.685300
vt 0.780300 0.700300
vt 0.780600 0.696000
vt 0.781300 0.704600
vt 0.778900 0.709200
vt 0.776500 0.706400
vt 0.775100 0.704400
vt 0.767200 0.690200
vt 0.764700 0.680000
vt 0.762100 0.668200
vt 0.757800 0.661000
vt 0.759400 0.658900
vt 0.755100 0.653400
vt 0.756700 0.651100
vt 0.749800 0.637900
vt 0.747200 0.629100
vt 0.748900 0.628400
vt 0.751300 0.637100
vt 0.744000 0.639600
vt 0.740500 0.630200
vt 0.744300 0.629300
vt 0.747300 0.638400
vt 0.737900 0.622200
vt 0.741900 0.621600
vt 0.741100 0.616800
vt 0.737600 0.616600
vt 0.790200 0.682500
vt 0.793700 0.675600
vt 0.798600 0.667300
vt 0.804400 0.659000
vt 0.817400 0.645500
vt 0.824000 0.641800
vt 0.822100 0.639300
vt 0.829100 0.636700
vt 0.830500 0.639400
vt 0.799900 0.704100
vt 0.796500 0.701400
vt 0.799100 0.707600
vt 0.795700 0.705600
vt 0.794000 0.705100
vt 0.794900 0.700200
vt 0.806400 0.708800
vt 0.805500 0.711800
vt 0.801000 0.727900
vt 0.793300 0.720000
vt 0.794500 0.720200
vt 0.801800 0.727800
vt 0.798300 0.714200
vt 0.798600 0.710800
vt 0.805200 0.715200
vt 0.805300 0.718900
vt 0.813300 0.720000
vt 0.813700 0.723900
vt 0.821000 0.723700
vt 0.821300 0.727100
vt 0.828200 0.726300
vt 0.828300 0.729300
vt 0.842500 0.729700
vt 0.841600 0.729600
vt 0.842500 0.732400
vt 0.841600 0.732300
vt 0.839400 0.731800
vt 0.839400 0.729100
vt 0.798200 0.717900
vt 0.794300 0.715500
vt 0.794600 0.711700
vt 0.799500 0.721500
vt 0.796500 0.720700
vt 0.792400 0.714500
vt 0.792900 0.710500
vt 0.689900 0.645600
vt 0.692300 0.644000
vt 0.693200 0.648900
vt 0.690900 0.650100
vt 0.695500 0.641500
vt 0.696300 0.647600
vt 0.693500 0.636100
vt 0.699400 0.632900
vt 0.700200 0.635000
vt 0.694900 0.638100
vt 0.700800 0.638800
vt 0.735300 0.712800
vt 0.735700 0.711900
vt 0.736700 0.709800
vt 0.738600 0.705600
vt 0.747100 0.664000
vt 0.750300 0.672900
vt 0.746400 0.677200
vt 0.750100 0.659400
vt 0.753300 0.668600
vt 0.753400 0.681300
vt 0.741400 0.681700
vt 0.841900 0.759300
vt 0.842700 0.759300
vt 0.839600 0.759100
vt 0.839600 0.756400
vt 0.841900 0.756600
vt 0.842600 0.756600
vt 0.827000 0.754600
vt 0.827100 0.757500
vt 0.819200 0.755000
vt 0.819200 0.752000
vt 0.809500 0.749800
vt 0.809800 0.746900
vt 0.796900 0.741000
vt 0.797500 0.738200
vt 0.785300 0.731700
vt 0.786200 0.728800
vt 0.778700 0.725100
vt 0.779600 0.721600
vt 0.775400 0.721100
vt 0.759900 0.699200
vt 0.756500 0.690600
vt 0.842600 0.753200
vt 0.841700 0.753200
vt 0.839400 0.753000
vt 0.827300 0.751200
vt 0.820000 0.749100
vt 0.811000 0.744600
vt 0.799100 0.736200
vt 0.787900 0.726700
vt 0.781100 0.719300
vt 0.782500 0.717200
vt 0.783400 0.714700
vt 0.783900 0.712000
vt 0.750100 0.647300
vt 0.747100 0.649500
vt 0.752400 0.645900
vt 0.752800 0.656000
vt 0.753900 0.644300
vt 0.756000 0.642100
vt 0.760300 0.638600
vt 0.766500 0.632700
vt 0.774600 0.623300
vt 0.782600 0.614500
vt 0.788900 0.610300
vt 0.755800 0.664500
vt 0.798000 0.571100
vt 0.795900 0.566800
vt 0.792800 0.563100
vt 0.788800 0.560300
vt 0.782000 0.561200
vt 0.783500 0.559000
vt 0.776800 0.560500
vt 0.777700 0.558400
vt 0.779100 0.563600
vt 0.774600 0.561800
vt 0.706600 0.663900
vt 0.700600 0.663300
vt 0.696600 0.663700
vt 0.693600 0.664500
vt 0.689100 0.642900
vt 0.691300 0.639500
vt 0.691700 0.641200
vt 0.689500 0.644300
vt 0.950200 0.369500
vt 0.946000 0.360200
vt 0.947700 0.358900
vt 0.950100 0.362300
vt 0.942800 0.352000
vt 0.946400 0.353600
vt 0.950100 0.355100
vt 0.360700 0.713500
vt 0.357900 0.713100
vt 0.358200 0.712200
vt 0.360500 0.712600
vt 0.355000 0.712700
vt 0.356000 0.711900
vt 0.356700 0.710300
vt 0.358500 0.710600
vt 0.360400 0.711700
vt 0.359000 0.707800
vt 0.360300 0.707900
vt 0.357600 0.707600
vt 0.358300 0.704900
vt 0.359400 0.704900
vt 0.360200 0.704100
vt 0.358600 0.703200
vt 0.359700 0.703100
vt 0.359300 0.701900
vt 0.360800 0.701500
vt 0.360500 0.702800
vt 0.791100 0.698500
vt 0.792700 0.699500
vt 0.791500 0.706800
vt 0.789800 0.704700
vt 0.790400 0.712500
vt 0.789100 0.709800
vt 0.787700 0.712000
vt 0.784400 0.709400
vt 0.809200 0.634100
vt 0.814800 0.631100
vt 0.821600 0.628600
vt 0.828800 0.626700
vt 0.827600 0.631100
vt 0.820300 0.633600
vt 0.835700 0.625500
vt 0.842500 0.625100
vt 0.842500 0.628400
vt 0.835000 0.629200
vt 0.820600 0.636900
vt 0.827900 0.634200
vt 0.791300 0.713800
vt 0.791900 0.709600
vt 0.793800 0.699800
vt 0.792800 0.705100
vt 0.795200 0.693500
vt 0.796900 0.688000
vt 0.798600 0.683900
vt 0.801500 0.678900
vt 0.800200 0.682000
vt 0.803600 0.679100
vt 0.802400 0.681900
vt 0.828900 0.648000
vt 0.825700 0.650000
vt 0.833300 0.645700
vt 0.804900 0.726400
vt 0.803400 0.727600
vt 0.813400 0.732100
vt 0.812400 0.733900
vt 0.821400 0.735000
vt 0.820600 0.737000
vt 0.828600 0.736500
vt 0.828000 0.738500
vt 0.842500 0.740200
vt 0.842500 0.741900
vt 0.841600 0.741800
vt 0.841600 0.740000
vt 0.839300 0.741200
vt 0.839400 0.739300
vt 0.842500 0.736500
vt 0.841600 0.736300
vt 0.839400 0.735700
vt 0.828600 0.733000
vt 0.821500 0.731300
vt 0.813800 0.728300
vt 0.805400 0.723000
vt 0.792500 0.707600
vt 0.793400 0.707900
vt 0.795000 0.708700
vt 0.812000 0.664600
vt 0.805900 0.672400
vt 0.813400 0.666700
vt 0.807800 0.673500
vt 0.811300 0.676700
vt 0.807500 0.681100
vt 0.816100 0.671300
vt 0.820000 0.677100
vt 0.816000 0.681100
vt 0.824700 0.682500
vt 0.821500 0.685800
vt 0.829400 0.687300
vt 0.826900 0.690100
vt 0.833200 0.691400
vt 0.831300 0.693800
vt 0.836200 0.694400
vt 0.834900 0.696500
vt 0.842400 0.697200
vt 0.842400 0.699600
vt 0.841500 0.699400
vt 0.841500 0.697000
vt 0.842500 0.701700
vt 0.841500 0.701600
vt 0.839900 0.701100
vt 0.840100 0.698900
vt 0.840300 0.696500
vt 0.810800 0.651500
vt 0.813300 0.653600
vt 0.815500 0.655200
vt 0.817200 0.656400
vt 0.818000 0.657600
vt 0.822600 0.652600
vt 0.823300 0.655400
vt 0.819000 0.660200
vt 0.820900 0.665800
vt 0.824700 0.661600
vt 0.826700 0.668900
vt 0.823800 0.672500
vt 0.827400 0.678500
vt 0.829400 0.675400
vt 0.832400 0.681000
vt 0.831200 0.683800
vt 0.834500 0.688500
vt 0.835400 0.686000
vt 0.837900 0.689600
vt 0.837200 0.691800
vt 0.842400 0.691900
vt 0.842400 0.694300
vt 0.841600 0.694200
vt 0.841700 0.691800
vt 0.840600 0.693800
vt 0.840900 0.691500
vt 0.842500 0.703700
vt 0.841500 0.703600
vt 0.839900 0.703000
vt 0.830400 0.704600
vt 0.825200 0.701800
vt 0.819500 0.698400
vt 0.813100 0.694500
vt 0.805900 0.683500
vt 0.835200 0.632100
vt 0.842500 0.631200
vt 0.842500 0.633900
vt 0.835900 0.634700
vt 0.836600 0.637600
vt 0.842500 0.636900
vt 0.842500 0.639600
vt 0.837200 0.640300
vt 0.837500 0.642000
vt 0.842500 0.641300
vt 0.842500 0.642300
vt 0.837700 0.643100
vt 0.837900 0.643900
vt 0.842500 0.643000
vt 0.842500 0.646500
vt 0.838100 0.647200
vt 0.838500 0.656000
vt 0.842500 0.655600
vt 0.842400 0.666000
vt 0.839100 0.666300
vt 0.839600 0.674100
vt 0.842400 0.673700
vt 0.842400 0.679200
vt 0.840200 0.679600
vt 0.840700 0.683100
vt 0.842400 0.682800
vt 0.842400 0.685200
vt 0.841100 0.685200
vt 0.842400 0.686700
vt 0.841500 0.686700
vt 0.842400 0.687800
vt 0.841800 0.687800
vt 0.841300 0.687800
vt 0.840800 0.687100
vt 0.842400 0.689900
vt 0.842400 0.690700
vt 0.841900 0.690600
vt 0.841900 0.689800
vt 0.841100 0.690300
vt 0.841200 0.689600
vt 0.838300 0.688500
vt 0.835900 0.685000
vt 0.833200 0.680000
vt 0.830500 0.674300
vt 0.828100 0.667600
vt 0.826400 0.660000
vt 0.825100 0.653600
vt 0.824500 0.651000
vt 0.743800 0.653500
vt 0.740200 0.642600
vt 0.736300 0.632700
vt 0.733000 0.624700
vt 0.724000 0.624300
vt 0.731200 0.619500
vt 0.739600 0.605700
vt 0.769100 0.737600
vt 0.772800 0.740000
vt 0.769500 0.734300
vt 0.772600 0.736400
vt 0.770500 0.729000
vt 0.772800 0.730800
vt 0.771500 0.723000
vt 0.773200 0.724600
vt 0.772400 0.717600
vt 0.773700 0.719100
vt 0.759600 0.734400
vt 0.759900 0.734000
vt 0.760600 0.733000
vt 0.762000 0.731100
vt 0.763900 0.728100
vt 0.766400 0.724300
vt 0.768700 0.719700
vt 0.767300 0.710600
vt 0.770200 0.714700
vt 0.768800 0.706100
vt 0.771300 0.709900
vt 0.777300 0.745800
vt 0.777100 0.746300
vt 0.763700 0.705700
vt 0.765500 0.702100
vt 0.767200 0.699100
vt 0.768600 0.696700
vt 0.771000 0.699700
vt 0.770100 0.702500
vt 0.769600 0.695100
vt 0.771000 0.692700
vt 0.773100 0.695300
vt 0.771800 0.697800
vt 0.773500 0.688000
vt 0.775700 0.691100
vt 0.772100 0.706200
vt 0.772800 0.703400
vt 0.773600 0.701200
vt 0.774700 0.698700
vt 0.779100 0.691700
vt 0.776800 0.694900
vt 0.781200 0.691100
vt 0.833800 0.777100
vt 0.833700 0.777500
vt 0.834100 0.775900
vt 0.834700 0.773100
vt 0.835200 0.769300
vt 0.835000 0.765300
vt 0.834600 0.761600
vt 0.834300 0.758700
vt 0.834200 0.755900
vt 0.834200 0.752400
vt 0.834200 0.748700
vt 0.834000 0.745300
vt 0.833900 0.742800
vt 0.833900 0.741700
vt 0.834100 0.741000
vt 0.834500 0.740000
vt 0.834900 0.738000
vt 0.834800 0.734500
vt 0.834600 0.730800
vt 0.834600 0.728000
vt 0.834700 0.725400
vt 0.834600 0.722200
vt 0.834600 0.718500
vt 0.834700 0.714400
vt 0.834900 0.710300
vt 0.835500 0.706800
vt 0.836200 0.703900
vt 0.836700 0.701800
vt 0.837200 0.700000
vt 0.837800 0.698100
vt 0.838600 0.695900
vt 0.839200 0.693300
vt 0.839700 0.691200
vt 0.840000 0.690000
vt 0.840200 0.689200
vt 0.840400 0.688100
vt 0.841300 0.688600
vt 0.842400 0.688900
vt 0.841900 0.688900
vt 0.713200 0.637100
vt 0.717900 0.630000
vt 0.710100 0.646400
vt 0.705900 0.645000
vt 0.700900 0.645800
vt 0.358500 0.702200
vt 0.463273 0.901758
vt 0.464498 0.902431
vt 0.464498 0.902431
vt 0.463273 0.901758
vt 0.465723 0.903104
vt 0.463273 0.901758
vt 0.468752 0.902895
vt 0.467238 0.903000
vt 0.467238 0.903000
vt 0.468752 0.902895
vt 0.467238 0.903000
vt 0.468752 0.902895
vt 0.484214 0.899830
vt 0.485277 0.899423
vt 0.485277 0.899423
vt 0.484214 0.899830
vt 0.486339 0.899017
vt 0.484214 0.899830
vt 0.478902 0.901861
vt 0.479965 0.901455
vt 0.479965 0.901455
vt 0.479965 0.901454
vt 0.478902 0.901861
vt 0.481027 0.901048
vt 0.481027 0.901048
vt 0.482089 0.900642
vt 0.482090 0.900642
vt 0.482089 0.900642
vt 0.481027 0.901048
vt 0.483152 0.900236
vt 0.483152 0.900236
vt 0.483152 0.900236
vt 0.477840 0.902267
vt 0.478902 0.901861
vt 0.477840 0.902267
vt 0.479965 0.901455
vt 0.477840 0.902267
vt 0.481027 0.901048
vt 0.482090 0.900642
vt 0.481027 0.901048
vt 0.482090 0.900642
vt 0.482089 0.900642
vt 0.484214 0.899830
vt 0.483152 0.900236
vt 0.484214 0.899830
vt 0.483152 0.900236
vt 0.484214 0.899830
vt 0.485277 0.899423
vt 0.485277 0.899423
vt 0.485277 0.899423
vt 0.476325 0.902372
vt 0.476325 0.902372
vt 0.474811 0.902476
vt 0.474811 0.902476
vt 0.474811 0.902476
vt 0.476325 0.902372
vt 0.473296 0.902581
vt 0.471782 0.902686
vt 0.471782 0.902686
vt 0.473296 0.902581
vt 0.470267 0.902790
vt 0.470267 0.902790
vt 0.470267 0.902790
vt 0.476325 0.902372
vt 0.474811 0.902476
vt 0.474811 0.902476
vt 0.476325 0.902372
vt 0.474811 0.902476
vt 0.473296 0.902581
vt 0.473296 0.902581
vt 0.471782 0.902685
vt 0.471782 0.902686
vt 0.473296 0.902581
vt 0.471781 0.902685
vt 0.473296 0.902581
vt 0.471781 0.902686
vt 0.470267 0.902790
vt 0.468752 0.902895
vt 0.468752 0.902895
vt 0.470267 0.902790
vt 0.468752 0.902895
vt 0.467238 0.902999
vt 0.467238 0.902999
vt 0.457149 0.898393
vt 0.457149 0.898393
vt 0.455924 0.897720
vt 0.458374 0.899066
vt 0.458374 0.899066
vt 0.458374 0.899066
vt 0.457149 0.898393
vt 0.455924 0.897720
vt 0.459599 0.899739
vt 0.459599 0.899739
vt 0.460823 0.900412
vt 0.460824 0.900412
vt 0.460824 0.900412
vt 0.459599 0.899739
vt 0.462048 0.901085
vt 0.462048 0.901085
vt 0.462048 0.901085
vt 0.458374 0.899066
vt 0.457149 0.898393
vt 0.458374 0.899066
vt 0.457149 0.898393
vt 0.457149 0.898393
vt 0.458374 0.899066
vt 0.459599 0.899739
vt 0.460824 0.900412
vt 0.460824 0.900412
vt 0.460823 0.900412
vt 0.459599 0.899739
vt 0.463273 0.901758
vt 0.463273 0.901758
vt 0.463273 0.901758
vt 0.462048 0.901085
vt 0.489063 0.835492
vt 0.485653 0.836854
vt 0.514347 0.836854
vt 0.510937 0.835492
vt 0.490216 0.840536
vt 0.485873 0.838888
vt 0.494992 0.841472
vt 0.497862 0.834060
vt 0.502138 0.834060
vt 0.506530 0.834358
vt 0.493470 0.834358
vt 0.498360 0.841114
vt 0.501640 0.841114
vt 0.505008 0.841472
vt 0.509784 0.840536
vt 0.514127 0.838888
vt 0.840180 0.726920
vt 0.821400 0.720240
vt 0.840720 0.722680
vt 0.821900 0.715660
vt 0.530160 0.736360
vt 0.528720 0.732720
vt 0.906540 0.733020
vt 0.527280 0.729080
vt 0.907560 0.729580
vt 0.805100 0.699600
vt 0.788900 0.694600
vt 0.788520 0.699580
vt 0.804660 0.704440
vt 0.788140 0.704560
vt 0.804220 0.709280
vt 0.787760 0.709540
vt 0.803780 0.714120
vt 0.893500 0.724600
vt 0.876900 0.724200
vt 0.876220 0.727860
vt 0.892700 0.728120
vt 0.875540 0.731520
vt 0.891900 0.731640
vt 0.874860 0.735180
vt 0.891100 0.735160
vt 0.740940 0.712140
vt 0.724760 0.713440
vt 0.741180 0.707180
vt 0.725020 0.708680
vt 0.741420 0.702220
vt 0.725280 0.703920
vt 0.756580 0.711320
vt 0.756860 0.706240
vt 0.757140 0.701160
vt 0.859900 0.720600
vt 0.859340 0.724500
vt 0.858780 0.728400
vt 0.858220 0.732300
vt 0.772280 0.706840
vt 0.772620 0.701760
vt 0.821400 0.720240
vt 0.840180 0.726920
vt 0.821900 0.715660
vt 0.907560 0.729580
vt 0.804660 0.704440
vt 0.788520 0.699580
vt 0.804220 0.709280
vt 0.788140 0.704560
vt 0.803780 0.714120
vt 0.787760 0.709540
vt 0.891900 0.731640
vt 0.875540 0.731520
vt 0.891100 0.735160
vt 0.740940 0.712140
vt 0.741180 0.707180
vt 0.741420 0.702220
vt 0.756580 0.711320
vt 0.756860 0.706240
vt 0.757140 0.701160
vt 0.859340 0.724500
vt 0.858780 0.728400
vt 0.858220 0.732300
vt 0.772280 0.706840
s 1
usemtl Ropa
f 3/1/1 4/2/2 1/3/3 2/4/4
f 139/5/5 134/6/6 15/7/7 14/8/8
f 24/9/9 23/10/10 10/11/11 9/12/12
f 6/13/13 5/14/14 27/15/15 29/16/16
f 153/17/17 10/11/11 11/18/18 12/19/19
f 234/20/20 233/21/21 231/22/22 230/23/23
f 7/24/24 8/25/25 5/14/14 6/13/13
f 246/26/26 243/27/27 168/28/28 169/29/29
f 123/30/30 126/31/31 13/32/32 16/33/33
f 159/34/34 160/35/35 12/19/19 8/25/25
f 5/14/14 11/18/18 25/36/36 27/15/15
f 15/7/7 16/33/33 13/32/32 14/8/8
f 19/37/37 18/38/38 57/39/39 86/40/40
f 204/41/41 151/42/42 84/43/43 85/44/44
f 18/38/38 17/45/45 83/46/46 63/47/47
f 23/10/10 22/48/48 26/49/49 25/36/36
f 22/48/48 21/50/50 39/51/51 42/52/52
f 19/37/37 20/53/53 17/45/45 18/38/38
f 28/54/54 27/15/15 25/36/36 26/49/49
f 23/10/10 24/55/9 21/50/50 22/48/48
f 249/56/55 250/57/56 226/58/57 221/59/58
f 89/60/59 30/61/60 28/54/54 90/62/61
f 169/29/29 168/28/28 159/34/34 161/63/62
f 225/64/63 88/65/64 37/66/65 36/67/66
f 41/68/67 158/69/68 35/70/69 38/71/70
f 157/72/71 42/52/52 41/68/67 38/71/70
f 58/73/72 50/74/73 43/75/74 46/76/75
f 37/66/65 38/71/70 35/70/69 36/67/66
f 58/73/72 46/76/75 57/39/39 18/38/38
f 39/51/51 40/77/76 41/68/67 42/52/52
f 61/78/77 64/79/78 52/80/79 51/81/80
f 232/82/81 230/23/23 47/83/82 48/84/83
f 45/85/84 46/76/75 43/75/74 44/86/85
f 214/87/86 213/88/87 218/89/88 248/90/89
f 5849/91/90 5830/92/91 53/93/92 55/94/93
f 244/95/94 165/96/95 164/97/96 242/98/97
f 51/81/80 50/74/73 58/73/72 59/99/98
f 92/100/99 68/101/100 67/102/101 75/103/102
f 18/38/38 63/47/47 59/99/98 58/73/72
f 51/81/80 52/80/79 49/104/103 50/74/73
f 237/105/104 234/20/20 230/23/23 232/82/81
f 86/40/40 57/39/39 56/106/105 197/107/106
f 91/108/107 92/100/99 75/103/102 80/109/108
f 65/110/109 66/111/110 64/79/78 61/78/77
f 55/94/93 47/83/82 230/23/23 231/22/22
f 99/112/111 102/113/112 64/79/78 66/111/113
f 60/114/114 61/78/77 51/81/80 59/99/98
f 63/47/47 62/115/115 60/114/114 59/99/98
f 83/46/46 77/116/116 62/115/115 63/47/47
f 67/102/101 68/101/100 66/111/110 65/110/109
f 102/113/112 224/117/117 52/80/79 64/79/78
f 60/114/114 62/115/115 70/118/118 69/119/119
f 188/120/120 189/121/121 187/122/122 186/123/123
f 69/119/119 72/124/124 67/102/101 65/110/109
f 105/125/125 96/126/126 107/127/127 108/128/128
f 105/125/125 103/129/129 93/130/130 96/126/126
f 99/112/111 66/111/113 68/101/131 98/131/132
f 76/132/133 73/133/134 71/134/135 70/118/118
f 75/103/102 67/102/101 72/124/124 74/135/136
f 103/129/129 100/136/137 97/137/138 93/130/130
f 82/138/139 78/139/140 73/133/134 76/132/133
f 114/140/141 95/141/142 91/108/107 125/142/143
f 78/139/140 79/143/144 74/135/136 73/133/134
f 79/143/144 80/109/108 75/103/102 74/135/136
f 71/134/135 72/124/124 69/119/119 70/118/118
f 83/46/46 17/45/45 85/44/44 84/43/43
f 76/132/133 70/118/118 62/115/115 77/116/116
f 81/144/145 82/138/139 76/132/133 77/116/116
f 192/145/146 185/146/147 146/147/148 145/148/149
f 84/43/43 81/144/145 77/116/116 83/46/46
f 150/149/150 137/150/151 82/138/139 81/144/145
f 137/150/151 135/151/152 78/139/140 82/138/139
f 73/133/134 74/135/136 72/124/124 71/134/135
f 122/152/153 125/142/143 91/108/107 80/109/108
f 114/140/141 107/127/127 96/126/126 95/141/142
f 197/107/106 248/90/89 87/153/154 86/40/40
f 19/37/37 86/40/40 87/153/154 40/77/76
f 101/154/155 102/113/112 99/112/111 100/136/137
f 89/60/59 90/62/61 37/66/65 88/65/64
f 179/155/156 180/156/157 101/154/155 104/157/158
f 98/131/132 68/101/131 92/100/99 94/158/159
f 95/141/142 96/126/126 93/130/130 94/158/159
f 109/159/160 106/160/161 105/125/125 108/128/128
f 98/131/132 97/137/138 100/136/137 99/112/111
f 103/129/129 104/157/158 101/154/155 100/136/137
f 113/161/162 112/162/163 124/163/164 119/164/165
f 114/140/141 112/162/163 110/165/166 107/127/127
f 174/166/167 179/155/156 104/157/158 106/160/161
f 116/167/168 109/159/160 108/128/128 111/168/169
f 105/125/125 106/160/161 104/157/158 103/129/129
f 175/169/170 174/166/167 106/160/161 109/159/160
f 16/33/33 119/164/165 124/163/164 123/30/30
f 210/170/171 208/171/172 178/172/173 209/173/174
f 182/174/175 181/175/176 187/122/122 189/121/121
f 115/176/177 113/161/162 119/164/165 120/177/178
f 112/162/163 114/140/141 125/142/143 124/163/164
f 109/159/160 116/167/168 118/178/179 175/169/170
f 117/179/180 118/178/179 116/167/168 115/176/177
f 209/173/174 178/172/173 118/178/179 117/179/180
f 121/180/181 117/179/180 115/176/177 120/177/178
f 184/181/182 209/173/174 117/179/180 121/180/181
f 210/170/171 209/173/174 184/181/182 183/182/183
f 222/183/184 180/156/157 179/155/156 205/184/185
f 147/185/186 121/180/181 134/6/6 144/186/187
f 121/180/181 120/177/178 15/7/7 134/6/6
f 137/150/151 138/187/188 136/188/189 135/151/152
f 166/189/190 133/190/191 132/191/192 172/192/193
f 143/193/194 144/186/187 134/6/6 139/5/5
f 245/194/195 244/95/94 242/98/97 243/27/27
f 177/195/196 176/196/197 174/166/167 175/169/170
f 124/163/164 125/142/143 122/152/153 123/30/30
f 131/197/198 130/198/199 212/199/200 143/193/194
f 129/200/201 128/201/202 148/202/203 141/203/204
f 148/202/203 128/201/202 136/188/189 138/187/188
f 4/204/205 173/205/206 140/206/207 142/207/208
f 202/208/209 200/209/210 130/198/199 133/210/211
f 132/211/212 133/210/211 130/198/199 131/197/198
f 138/212/188 137/150/151 150/149/150 149/213/213
f 160/35/35 171/214/214 153/17/17 12/19/19
f 187/122/122 181/175/176 147/185/186 146/147/148
f 141/215/204 142/207/215 140/206/207 129/200/201
f 212/199/200 145/148/149 144/186/187 143/193/194
f 211/216/216 188/120/120 186/123/123 191/217/217
f 146/147/148 147/185/186 144/186/187 145/148/149
f 151/42/42 152/218/218 149/213/213 150/149/150
f 154/219/219 153/17/17 171/214/214 172/192/193
f 204/41/41 85/44/44 156/220/220 155/221/221
f 20/53/53 39/51/51 21/50/50 156/220/220
f 206/222/222 207/223/223 176/196/197 177/195/196
f 94/158/159 93/130/130 97/137/138 98/131/132
f 30/61/60 29/16/16 27/15/15 28/54/54
f 126/31/31 127/224/224 135/151/152 136/188/189
f 163/225/225 162/226/226 203/227/227 202/228/228
f 166/189/190 163/225/225 202/228/228 133/190/191
f 164/97/96 165/96/95 162/226/229 163/225/230
f 243/27/27 242/98/97 170/229/231 168/28/28
f 160/35/35 170/229/231 167/230/232 171/214/214
f 242/98/97 164/97/96 167/230/232 170/229/231
f 164/97/96 163/225/230 166/189/190 167/230/232
f 174/166/167 176/196/197 205/184/185 179/155/156
f 121/180/181 147/185/186 181/175/176 184/181/182
f 208/171/172 206/222/222 177/195/196 178/172/173
f 193/231/233 190/232/234 185/146/147 192/145/146
f 115/176/177 116/167/168 111/168/169 113/161/162
f 111/168/169 110/165/166 112/162/163 113/161/162
f 183/182/183 184/181/182 181/175/176 182/174/175
f 193/231/233 192/145/146 199/233/235 198/234/236
f 186/123/123 187/122/122 146/147/148 185/146/147
f 214/87/86 248/90/89 197/107/106 195/235/237
f 5845/236/238 5821/237/239 196/238/240 54/239/241
f 197/107/106 56/106/105 196/238/240 195/235/237
f 5817/240/242 214/87/86 195/235/237 5838/241/243
f 249/56/55 221/59/58 217/242/244 219/243/245
f 156/220/220 85/44/44 17/45/45 20/53/53
f 226/58/57 225/64/63 36/67/66 221/59/58
f 36/67/66 35/70/69 217/242/244 221/59/58
f 87/153/154 158/69/68 41/68/67 40/77/76
f 202/208/209 203/227/246 201/244/247 200/209/210
f 130/198/199 200/209/210 199/233/235 212/199/200
f 5846/245/248 5837/246/249 228/247/250 227/248/251
f 200/209/210 201/244/247 198/234/236 199/233/235
f 150/149/150 81/144/145 84/43/43 151/42/42
f 140/206/207 173/205/206 132/211/212 131/197/198
f 128/201/202 13/32/32 126/31/31 136/188/189
f 123/30/30 122/152/153 127/224/224 126/31/31
f 158/69/68 218/89/88 217/242/244 35/70/69
f 135/151/152 127/224/224 79/143/144 78/139/140
f 5817/240/242 5810/249/252 213/88/87 214/87/86
f 213/88/87 219/243/245 217/242/244 218/89/88
f 5837/246/249 5822/250/253 229/251/254 228/247/250
f 5857/252/255 249/56/55 219/243/245 5850/253/256
f 222/183/184 223/254/257 224/117/117 180/156/157
f 190/232/234 191/217/217 186/123/123 185/146/147
f 44/86/85 43/75/74 48/84/83 47/83/82
f 222/183/184 205/184/185 251/255/258 235/256/259
f 132/191/192 173/257/260 154/219/219 172/192/193
f 152/218/218 151/42/42 204/41/41 155/258/221
f 5826/259/261 239/260/262 229/251/254 5822/250/253
f 238/261/263 240/262/264 233/21/21 234/20/20
f 222/183/184 235/256/259 236/263/265 237/105/104
f 42/52/52 157/72/71 26/49/49 22/48/48
f 155/264/221 156/220/220 21/50/50 24/55/9
f 118/178/179 178/172/173 177/195/196 175/169/170
f 212/199/200 199/233/235 192/145/146 145/148/149
f 223/254/257 49/104/103 52/80/79 224/117/117
f 238/261/263 234/20/20 237/105/104 236/263/265
f 143/193/194 139/5/5 140/206/207 131/197/198
f 139/5/5 14/8/8 129/200/201 140/206/207
f 246/26/26 247/265/266 245/194/195 243/27/27
f 153/17/17 154/219/219 3/1/267 10/11/11
f 5850/253/256 219/243/245 213/88/87 5810/249/252
f 110/165/166 111/168/169 108/128/128 107/127/127
f 251/255/258 205/184/185 176/196/197 207/223/268
f 45/85/84 54/239/241 196/238/240 56/106/105
f 28/54/54 26/49/49 157/72/71 90/62/61
f 54/239/241 45/85/84 44/86/85 53/93/92
f 122/152/153 80/109/108 79/143/144 127/224/224
f 5845/236/238 54/239/241 53/93/92 5830/92/91
f 218/89/88 158/69/68 87/153/154 248/90/89
f 14/8/8 13/32/32 128/201/202 129/200/201
f 48/84/83 43/75/74 50/74/73 49/104/103
f 61/78/77 60/114/114 69/119/119 65/110/109
f 5854/266/269 33/267/270 34/268/271 5809/269/272
f 168/28/28 170/229/231 160/35/35 159/34/34
f 92/100/99 91/108/107 95/141/142 94/158/159
f 224/117/117 102/113/112 101/154/155 180/156/157
f 237/105/104 232/82/81 223/254/257 222/183/184
f 44/86/85 47/83/82 55/94/93 53/93/92
f 40/77/76 39/51/51 20/53/53 19/37/37
f 142/207/273 141/215/204 1/3/3 4/204/274
f 5841/270/275 5818/271/276 32/272/277 31/273/278
f 10/11/11 23/10/10 25/36/36 11/18/18
f 9/12/12 10/11/11 3/1/267 2/4/4
f 90/62/61 157/72/71 38/71/70 37/66/65
f 161/63/62 159/34/34 8/25/25 7/24/24
f 154/219/219 173/257/260 4/2/2 3/1/1
f 56/106/105 57/39/39 46/76/75 45/85/84
f 232/82/81 48/84/83 49/104/103 223/254/257
f 119/164/165 16/33/33 15/7/7 120/177/178
f 12/19/19 11/18/18 5/14/14 8/25/25
f 171/214/214 167/230/232 166/189/190 172/192/193
f 254/1/279 253/4/280 252/3/281 255/2/282
f 383/5/283 263/8/284 264/7/285 378/6/286
f 273/9/287 258/12/288 259/11/289 272/10/290
f 6/13/13 29/16/16 276/15/291 256/14/292
f 397/17/293 261/19/294 260/18/295 259/11/289
f 465/20/296 461/23/297 462/22/298 464/21/299
f 7/24/24 6/13/13 256/14/292 257/25/300
f 246/26/26 169/29/29 411/28/301 469/27/302
f 367/30/303 265/33/304 262/32/305 370/31/306
f 403/34/307 257/25/300 261/19/294 404/35/308
f 256/14/292 276/15/291 274/36/309 260/18/295
f 264/7/285 263/8/284 262/32/305 265/33/304
f 268/37/310 332/40/311 303/39/312 267/38/313
f 442/41/314 331/44/315 330/43/316 395/42/317
f 267/38/313 309/47/318 329/46/319 266/45/320
f 272/10/290 274/36/309 275/49/321 271/48/322
f 271/48/322 288/52/323 285/51/324 270/50/325
f 268/37/310 267/38/313 266/45/320 269/53/326
f 277/54/327 275/49/321 274/36/309 276/15/291
f 272/10/290 271/48/322 270/50/325 273/55/287
f 473/56/328 454/59/329 226/58/57 250/57/56
f 89/60/59 334/62/330 277/54/327 30/61/60
f 169/29/29 161/63/62 403/34/307 411/28/301
f 225/64/63 282/67/331 283/66/332 88/65/64
f 287/68/333 284/71/334 281/70/335 402/69/336
f 401/72/337 284/71/334 287/68/333 288/52/323
f 304/73/338 292/76/339 289/75/340 296/74/341
f 283/66/332 282/67/331 281/70/335 284/71/334
f 304/73/338 267/38/313 303/39/312 292/76/339
f 285/51/324 288/52/323 287/68/333 286/77/342
f 307/78/343 297/81/344 298/80/345 310/79/346
f 463/82/347 294/84/348 293/83/349 461/23/297
f 291/85/350 290/86/351 289/75/340 292/76/339
f 447/87/352 472/90/353 451/89/354 446/88/355
f 5893/274/356 301/94/357 299/93/358 5874/275/359
f 470/95/360 468/98/361 407/97/362 408/96/363
f 297/81/344 305/99/364 304/73/338 296/74/341
f 336/100/365 321/103/366 313/102/367 314/101/368
f 267/38/313 304/73/338 305/99/364 309/47/318
f 297/81/344 296/74/341 295/104/369 298/80/345
f 466/105/370 463/82/347 461/23/297 465/20/296
f 332/40/311 435/107/371 302/106/372 303/39/312
f 335/108/373 326/109/374 321/103/366 336/100/365
f 311/110/375 307/78/343 310/79/346 312/111/376
f 301/94/357 462/22/298 461/23/297 293/83/349
f 343/112/377 312/111/378 310/79/346 346/113/379
f 306/114/380 305/99/364 297/81/344 307/78/343
f 309/47/318 305/99/364 306/114/380 308/115/381
f 329/46/319 309/47/318 308/115/381 323/116/382
f 313/102/367 311/110/375 312/111/376 314/101/368
f 346/113/379 310/79/346 298/80/345 457/117/383
f 306/114/380 315/119/384 316/118/385 308/115/381
f 188/120/120 426/123/386 427/122/387 189/121/121
f 315/119/384 311/110/375 313/102/367 318/124/388
f 349/125/389 352/128/390 351/127/391 340/126/392
f 349/125/389 340/126/392 337/130/393 347/129/394
f 343/112/377 342/131/395 314/101/396 312/111/378
f 322/132/397 316/118/385 317/134/398 319/133/399
f 321/103/366 320/135/400 318/124/388 313/102/367
f 347/129/394 337/130/393 341/137/401 344/136/402
f 328/138/403 322/132/397 319/133/399 324/139/404
f 358/140/405 369/142/406 335/108/373 339/141/407
f 324/139/404 319/133/399 320/135/400 325/143/408
f 325/143/408 320/135/400 321/103/366 326/109/374
f 317/134/398 316/118/385 315/119/384 318/124/388
f 329/46/319 330/43/316 331/44/315 266/45/320
f 322/132/397 323/116/382 308/115/381 316/118/385
f 327/144/409 323/116/382 322/132/397 328/138/403
f 430/145/410 389/148/411 390/147/412 425/146/413
f 330/43/316 329/46/319 323/116/382 327/144/409
f 394/149/414 327/144/409 328/138/403 381/150/415
f 381/150/415 328/138/403 324/139/404 379/151/416
f 319/133/399 317/134/398 318/124/388 320/135/400
f 366/152/417 326/109/374 335/108/373 369/142/406
f 358/140/405 339/141/407 340/126/392 351/127/391
f 435/107/371 332/40/311 333/153/418 472/90/353
f 268/37/310 286/77/342 333/153/418 332/40/311
f 345/154/419 344/136/402 343/112/377 346/113/379
f 89/60/59 88/65/64 283/66/332 334/62/330
f 421/155/420 348/157/421 345/154/419 422/156/422
f 342/131/395 338/158/423 336/100/365 314/101/396
f 339/141/407 338/158/423 337/130/393 340/126/392
f 353/159/424 352/128/390 349/125/389 350/160/425
f 342/131/395 343/112/377 344/136/402 341/137/401
f 347/129/394 344/136/402 345/154/419 348/157/421
f 357/161/426 363/164/427 368/163/428 356/162/429
f 358/140/405 351/127/391 354/165/430 356/162/429
f 416/166/431 350/160/425 348/157/421 421/155/420
f 360/167/432 355/168/433 352/128/390 353/159/424
f 349/125/389 347/129/394 348/157/421 350/160/425
f 417/169/434 353/159/424 350/160/425 416/166/431
f 265/33/304 367/30/303 368/163/428 363/164/427
f 210/170/171 444/173/435 420/172/436 208/171/172
f 182/174/175 189/121/121 427/122/387 423/175/437
f 359/176/438 364/177/439 363/164/427 357/161/426
f 356/162/429 368/163/428 369/142/406 358/140/405
f 353/159/424 417/169/434 362/178/440 360/167/432
f 361/179/441 359/176/438 360/167/432 362/178/440
f 444/173/435 361/179/441 362/178/440 420/172/436
f 365/180/442 364/177/439 359/176/438 361/179/441
f 424/181/443 365/180/442 361/179/441 444/173/435
f 210/170/171 183/182/183 424/181/443 444/173/435
f 455/183/444 443/184/445 421/155/420 422/156/422
f 391/185/446 388/186/447 378/6/286 365/180/442
f 365/180/442 378/6/286 264/7/285 364/177/439
f 381/150/415 379/151/416 380/188/448 382/187/449
f 409/189/450 414/192/451 376/191/452 377/190/453
f 387/193/454 383/5/283 378/6/286 388/186/447
f 471/194/455 469/27/302 468/98/361 470/95/360
f 419/195/456 417/169/434 416/166/431 418/196/457
f 368/163/428 367/30/303 366/152/417 369/142/406
f 375/197/458 387/193/454 445/199/459 374/198/460
f 373/200/461 385/203/462 392/202/463 372/201/464
f 392/202/463 382/187/449 380/188/448 372/201/464
f 255/204/465 386/207/466 384/206/467 415/205/468
f 440/208/469 377/210/470 374/198/460 438/209/471
f 376/211/472 375/197/458 374/198/460 377/210/470
f 382/212/449 393/213/473 394/149/414 381/150/415
f 404/35/308 261/19/294 397/17/293 413/214/474
f 427/122/387 390/147/412 391/185/446 423/175/437
f 385/215/462 373/200/461 384/206/467 386/207/475
f 445/199/459 387/193/454 388/186/447 389/148/411
f 211/216/216 429/217/476 426/123/386 188/120/120
f 390/147/412 389/148/411 388/186/447 391/185/446
f 395/42/317 394/149/414 393/213/473 396/218/477
f 398/219/478 414/192/451 413/214/474 397/17/293
f 442/41/314 399/221/479 400/220/480 331/44/315
f 269/53/326 400/220/480 270/50/325 285/51/324
f 206/222/222 419/195/456 418/196/457 207/223/223
f 338/158/423 342/131/395 341/137/401 337/130/393
f 30/61/60 277/54/327 276/15/291 29/16/16
f 370/31/306 380/188/448 379/151/416 371/224/481
f 406/225/482 440/228/483 441/227/484 405/226/485
f 409/189/450 377/190/453 440/228/483 406/225/482
f 407/97/362 406/225/486 405/226/487 408/96/363
f 469/27/302 411/28/301 412/229/488 468/98/361
f 404/35/308 413/214/474 410/230/489 412/229/488
f 468/98/361 412/229/488 410/230/489 407/97/362
f 407/97/362 410/230/489 409/189/450 406/225/486
f 416/166/431 421/155/420 443/184/445 418/196/457
f 365/180/442 424/181/443 423/175/437 391/185/446
f 208/171/172 420/172/436 419/195/456 206/222/222
f 431/231/490 430/145/410 425/146/413 428/232/491
f 359/176/438 357/161/426 355/168/433 360/167/432
f 355/168/433 357/161/426 356/162/429 354/165/430
f 183/182/183 182/174/175 423/175/437 424/181/443
f 431/231/490 436/234/492 437/233/493 430/145/410
f 426/123/386 425/146/413 390/147/412 427/122/387
f 447/87/352 433/235/494 435/107/371 472/90/353
f 5889/276/495 300/239/496 434/238/497 5869/277/498
f 435/107/371 433/235/494 434/238/497 302/106/372
f 5865/278/499 5882/279/500 433/235/494 447/87/352
f 473/56/328 452/243/501 450/242/502 454/59/329
f 400/220/480 269/53/326 266/45/320 331/44/315
f 226/58/57 454/59/329 282/67/331 225/64/63
f 282/67/331 454/59/329 450/242/502 281/70/335
f 333/153/418 286/77/342 287/68/333 402/69/336
f 440/208/469 438/209/471 439/244/503 441/227/504
f 374/198/460 445/199/459 437/233/493 438/209/471
f 5890/280/505 458/248/506 459/247/507 5881/246/508
f 438/209/471 437/233/493 436/234/492 439/244/503
f 394/149/414 395/42/317 330/43/316 327/144/409
f 384/206/467 375/197/458 376/211/472 415/205/468
f 372/201/464 380/188/448 370/31/306 262/32/305
f 367/30/303 370/31/306 371/224/481 366/152/417
f 402/69/336 281/70/335 450/242/502 451/89/354
f 379/151/416 324/139/404 325/143/408 371/224/481
f 5865/278/499 447/87/352 446/88/355 5858/281/509
f 446/88/355 451/89/354 450/242/502 452/243/501
f 5881/246/508 459/247/507 460/251/510 5870/282/511
f 5901/283/512 5894/284/513 452/243/501 473/56/328
f 455/183/444 422/156/422 457/117/383 456/254/514
f 428/232/491 425/146/413 426/123/386 429/217/476
f 290/86/351 293/83/349 294/84/348 289/75/340
f 455/183/444 235/256/259 251/255/258 443/184/445
f 376/191/452 414/192/451 398/219/478 415/257/515
f 396/218/477 399/258/479 442/41/314 395/42/317
f 5826/259/261 5870/282/511 460/251/510 239/260/262
f 238/261/263 465/20/296 464/21/299 240/262/264
f 455/183/444 466/105/370 236/263/265 235/256/259
f 288/52/323 271/48/322 275/49/321 401/72/337
f 399/264/479 273/55/287 270/50/325 400/220/480
f 362/178/440 417/169/434 419/195/456 420/172/436
f 445/199/459 389/148/411 430/145/410 437/233/493
f 456/254/514 457/117/383 298/80/345 295/104/369
f 238/261/263 236/263/265 466/105/370 465/20/296
f 387/193/454 375/197/458 384/206/467 383/5/283
f 383/5/283 384/206/467 373/200/461 263/8/284
f 246/26/26 469/27/302 471/194/455 247/265/266
f 397/17/293 259/11/289 254/1/516 398/219/478
f 5894/284/513 5858/281/509 446/88/355 452/243/501
f 354/165/430 351/127/391 352/128/390 355/168/433
f 251/255/258 207/223/268 418/196/457 443/184/445
f 291/85/350 302/106/372 434/238/497 300/239/496
f 277/54/327 334/62/330 401/72/337 275/49/321
f 300/239/496 299/93/358 290/86/351 291/85/350
f 366/152/417 371/224/481 325/143/408 326/109/374
f 5889/276/495 5874/275/359 299/93/358 300/239/496
f 451/89/354 472/90/353 333/153/418 402/69/336
f 263/8/284 373/200/461 372/201/464 262/32/305
f 294/84/348 295/104/369 296/74/341 289/75/340
f 307/78/343 311/110/375 315/119/384 306/114/380
f 5898/285/517 5809/269/272 34/268/271 280/267/518
f 411/28/301 403/34/307 404/35/308 412/229/488
f 336/100/365 338/158/423 339/141/407 335/108/373
f 457/117/383 422/156/422 345/154/419 346/113/379
f 466/105/370 455/183/444 456/254/514 463/82/347
f 290/86/351 299/93/358 301/94/357 293/83/349
f 286/77/342 268/37/310 269/53/326 285/51/324
f 386/207/519 255/204/520 252/3/281 385/215/462
f 5885/270/521 278/273/522 279/272/523 5866/286/524
f 259/11/289 260/18/295 274/36/309 272/10/290
f 258/12/288 253/4/280 254/1/516 259/11/289
f 334/62/330 283/66/332 284/71/334 401/72/337
f 161/63/62 7/24/24 257/25/300 403/34/307
f 398/219/478 254/1/279 255/2/282 415/257/515
f 302/106/372 291/85/350 292/76/339 303/39/312
f 463/82/347 456/254/514 295/104/369 294/84/348
f 363/164/427 364/177/439 264/7/285 265/33/304
f 261/19/294 257/25/300 256/14/292 260/18/295
f 413/214/474 414/192/451 409/189/450 410/230/489
f 138/212/188 149/213/213 481/213/525 478/212/526
f 148/202/203 138/187/188 478/187/526 480/202/527
f 152/218/218 155/258/221 483/258/528 482/218/529
f 24/9/9 9/12/12 476/12/530 477/9/531
f 155/264/221 24/55/9 477/55/531 483/264/528
f 149/213/213 152/218/218 482/218/529 481/213/525
f 141/203/204 148/202/203 480/202/527 479/203/532
f 9/12/12 2/4/4 475/4/533 476/12/530
f 1/3/3 141/215/204 479/215/532 474/3/534
f 2/4/4 1/3/3 474/3/534 475/4/533
f 478/212/526 481/213/525 491/213/535 488/212/536
f 475/4/533 474/3/534 484/3/537 485/4/538
f 482/218/529 483/258/528 493/258/539 492/218/540
f 474/3/534 479/215/532 489/215/541 484/3/537
f 476/12/530 475/4/533 485/4/538 486/12/542
f 481/213/525 482/218/529 492/218/540 491/213/535
f 477/9/531 476/12/530 486/12/542 487/9/543
f 479/203/532 480/202/527 490/202/544 489/203/541
f 483/264/528 477/55/531 487/55/543 493/264/539
f 480/202/527 478/187/526 488/187/536 490/202/544
f 485/4/538 484/3/537 494/3/545 495/4/546
f 492/218/540 493/258/539 503/258/547 502/218/548
f 484/3/537 489/215/541 499/215/549 494/3/545
f 486/12/542 485/4/538 495/4/546 496/12/550
f 491/213/535 492/218/540 502/218/548 501/213/551
f 487/9/543 486/12/542 496/12/550 497/9/552
f 489/203/541 490/202/544 500/202/553 499/203/549
f 493/264/539 487/55/543 497/55/552 503/264/547
f 490/202/544 488/187/536 498/187/554 500/202/553
f 488/212/536 491/213/535 501/213/551 498/212/554
f 385/215/462 252/3/281 504/3/555 509/215/556
f 273/55/287 399/264/479 513/264/557 507/55/558
f 392/202/463 385/203/462 509/203/556 510/202/559
f 252/3/281 253/4/280 505/4/560 504/3/555
f 393/213/473 382/212/449 508/212/561 511/213/562
f 399/258/479 396/218/477 512/218/563 513/258/557
f 258/12/288 273/9/287 507/9/558 506/12/564
f 396/218/477 393/213/473 511/213/562 512/218/563
f 382/187/449 392/202/463 510/202/559 508/187/561
f 253/4/280 258/12/288 506/12/564 505/4/560
f 509/215/556 504/3/555 514/3/565 519/215/566
f 505/4/560 506/12/564 516/12/567 515/4/568
f 512/218/563 511/213/562 521/213/569 522/218/570
f 506/12/564 507/9/558 517/9/571 516/12/567
f 510/202/559 509/203/556 519/203/566 520/202/572
f 507/55/558 513/264/557 523/264/573 517/55/571
f 508/187/561 510/202/559 520/202/572 518/187/574
f 511/213/562 508/212/561 518/212/574 521/213/569
f 504/3/555 505/4/560 515/4/568 514/3/565
f 513/258/557 512/218/563 522/218/570 523/258/573
f 522/218/570 521/213/569 531/213/575 532/218/576
f 516/12/567 517/9/571 527/9/577 526/12/578
f 520/202/572 519/203/566 529/203/579 530/202/580
f 517/55/571 523/264/573 533/264/581 527/55/577
f 518/187/574 520/202/572 530/202/580 528/187/582
f 521/213/569 518/212/574 528/212/582 531/213/575
f 514/3/565 515/4/568 525/4/583 524/3/584
f 523/258/573 522/218/570 532/218/576 533/258/581
f 519/215/566 514/3/565 524/3/584 529/215/579
f 515/4/568 516/12/567 526/12/578 525/4/583
f 498/212/554 501/213/551 541/213/585 538/212/586
f 495/4/546 494/3/545 534/3/587 535/4/588
f 502/218/548 503/258/547 543/258/589 542/218/590
f 494/3/545 499/215/549 539/215/591 534/3/587
f 496/12/550 495/4/546 535/4/588 536/12/592
f 501/213/551 502/218/548 542/218/590 541/213/585
f 497/9/552 496/12/550 536/12/592 537/9/593
f 499/203/549 500/202/553 540/202/594 539/203/591
f 503/264/547 497/55/552 537/55/593 543/264/589
f 500/202/553 498/187/554 538/187/586 540/202/594
f 541/213/585 542/218/590 552/218/595 551/213/596
f 537/9/593 536/12/592 546/12/597 547/9/598
f 539/203/591 540/202/594 550/202/599 549/203/600
f 543/264/589 537/55/593 547/55/598 553/264/601
f 540/202/594 538/187/586 548/187/602 550/202/599
f 538/212/586 541/213/585 551/213/596 548/212/602
f 535/4/588 534/3/587 544/3/603 545/4/604
f 542/218/590 543/258/589 553/258/601 552/218/595
f 534/3/587 539/215/591 549/215/600 544/3/603
f 536/12/592 535/4/588 545/4/604 546/12/597
f 547/9/598 546/12/597 556/12/605 557/9/606
f 549/203/600 550/202/599 560/202/607 559/203/608
f 553/264/601 547/55/598 557/55/606 563/264/609
f 550/202/599 548/187/602 558/187/610 560/202/607
f 548/212/602 551/213/596 561/213/611 558/212/610
f 545/4/604 544/3/603 554/3/612 555/4/613
f 552/218/595 553/258/601 563/258/609 562/218/614
f 544/3/603 549/215/600 559/215/608 554/3/612
f 546/12/597 545/4/604 555/4/613 556/12/605
f 551/213/596 552/218/595 562/218/614 561/213/611
f 532/218/576 531/213/575 571/213/615 572/218/616
f 526/12/578 527/9/577 567/9/617 566/12/618
f 530/202/580 529/203/579 569/203/619 570/202/620
f 527/55/577 533/264/581 573/264/621 567/55/617
f 528/187/582 530/202/580 570/202/620 568/187/622
f 531/213/575 528/212/582 568/212/622 571/213/615
f 524/3/584 525/4/583 565/4/623 564/3/624
f 533/258/581 532/218/576 572/218/616 573/258/621
f 529/215/579 524/3/584 564/3/624 569/215/619
f 525/4/583 526/12/578 566/12/618 565/4/623
f 571/213/615 568/212/622 578/212/625 581/213/626
f 564/3/624 565/4/623 575/4/627 574/3/628
f 573/258/621 572/218/616 582/218/629 583/258/630
f 569/215/619 564/3/624 574/3/628 579/215/631
f 565/4/623 566/12/618 576/12/632 575/4/627
f 572/218/616 571/213/615 581/213/626 582/218/629
f 566/12/618 567/9/617 577/9/633 576/12/632
f 570/202/620 569/203/619 579/203/631 580/202/634
f 567/55/617 573/264/621 583/264/630 577/55/633
f 568/187/622 570/202/620 580/202/634 578/187/625
f 578/187/625 580/202/634 590/202/635 588/187/636
f 581/213/626 578/212/625 588/212/636 591/213/637
f 574/3/628 575/4/627 585/4/638 584/3/639
f 583/258/630 582/218/629 592/218/640 593/258/641
f 579/215/631 574/3/628 584/3/639 589/215/642
f 575/4/627 576/12/632 586/12/643 585/4/638
f 582/218/629 581/213/626 591/213/637 592/218/640
f 576/12/632 577/9/633 587/9/644 586/12/643
f 580/202/634 579/203/631 589/203/642 590/202/635
f 577/55/633 583/264/630 593/264/641 587/55/644
f 433/235/494 5882/279/500 5869/277/498 434/238/497
f 5882/279/500 5883/3015/5682 5868/3016/5683 5869/277/498
f 5883/3015/5682 5884/3017/5684 5867/3018/5685 5868/3016/5683
f 5884/3017/5684 5885/270/521 5866/286/524 5867/3018/5685
f 473/56/328 250/57/56 5806/3019/5686 5901/283/512
f 5901/283/512 5806/3019/5686 5807/3020/5687 5900/3021/5688
f 5900/3021/5688 5807/3020/5687 5808/3022/5689 5899/3023/5690
f 5899/3023/5690 5808/3022/5689 5809/269/272 5898/285/517
f 432/3024/5691 467/3025/5692 5877/3026/5693 5886/3027/5694
f 5886/3027/5694 5877/3026/5693 5876/3028/5695 5887/3029/5696
f 5887/3029/5696 5876/3028/5695 5875/3030/5697 5888/3031/5698
f 5888/3031/5698 5875/3030/5697 5874/275/359 5889/276/495
f 453/3032/5699 449/3033/5700 5861/3034/5701 5897/3035/5702
f 5897/3035/5702 5861/3034/5701 5860/3036/5703 5896/3037/5704
f 5896/3037/5704 5860/3036/5703 5859/3038/5705 5895/3039/5706
f 5895/3039/5706 5859/3038/5705 5858/281/509 5894/284/513
f 240/262/264 464/21/299 5873/3040/5707 5829/3041/5708
f 5829/3041/5708 5873/3040/5707 5872/3042/5709 5828/3043/5710
f 5828/3043/5710 5872/3042/5709 5871/3044/5711 5827/3045/5712
f 5827/3045/5712 5871/3044/5711 5870/282/511 5826/259/261
f 280/267/518 453/3032/5699 5897/3035/5702 5898/285/517
f 5898/285/517 5897/3035/5702 5896/3037/5704 5899/3023/5690
f 5899/3023/5690 5896/3037/5704 5895/3039/5706 5900/3021/5688
f 5900/3021/5688 5895/3039/5706 5894/284/513 5901/283/512
f 462/22/298 5878/3046/5713 5873/3040/5707 464/21/299
f 5878/3046/5713 5879/3047/5714 5872/3042/5709 5873/3040/5707
f 5879/3047/5714 5880/3048/5715 5871/3044/5711 5872/3042/5709
f 5880/3048/5715 5881/246/508 5870/282/511 5871/3044/5711
f 448/3049/5716 5862/3050/5717 5861/3034/5701 449/3033/5700
f 5862/3050/5717 5863/3051/5718 5860/3036/5703 5861/3034/5701
f 5863/3051/5718 5864/3052/5719 5859/3038/5705 5860/3036/5703
f 5864/3052/5719 5865/278/499 5858/281/509 5859/3038/5705
f 301/94/357 5893/274/356 5878/3046/5713 462/22/298
f 5893/274/356 5892/3053/5720 5879/3047/5714 5878/3046/5713
f 5892/3053/5720 5891/3054/5721 5880/3048/5715 5879/3047/5714
f 5891/3054/5721 5890/280/505 5881/246/508 5880/3048/5715
f 448/3049/5716 278/273/522 5885/270/521 5862/3050/5717
f 5862/3050/5717 5885/270/521 5884/3017/5684 5863/3051/5718
f 5863/3051/5718 5884/3017/5684 5883/3015/5682 5864/3052/5719
f 5864/3052/5719 5883/3015/5682 5882/279/500 5865/278/499
f 432/3024/5691 5886/3027/5694 5866/286/524 279/272/523
f 5886/3027/5694 5887/3029/5696 5867/3018/5685 5866/286/524
f 5887/3029/5696 5888/3031/5698 5868/3016/5683 5867/3018/5685
f 5888/3031/5698 5889/276/495 5869/277/498 5868/3016/5683
f 458/248/506 5890/280/505 5877/3026/5693 467/3025/5692
f 5890/280/505 5891/3054/5721 5876/3028/5695 5877/3026/5693
f 5891/3054/5721 5892/3053/5720 5875/3030/5697 5876/3028/5695
f 5892/3053/5720 5893/274/356 5874/275/359 5875/3030/5697
f 195/235/237 196/238/240 5821/237/239 5838/241/243
f 5838/241/243 5821/237/239 5820/3055/5722 5839/3056/5723
f 5839/3056/5723 5820/3055/5722 5819/3057/5724 5840/3017/5725
f 5840/3017/5725 5819/3057/5724 5818/271/276 5841/270/275
f 249/56/55 5857/252/255 5806/3019/5686 250/57/56
f 5857/252/255 5856/3021/5726 5807/3020/5687 5806/3019/5686
f 5856/3021/5726 5855/3058/5727 5808/3022/5689 5807/3020/5687
f 5855/3058/5727 5854/266/269 5809/269/272 5808/3022/5689
f 194/3024/5728 5842/3059/5729 5833/3060/5730 241/3025/5731
f 5842/3059/5729 5843/3061/5732 5832/3062/5733 5833/3060/5730
f 5843/3061/5732 5844/3063/5734 5831/3064/5735 5832/3062/5733
f 5844/3063/5734 5845/236/238 5830/92/91 5831/3064/5735
f 220/3032/5736 5853/3035/5737 5813/3034/5738 216/3033/5739
f 5853/3035/5737 5852/3065/5740 5812/3066/5741 5813/3034/5738
f 5852/3065/5740 5851/3067/5742 5811/3038/5743 5812/3066/5741
f 5851/3067/5742 5850/253/256 5810/249/252 5811/3038/5743
f 240/262/264 5829/3041/5708 5825/3068/5744 233/21/21
f 5829/3041/5708 5828/3043/5710 5824/3069/5745 5825/3068/5744
f 5828/3043/5710 5827/3045/5712 5823/3070/5746 5824/3069/5745
f 5827/3045/5712 5826/259/261 5822/250/253 5823/3070/5746
f 33/267/270 5854/266/269 5853/3035/5737 220/3032/5736
f 5854/266/269 5855/3058/5727 5852/3065/5740 5853/3035/5737
f 5855/3058/5727 5856/3021/5726 5851/3067/5742 5852/3065/5740
f 5856/3021/5726 5857/252/255 5850/253/256 5851/3067/5742
f 231/22/22 233/21/21 5825/3068/5744 5834/3071/5747
f 5834/3071/5747 5825/3068/5744 5824/3069/5745 5835/3072/5748
f 5835/3072/5748 5824/3069/5745 5823/3070/5746 5836/3073/5749
f 5836/3073/5749 5823/3070/5746 5822/250/253 5837/246/249
f 215/3049/5750 216/3033/5739 5813/3034/5738 5814/3074/5751
f 5814/3074/5751 5813/3034/5738 5812/3066/5741 5815/3075/5752
f 5815/3075/5752 5812/3066/5741 5811/3038/5743 5816/3076/5753
f 5816/3076/5753 5811/3038/5743 5810/249/252 5817/240/242
f 55/94/93 231/22/22 5834/3071/5747 5849/91/90
f 5849/91/90 5834/3071/5747 5835/3072/5748 5848/3077/5754
f 5848/3077/5754 5835/3072/5748 5836/3073/5749 5847/3054/5755
f 5847/3054/5755 5836/3073/5749 5837/246/249 5846/245/248
f 215/3049/5750 5814/3074/5751 5841/270/275 31/273/278
f 5814/3074/5751 5815/3075/5752 5840/3017/5725 5841/270/275
f 5815/3075/5752 5816/3076/5753 5839/3056/5723 5840/3017/5725
f 5816/3076/5753 5817/240/242 5838/241/243 5839/3056/5723
f 194/3024/5728 32/272/277 5818/271/276 5842/3059/5729
f 5842/3059/5729 5818/271/276 5819/3057/5724 5843/3061/5732
f 5843/3061/5732 5819/3057/5724 5820/3055/5722 5844/3063/5734
f 5844/3063/5734 5820/3055/5722 5821/237/239 5845/236/238
f 227/248/251 241/3025/5731 5833/3060/5730 5846/245/248
f 5846/245/248 5833/3060/5730 5832/3062/5733 5847/3054/5755
f 5847/3054/5755 5832/3062/5733 5831/3064/5735 5848/3077/5754
f 5848/3077/5754 5831/3064/5735 5830/92/91 5849/91/90
usemtl Adornos
f 602/287/645 696/287/646 814/287/647 804/287/648
f 696/287/646 599/287/649 701/287/650 814/287/647
f 814/287/647 701/287/650 653/287/651 756/287/652
f 804/287/648 814/287/647 756/287/652 643/287/653
f 601/287/654 691/287/655 815/287/656 803/287/657
f 691/287/655 594/287/658 802/287/659 815/287/656
f 815/287/656 802/287/659 651/287/660 751/287/661
f 803/287/657 815/287/656 751/287/661 650/287/662
f 633/287/663 733/287/664 816/287/665 801/287/666
f 733/287/664 617/287/667 800/287/668 816/287/665
f 816/287/665 800/287/668 671/287/669 793/287/670
f 801/287/666 816/287/665 793/287/670 673/287/671
f 628/287/672 715/287/673 817/287/674 697/287/675
f 715/287/673 627/287/676 799/287/677 817/287/674
f 817/287/674 799/287/677 662/287/678 775/287/679
f 697/287/675 817/287/674 775/287/679 665/287/680
f 632/287/681 729/287/682 818/287/683 795/287/684
f 729/287/682 630/287/685 717/287/686 818/287/683
f 818/287/683 717/287/686 661/287/687 789/287/688
f 795/287/684 818/287/683 789/287/688 672/287/689
f 613/287/690 680/287/691 819/287/692 798/287/693
f 680/287/691 598/287/694 724/287/695 819/287/692
f 819/287/692 724/287/695 636/287/696 740/287/697
f 798/287/693 819/287/692 740/287/697 639/287/698
f 608/287/699 695/287/700 820/287/701 714/287/702
f 695/287/700 609/287/703 797/287/704 820/287/701
f 820/287/701 797/287/704 640/287/705 755/287/706
f 714/287/702 820/287/701 755/287/706 652/287/707
f 626/287/708 732/287/709 821/287/710 796/287/711
f 732/287/709 632/287/681 795/287/684 821/287/710
f 821/287/710 795/287/684 672/287/689 792/287/712
f 796/287/711 821/287/710 792/287/712 670/287/713
f 612/287/714 700/287/715 822/287/716 690/287/717
f 700/287/715 614/287/718 712/287/719 822/287/716
f 822/287/716 712/287/719 654/287/720 760/287/721
f 690/287/717 822/287/716 760/287/721 638/287/722
f 603/287/723 699/287/724 823/287/725 794/287/726
f 699/287/724 604/287/727 675/287/728 823/287/725
f 823/287/725 675/287/728 642/287/729 759/287/730
f 794/287/726 823/287/725 759/287/730 645/287/731
f 596/287/732 689/287/733 824/287/734 677/287/735
f 689/287/733 605/287/736 679/287/737 824/287/734
f 824/287/734 679/287/737 649/287/738 749/287/739
f 677/287/735 824/287/734 749/287/739 648/287/740
f 620/287/741 713/287/742 825/287/743 682/287/744
f 713/287/742 622/287/745 707/287/746 825/287/743
f 825/287/743 707/287/746 664/287/747 773/287/748
f 682/287/744 825/287/743 773/287/748 663/287/749
f 610/287/750 698/287/751 826/287/752 684/287/753
f 698/287/751 611/287/754 686/287/755 826/287/752
f 826/287/752 686/287/755 646/287/756 758/287/757
f 684/287/753 826/287/752 758/287/757 641/287/758
f 607/287/759 678/287/760 827/287/761 688/287/762
f 678/287/760 612/287/714 690/287/717 827/287/761
f 827/287/761 690/287/717 638/287/722 738/287/763
f 688/287/762 827/287/761 738/287/763 635/287/764
f 629/287/765 728/287/766 828/287/767 692/287/768
f 728/287/766 628/287/672 697/287/675 828/287/767
f 828/287/767 697/287/675 665/287/680 788/287/769
f 692/287/768 828/287/767 788/287/769 666/287/770
f 599/287/649 704/287/771 829/287/772 701/287/650
f 704/287/771 615/287/773 705/287/774 829/287/772
f 829/287/772 705/287/774 655/287/775 764/287/776
f 701/287/650 829/287/772 764/287/776 653/287/651
f 622/287/745 727/287/777 830/287/778 707/287/746
f 727/287/777 621/287/779 710/287/780 830/287/778
f 830/287/778 710/287/780 667/287/781 787/287/782
f 707/287/746 830/287/778 787/287/782 664/287/747
f 614/287/718 703/287/783 831/287/784 712/287/719
f 703/287/783 608/287/699 714/287/702 831/287/784
f 831/287/784 714/287/702 652/287/707 763/287/785
f 712/287/719 831/287/784 763/287/785 654/287/720
f 630/287/685 711/287/786 832/287/787 717/287/686
f 711/287/786 625/287/788 720/287/789 832/287/787
f 832/287/787 720/287/789 659/287/790 771/287/791
f 717/287/686 832/287/787 771/287/791 661/287/687
f 598/287/694 676/287/792 833/287/793 724/287/695
f 676/287/792 600/287/794 731/287/795 833/287/793
f 833/287/793 731/287/795 637/287/796 736/287/797
f 724/287/695 833/287/793 736/287/797 636/287/696
f 634/287/798 734/287/799 834/287/800 737/287/801
f 734/287/799 635/287/764 735/287/802 834/287/800
f 834/287/800 735/287/802 636/287/696 736/287/797
f 737/287/801 834/287/800 736/287/797 637/287/796
f 635/287/764 738/287/763 835/287/803 735/287/802
f 738/287/763 638/287/722 739/287/804 835/287/803
f 835/287/803 739/287/804 639/287/698 740/287/697
f 735/287/802 835/287/803 740/287/697 636/287/696
f 640/287/705 741/287/805 836/287/806 744/287/807
f 741/287/805 641/287/758 742/287/808 836/287/806
f 836/287/806 742/287/808 642/287/729 743/287/809
f 744/287/807 836/287/806 743/287/809 643/287/653
f 644/287/810 745/287/811 837/287/812 748/287/813
f 745/287/811 645/287/731 746/287/814 837/287/812
f 837/287/812 746/287/814 646/287/756 747/287/815
f 748/287/813 837/287/812 747/287/815 647/287/816
f 648/287/740 749/287/739 838/287/817 752/287/818
f 749/287/739 649/287/738 750/287/819 838/287/817
f 838/287/817 750/287/819 650/287/662 751/287/661
f 752/287/818 838/287/817 751/287/661 651/287/660
f 649/287/738 753/287/820 839/287/821 750/287/819
f 753/287/820 634/287/798 737/287/801 839/287/821
f 839/287/821 737/287/801 637/287/796 754/287/822
f 750/287/819 839/287/821 754/287/822 650/287/662
f 652/287/707 755/287/706 840/287/823 757/287/824
f 755/287/706 640/287/705 744/287/807 840/287/823
f 840/287/823 744/287/807 643/287/653 756/287/652
f 757/287/824 840/287/823 756/287/652 653/287/651
f 641/287/758 758/287/757 841/287/825 742/287/808
f 758/287/757 646/287/756 746/287/814 841/287/825
f 841/287/825 746/287/814 645/287/731 759/287/730
f 742/287/808 841/287/825 759/287/730 642/287/729
f 639/287/698 739/287/804 842/287/826 762/287/827
f 739/287/804 638/287/722 760/287/721 842/287/826
f 842/287/826 760/287/721 654/287/720 761/287/828
f 762/287/827 842/287/826 761/287/828 655/287/775
f 655/287/775 761/287/828 843/287/829 764/287/776
f 761/287/828 654/287/720 763/287/785 843/287/829
f 843/287/829 763/287/785 652/287/707 757/287/824
f 764/287/776 843/287/829 757/287/824 653/287/651
f 656/287/830 765/287/831 844/287/832 768/287/833
f 765/287/831 657/287/834 766/287/835 844/287/832
f 844/287/832 766/287/835 658/287/836 767/287/837
f 768/287/833 844/287/832 767/287/837 659/287/790
f 659/287/790 767/287/837 845/287/838 771/287/791
f 767/287/837 658/287/836 769/287/839 845/287/838
f 845/287/838 769/287/839 660/287/840 770/287/841
f 771/287/791 845/287/838 770/287/841 661/287/687
f 662/287/678 772/287/842 846/287/843 775/287/679
f 772/287/842 663/287/749 773/287/748 846/287/843
f 846/287/843 773/287/748 664/287/747 774/287/844
f 775/287/679 846/287/843 774/287/844 665/287/680
f 644/287/810 748/287/813 847/287/845 778/287/846
f 748/287/813 647/287/816 776/287/847 847/287/845
f 847/287/845 776/287/847 666/287/770 777/287/848
f 778/287/846 847/287/845 777/287/848 667/287/781
f 648/287/740 752/287/818 848/287/849 781/287/850
f 752/287/818 651/287/660 779/287/851 848/287/849
f 848/287/849 779/287/851 668/287/852 780/287/853
f 781/287/850 848/287/849 780/287/853 669/287/854
f 669/287/854 780/287/853 849/287/855 783/287/856
f 780/287/853 668/287/852 782/287/857 849/287/855
f 849/287/855 782/287/857 657/287/834 765/287/831
f 783/287/856 849/287/855 765/287/831 656/287/830
f 670/287/713 784/287/858 850/287/859 786/287/860
f 784/287/858 671/287/669 785/287/861 850/287/859
f 850/287/859 785/287/861 663/287/749 772/287/842
f 786/287/860 850/287/859 772/287/842 662/287/678
f 665/287/680 774/287/844 851/287/862 788/287/769
f 774/287/844 664/287/747 787/287/782 851/287/862
f 851/287/862 787/287/782 667/287/781 777/287/848
f 788/287/769 851/287/862 777/287/848 666/287/770
f 660/287/840 790/287/863 852/287/864 770/287/841
f 790/287/863 673/287/671 791/287/865 852/287/864
f 852/287/864 791/287/865 672/287/689 789/287/688
f 770/287/841 852/287/864 789/287/688 661/287/687
f 673/287/671 793/287/670 853/287/866 791/287/865
f 793/287/670 671/287/669 784/287/858 853/287/866
f 853/287/866 784/287/858 670/287/713 792/287/712
f 791/287/865 853/287/866 792/287/712 672/287/689
f 609/287/703 681/287/867 854/287/868 797/287/704
f 681/287/867 610/287/750 684/287/753 854/287/868
f 854/287/868 684/287/753 641/287/758 741/287/805
f 797/287/704 854/287/868 741/287/805 640/287/705
f 597/287/869 716/287/870 855/287/871 805/287/872
f 716/287/870 629/287/765 692/287/768 855/287/871
f 855/287/871 692/287/768 666/287/770 776/287/847
f 805/287/872 855/287/871 776/287/847 647/287/816
f 615/287/773 702/287/873 856/287/874 705/287/774
f 702/287/873 613/287/690 798/287/693 856/287/874
f 856/287/874 798/287/693 639/287/698 762/287/827
f 705/287/774 856/287/874 762/287/827 655/287/775
f 594/287/658 719/287/875 857/287/876 802/287/659
f 719/287/875 619/287/877 806/287/878 857/287/876
f 857/287/876 806/287/878 668/287/852 779/287/851
f 802/287/659 857/287/876 779/287/851 651/287/660
f 631/287/879 730/287/880 858/287/881 807/287/882
f 730/287/880 633/287/663 801/287/666 858/287/881
f 858/287/881 801/287/666 673/287/671 790/287/863
f 807/287/882 858/287/881 790/287/863 660/287/840
f 605/287/736 693/287/883 859/287/884 679/287/737
f 693/287/883 606/287/885 808/287/886 859/287/884
f 859/287/884 808/287/886 634/287/798 753/287/820
f 679/287/737 859/287/884 753/287/820 649/287/738
f 617/287/667 725/287/887 860/287/888 800/287/668
f 725/287/887 620/287/741 682/287/744 860/287/888
f 860/287/888 682/287/744 663/287/749 785/287/861
f 800/287/668 860/287/888 785/287/861 671/287/669
f 604/287/727 683/287/889 861/287/890 675/287/728
f 683/287/889 602/287/645 804/287/648 861/287/890
f 861/287/890 804/287/648 643/287/653 743/287/809
f 675/287/728 861/287/890 743/287/809 642/287/729
f 621/287/779 718/287/891 862/287/892 710/287/780
f 718/287/891 595/287/893 809/287/894 862/287/892
f 862/287/892 809/287/894 644/287/810 778/287/846
f 710/287/780 862/287/892 778/287/846 667/287/781
f 600/287/794 694/287/895 863/287/896 731/287/795
f 694/287/895 601/287/654 803/287/657 863/287/896
f 863/287/896 803/287/657 650/287/662 754/287/822
f 731/287/795 863/287/896 754/287/822 637/287/796
f 627/287/676 726/287/897 864/287/898 799/287/677
f 726/287/897 626/287/708 796/287/711 864/287/898
f 864/287/898 796/287/711 670/287/713 786/287/860
f 799/287/677 864/287/898 786/287/860 662/287/678
f 623/287/899 721/287/900 865/287/901 810/287/902
f 721/287/900 596/287/732 677/287/735 865/287/901
f 865/287/901 677/287/735 648/287/740 781/287/850
f 810/287/902 865/287/901 781/287/850 669/287/854
f 618/287/903 706/287/904 866/287/905 812/287/906
f 706/287/904 616/287/907 811/287/908 866/287/905
f 866/287/905 811/287/908 658/287/836 766/287/835
f 812/287/906 866/287/905 766/287/835 657/287/834
f 619/287/877 722/287/909 867/287/910 806/287/878
f 722/287/909 618/287/903 812/287/906 867/287/910
f 867/287/910 812/287/906 657/287/834 782/287/857
f 806/287/878 867/287/910 782/287/857 668/287/852
f 595/287/893 685/287/911 868/287/912 809/287/894
f 685/287/911 603/287/723 794/287/726 868/287/912
f 868/287/912 794/287/726 645/287/731 745/287/811
f 809/287/894 868/287/912 745/287/811 644/287/810
f 624/287/913 723/287/914 869/287/915 813/287/916
f 723/287/914 623/287/899 810/287/902 869/287/915
f 869/287/915 810/287/902 669/287/854 783/287/856
f 813/287/916 869/287/915 783/287/856 656/287/830
f 625/287/788 708/287/917 870/287/918 720/287/789
f 708/287/917 624/287/913 813/287/916 870/287/918
f 870/287/918 813/287/916 656/287/830 768/287/833
f 720/287/789 870/287/918 768/287/833 659/287/790
f 611/287/754 687/287/919 871/287/920 686/287/755
f 687/287/919 597/287/869 805/287/872 871/287/920
f 871/287/920 805/287/872 647/287/816 747/287/815
f 686/287/755 871/287/920 747/287/815 646/287/756
f 606/287/885 674/287/921 872/287/922 808/287/886
f 674/287/921 607/287/759 688/287/762 872/287/922
f 872/287/922 688/287/762 635/287/764 734/287/799
f 808/287/886 872/287/922 734/287/799 634/287/798
f 616/287/907 709/287/923 873/287/924 811/287/908
f 709/287/923 631/287/879 807/287/882 873/287/924
f 873/287/924 807/287/882 660/287/840 769/287/839
f 811/287/908 873/287/924 769/287/839 658/287/836
f 5047/287/5096 5141/287/5097 5259/287/5098 5249/287/5099
f 5141/287/5097 5044/287/5100 5146/287/5101 5259/287/5098
f 5259/287/5098 5146/287/5101 5098/287/5102 5201/287/5103
f 5249/287/5099 5259/287/5098 5201/287/5103 5088/287/5104
f 5046/287/5105 5136/287/5106 5260/287/5107 5248/287/5108
f 5136/287/5106 5039/287/5109 5247/287/5110 5260/287/5107
f 5260/287/5107 5247/287/5110 5096/287/5111 5196/287/5112
f 5248/287/5108 5260/287/5107 5196/287/5112 5095/287/5113
f 5078/287/5114 5178/287/5115 5261/287/5116 5246/287/5117
f 5178/287/5115 5062/287/5118 5245/287/5119 5261/287/5116
f 5261/287/5116 5245/287/5119 5116/287/5120 5238/287/5121
f 5246/287/5117 5261/287/5116 5238/287/5121 5118/287/5122
f 5073/287/5123 5160/287/5124 5262/287/5125 5142/287/5126
f 5160/287/5124 5072/287/5127 5244/287/5128 5262/287/5125
f 5262/287/5125 5244/287/5128 5107/287/5129 5220/287/5130
f 5142/287/5126 5262/287/5125 5220/287/5130 5110/287/5131
f 5077/287/5132 5174/287/5133 5263/287/5134 5240/287/5135
f 5174/287/5133 5075/287/5136 5162/287/5137 5263/287/5134
f 5263/287/5134 5162/287/5137 5106/287/5138 5234/287/5139
f 5240/287/5135 5263/287/5134 5234/287/5139 5117/287/5140
f 5058/287/5141 5125/287/5142 5264/287/5143 5243/287/5144
f 5125/287/5142 5043/287/5145 5169/287/5146 5264/287/5143
f 5264/287/5143 5169/287/5146 5081/287/5147 5185/287/5148
f 5243/287/5144 5264/287/5143 5185/287/5148 5084/287/5149
f 5053/287/5150 5140/287/5151 5265/287/5152 5159/287/5153
f 5140/287/5151 5054/287/5154 5242/287/5155 5265/287/5152
f 5265/287/5152 5242/287/5155 5085/287/5156 5200/287/5157
f 5159/287/5153 5265/287/5152 5200/287/5157 5097/287/5158
f 5071/287/5159 5177/287/5160 5266/287/5161 5241/287/5162
f 5177/287/5160 5077/287/5132 5240/287/5135 5266/287/5161
f 5266/287/5161 5240/287/5135 5117/287/5140 5237/287/5163
f 5241/287/5162 5266/287/5161 5237/287/5163 5115/287/5164
f 5057/287/5165 5145/287/5166 5267/287/5167 5135/287/5168
f 5145/287/5166 5059/287/5169 5157/287/5170 5267/287/5167
f 5267/287/5167 5157/287/5170 5099/287/5171 5205/287/5172
f 5135/287/5168 5267/287/5167 5205/287/5172 5083/287/5173
f 5048/287/5174 5144/287/5175 5268/287/5176 5239/287/5177
f 5144/287/5175 5049/287/5178 5120/287/5179 5268/287/5176
f 5268/287/5176 5120/287/5179 5087/287/5180 5204/287/5181
f 5239/287/5177 5268/287/5176 5204/287/5181 5090/287/5182
f 5041/287/5183 5134/287/5184 5269/287/5185 5122/287/5186
f 5134/287/5184 5050/287/5187 5124/287/5188 5269/287/5185
f 5269/287/5185 5124/287/5188 5094/287/5189 5194/287/5190
f 5122/287/5186 5269/287/5185 5194/287/5190 5093/287/5191
f 5065/287/5192 5158/287/5193 5270/287/5194 5127/287/5195
f 5158/287/5193 5067/287/5196 5152/287/5197 5270/287/5194
f 5270/287/5194 5152/287/5197 5109/287/5198 5218/287/5199
f 5127/287/5195 5270/287/5194 5218/287/5199 5108/287/5200
f 5055/287/5201 5143/287/5202 5271/287/5203 5129/287/5204
f 5143/287/5202 5056/287/5205 5131/287/5206 5271/287/5203
f 5271/287/5203 5131/287/5206 5091/287/5207 5203/287/5208
f 5129/287/5204 5271/287/5203 5203/287/5208 5086/287/5209
f 5052/287/5210 5123/287/5211 5272/287/5212 5133/287/5213
f 5123/287/5211 5057/287/5165 5135/287/5168 5272/287/5212
f 5272/287/5212 5135/287/5168 5083/287/5173 5183/287/5214
f 5133/287/5213 5272/287/5212 5183/287/5214 5080/287/5215
f 5074/287/5216 5173/287/5217 5273/287/5218 5137/287/5219
f 5173/287/5217 5073/287/5123 5142/287/5126 5273/287/5218
f 5273/287/5218 5142/287/5126 5110/287/5131 5233/287/5220
f 5137/287/5219 5273/287/5218 5233/287/5220 5111/287/5221
f 5044/287/5100 5149/287/5222 5274/287/5223 5146/287/5101
f 5149/287/5222 5060/287/5224 5150/287/5225 5274/287/5223
f 5274/287/5223 5150/287/5225 5100/287/5226 5209/287/5227
f 5146/287/5101 5274/287/5223 5209/287/5227 5098/287/5102
f 5067/287/5196 5172/287/5228 5275/287/5229 5152/287/5197
f 5172/287/5228 5066/287/5230 5155/287/5231 5275/287/5229
f 5275/287/5229 5155/287/5231 5112/287/5232 5232/287/5233
f 5152/287/5197 5275/287/5229 5232/287/5233 5109/287/5198
f 5059/287/5169 5148/287/5234 5276/287/5235 5157/287/5170
f 5148/287/5234 5053/287/5150 5159/287/5153 5276/287/5235
f 5276/287/5235 5159/287/5153 5097/287/5158 5208/287/5236
f 5157/287/5170 5276/287/5235 5208/287/5236 5099/287/5171
f 5075/287/5136 5156/287/5237 5277/287/5238 5162/287/5137
f 5156/287/5237 5070/287/5239 5165/287/5240 5277/287/5238
f 5277/287/5238 5165/287/5240 5104/287/5241 5216/287/5242
f 5162/287/5137 5277/287/5238 5216/287/5242 5106/287/5138
f 5043/287/5145 5121/287/5243 5278/287/5244 5169/287/5146
f 5121/287/5243 5045/287/5245 5176/287/5246 5278/287/5244
f 5278/287/5244 5176/287/5246 5082/287/5247 5181/287/5248
f 5169/287/5146 5278/287/5244 5181/287/5248 5081/287/5147
f 5079/287/5249 5179/287/5250 5279/287/5251 5182/287/5252
f 5179/287/5250 5080/287/5215 5180/287/5253 5279/287/5251
f 5279/287/5251 5180/287/5253 5081/287/5147 5181/287/5248
f 5182/287/5252 5279/287/5251 5181/287/5248 5082/287/5247
f 5080/287/5215 5183/287/5214 5280/287/5254 5180/287/5253
f 5183/287/5214 5083/287/5173 5184/287/5255 5280/287/5254
f 5280/287/5254 5184/287/5255 5084/287/5149 5185/287/5148
f 5180/287/5253 5280/287/5254 5185/287/5148 5081/287/5147
f 5085/287/5156 5186/287/5256 5281/287/5257 5189/287/5258
f 5186/287/5256 5086/287/5209 5187/287/5259 5281/287/5257
f 5281/287/5257 5187/287/5259 5087/287/5180 5188/287/5260
f 5189/287/5258 5281/287/5257 5188/287/5260 5088/287/5104
f 5089/287/5261 5190/287/5262 5282/287/5263 5193/287/5264
f 5190/287/5262 5090/287/5182 5191/287/5265 5282/287/5263
f 5282/287/5263 5191/287/5265 5091/287/5207 5192/287/5266
f 5193/287/5264 5282/287/5263 5192/287/5266 5092/287/5267
f 5093/287/5191 5194/287/5190 5283/287/5268 5197/287/5269
f 5194/287/5190 5094/287/5189 5195/287/5270 5283/287/5268
f 5283/287/5268 5195/287/5270 5095/287/5113 5196/287/5112
f 5197/287/5269 5283/287/5268 5196/287/5112 5096/287/5111
f 5094/287/5189 5198/287/5271 5284/287/5272 5195/287/5270
f 5198/287/5271 5079/287/5249 5182/287/5252 5284/287/5272
f 5284/287/5272 5182/287/5252 5082/287/5247 5199/287/5273
f 5195/287/5270 5284/287/5272 5199/287/5273 5095/287/5113
f 5097/287/5158 5200/287/5157 5285/287/5274 5202/287/5275
f 5200/287/5157 5085/287/5156 5189/287/5258 5285/287/5274
f 5285/287/5274 5189/287/5258 5088/287/5104 5201/287/5103
f 5202/287/5275 5285/287/5274 5201/287/5103 5098/287/5102
f 5086/287/5209 5203/287/5208 5286/287/5276 5187/287/5259
f 5203/287/5208 5091/287/5207 5191/287/5265 5286/287/5276
f 5286/287/5276 5191/287/5265 5090/287/5182 5204/287/5181
f 5187/287/5259 5286/287/5276 5204/287/5181 5087/287/5180
f 5084/287/5149 5184/287/5255 5287/287/5277 5207/287/5278
f 5184/287/5255 5083/287/5173 5205/287/5172 5287/287/5277
f 5287/287/5277 5205/287/5172 5099/287/5171 5206/287/5279
f 5207/287/5278 5287/287/5277 5206/287/5279 5100/287/5226
f 5100/287/5226 5206/287/5279 5288/287/5280 5209/287/5227
f 5206/287/5279 5099/287/5171 5208/287/5236 5288/287/5280
f 5288/287/5280 5208/287/5236 5097/287/5158 5202/287/5275
f 5209/287/5227 5288/287/5280 5202/287/5275 5098/287/5102
f 5101/287/5281 5210/287/5282 5289/287/5283 5213/287/5284
f 5210/287/5282 5102/287/5285 5211/287/5286 5289/287/5283
f 5289/287/5283 5211/287/5286 5103/287/5287 5212/287/5288
f 5213/287/5284 5289/287/5283 5212/287/5288 5104/287/5241
f 5104/287/5241 5212/287/5288 5290/287/5289 5216/287/5242
f 5212/287/5288 5103/287/5287 5214/287/5290 5290/287/5289
f 5290/287/5289 5214/287/5290 5105/287/5291 5215/287/5292
f 5216/287/5242 5290/287/5289 5215/287/5292 5106/287/5138
f 5107/287/5129 5217/287/5293 5291/287/5294 5220/287/5130
f 5217/287/5293 5108/287/5200 5218/287/5199 5291/287/5294
f 5291/287/5294 5218/287/5199 5109/287/5198 5219/287/5295
f 5220/287/5130 5291/287/5294 5219/287/5295 5110/287/5131
f 5089/287/5261 5193/287/5264 5292/287/5296 5223/287/5297
f 5193/287/5264 5092/287/5267 5221/287/5298 5292/287/5296
f 5292/287/5296 5221/287/5298 5111/287/5221 5222/287/5299
f 5223/287/5297 5292/287/5296 5222/287/5299 5112/287/5232
f 5093/287/5191 5197/287/5269 5293/287/5300 5226/287/5301
f 5197/287/5269 5096/287/5111 5224/287/5302 5293/287/5300
f 5293/287/5300 5224/287/5302 5113/287/5303 5225/287/5304
f 5226/287/5301 5293/287/5300 5225/287/5304 5114/287/5305
f 5114/287/5305 5225/287/5304 5294/287/5306 5228/287/5307
f 5225/287/5304 5113/287/5303 5227/287/5308 5294/287/5306
f 5294/287/5306 5227/287/5308 5102/287/5285 5210/287/5282
f 5228/287/5307 5294/287/5306 5210/287/5282 5101/287/5281
f 5115/287/5164 5229/287/5309 5295/287/5310 5231/287/5311
f 5229/287/5309 5116/287/5120 5230/287/5312 5295/287/5310
f 5295/287/5310 5230/287/5312 5108/287/5200 5217/287/5293
f 5231/287/5311 5295/287/5310 5217/287/5293 5107/287/5129
f 5110/287/5131 5219/287/5295 5296/287/5313 5233/287/5220
f 5219/287/5295 5109/287/5198 5232/287/5233 5296/287/5313
f 5296/287/5313 5232/287/5233 5112/287/5232 5222/287/5299
f 5233/287/5220 5296/287/5313 5222/287/5299 5111/287/5221
f 5105/287/5291 5235/287/5314 5297/287/5315 5215/287/5292
f 5235/287/5314 5118/287/5122 5236/287/5316 5297/287/5315
f 5297/287/5315 5236/287/5316 5117/287/5140 5234/287/5139
f 5215/287/5292 5297/287/5315 5234/287/5139 5106/287/5138
f 5118/287/5122 5238/287/5121 5298/287/5317 5236/287/5316
f 5238/287/5121 5116/287/5120 5229/287/5309 5298/287/5317
f 5298/287/5317 5229/287/5309 5115/287/5164 5237/287/5163
f 5236/287/5316 5298/287/5317 5237/287/5163 5117/287/5140
f 5054/287/5154 5126/287/5318 5299/287/5319 5242/287/5155
f 5126/287/5318 5055/287/5201 5129/287/5204 5299/287/5319
f 5299/287/5319 5129/287/5204 5086/287/5209 5186/287/5256
f 5242/287/5155 5299/287/5319 5186/287/5256 5085/287/5156
f 5042/287/5320 5161/287/5321 5300/287/5322 5250/287/5323
f 5161/287/5321 5074/287/5216 5137/287/5219 5300/287/5322
f 5300/287/5322 5137/287/5219 5111/287/5221 5221/287/5298
f 5250/287/5323 5300/287/5322 5221/287/5298 5092/287/5267
f 5060/287/5224 5147/287/5324 5301/287/5325 5150/287/5225
f 5147/287/5324 5058/287/5141 5243/287/5144 5301/287/5325
f 5301/287/5325 5243/287/5144 5084/287/5149 5207/287/5278
f 5150/287/5225 5301/287/5325 5207/287/5278 5100/287/5226
f 5039/287/5109 5164/287/5326 5302/287/5327 5247/287/5110
f 5164/287/5326 5064/287/5328 5251/287/5329 5302/287/5327
f 5302/287/5327 5251/287/5329 5113/287/5303 5224/287/5302
f 5247/287/5110 5302/287/5327 5224/287/5302 5096/287/5111
f 5076/287/5330 5175/287/5331 5303/287/5332 5252/287/5333
f 5175/287/5331 5078/287/5114 5246/287/5117 5303/287/5332
f 5303/287/5332 5246/287/5117 5118/287/5122 5235/287/5314
f 5252/287/5333 5303/287/5332 5235/287/5314 5105/287/5291
f 5050/287/5187 5138/287/5334 5304/287/5335 5124/287/5188
f 5138/287/5334 5051/287/5336 5253/287/5337 5304/287/5335
f 5304/287/5335 5253/287/5337 5079/287/5249 5198/287/5271
f 5124/287/5188 5304/287/5335 5198/287/5271 5094/287/5189
f 5062/287/5118 5170/287/5338 5305/287/5339 5245/287/5119
f 5170/287/5338 5065/287/5192 5127/287/5195 5305/287/5339
f 5305/287/5339 5127/287/5195 5108/287/5200 5230/287/5312
f 5245/287/5119 5305/287/5339 5230/287/5312 5116/287/5120
f 5049/287/5178 5128/287/5340 5306/287/5341 5120/287/5179
f 5128/287/5340 5047/287/5096 5249/287/5099 5306/287/5341
f 5306/287/5341 5249/287/5099 5088/287/5104 5188/287/5260
f 5120/287/5179 5306/287/5341 5188/287/5260 5087/287/5180
f 5066/287/5230 5163/287/5342 5307/287/5343 5155/287/5231
f 5163/287/5342 5040/287/5344 5254/287/5345 5307/287/5343
f 5307/287/5343 5254/287/5345 5089/287/5261 5223/287/5297
f 5155/287/5231 5307/287/5343 5223/287/5297 5112/287/5232
f 5045/287/5245 5139/287/5346 5308/287/5347 5176/287/5246
f 5139/287/5346 5046/287/5105 5248/287/5108 5308/287/5347
f 5308/287/5347 5248/287/5108 5095/287/5113 5199/287/5273
f 5176/287/5246 5308/287/5347 5199/287/5273 5082/287/5247
f 5072/287/5127 5171/287/5348 5309/287/5349 5244/287/5128
f 5171/287/5348 5071/287/5159 5241/287/5162 5309/287/5349
f 5309/287/5349 5241/287/5162 5115/287/5164 5231/287/5311
f 5244/287/5128 5309/287/5349 5231/287/5311 5107/287/5129
f 5068/287/5350 5166/287/5351 5310/287/5352 5255/287/5353
f 5166/287/5351 5041/287/5183 5122/287/5186 5310/287/5352
f 5310/287/5352 5122/287/5186 5093/287/5191 5226/287/5301
f 5255/287/5353 5310/287/5352 5226/287/5301 5114/287/5305
f 5063/287/5354 5151/287/5355 5311/287/5356 5257/287/5357
f 5151/287/5355 5061/287/5358 5256/287/5359 5311/287/5356
f 5311/287/5356 5256/287/5359 5103/287/5287 5211/287/5286
f 5257/287/5357 5311/287/5356 5211/287/5286 5102/287/5285
f 5064/287/5328 5167/287/5360 5312/287/5361 5251/287/5329
f 5167/287/5360 5063/287/5354 5257/287/5357 5312/287/5361
f 5312/287/5361 5257/287/5357 5102/287/5285 5227/287/5308
f 5251/287/5329 5312/287/5361 5227/287/5308 5113/287/5303
f 5040/287/5344 5130/287/5362 5313/287/5363 5254/287/5345
f 5130/287/5362 5048/287/5174 5239/287/5177 5313/287/5363
f 5313/287/5363 5239/287/5177 5090/287/5182 5190/287/5262
f 5254/287/5345 5313/287/5363 5190/287/5262 5089/287/5261
f 5069/287/5364 5168/287/5365 5314/287/5366 5258/287/5367
f 5168/287/5365 5068/287/5350 5255/287/5353 5314/287/5366
f 5314/287/5366 5255/287/5353 5114/287/5305 5228/287/5307
f 5258/287/5367 5314/287/5366 5228/287/5307 5101/287/5281
f 5070/287/5239 5153/287/5368 5315/287/5369 5165/287/5240
f 5153/287/5368 5069/287/5364 5258/287/5367 5315/287/5369
f 5315/287/5369 5258/287/5367 5101/287/5281 5213/287/5284
f 5165/287/5240 5315/287/5369 5213/287/5284 5104/287/5241
f 5056/287/5205 5132/287/5370 5316/287/5371 5131/287/5206
f 5132/287/5370 5042/287/5320 5250/287/5323 5316/287/5371
f 5316/287/5371 5250/287/5323 5092/287/5267 5192/287/5266
f 5131/287/5206 5316/287/5371 5192/287/5266 5091/287/5207
f 5051/287/5336 5119/287/5372 5317/287/5373 5253/287/5337
f 5119/287/5372 5052/287/5210 5133/287/5213 5317/287/5373
f 5317/287/5373 5133/287/5213 5080/287/5215 5179/287/5250
f 5253/287/5337 5317/287/5373 5179/287/5250 5079/287/5249
f 5061/287/5358 5154/287/5374 5318/287/5375 5256/287/5359
f 5154/287/5374 5076/287/5330 5252/287/5333 5318/287/5375
f 5318/287/5375 5252/287/5333 5105/287/5291 5214/287/5290
f 5256/287/5359 5318/287/5375 5214/287/5290 5103/287/5287
usemtl _11080_WomanFighting_v3_FINALdefault
f 879/288/925 878/289/926 942/290/927 890/291/928
f 943/292/929 903/293/930 902/294/931 944/295/932
f 882/296/933 880/297/934 917/298/935 923/299/936
f 915/300/937 941/301/938 911/302/939 910/303/940
f 885/304/941 883/305/942 940/306/943 938/307/944
f 910/303/940 909/308/945 913/309/946 914/310/947
f 889/311/948 920/312/949 875/313/950 877/314/951
f 920/315/949 918/316/952 876/317/953 875/318/950
f 880/297/934 876/317/953 918/316/952 917/298/935
f 877/314/951 879/288/925 890/291/928 889/311/948
f 947/319/954 908/320/955 874/321/956 881/322/957
f 878/289/926 884/323/958 937/324/959 942/290/927
f 922/325/960 947/319/954 881/322/957 886/326/961
f 938/307/944 937/324/959 884/323/958 885/304/941
f 922/325/960 886/326/961 882/296/933 923/299/936
f 896/327/962 899/328/963 950/329/964 912/330/965
f 1088/331/966 982/332/967 894/333/968 893/334/969
f 911/302/939 941/301/938 954/335/970 897/336/971
f 920/312/949 889/311/948 888/337/972 919/338/973
f 888/337/972 887/339/974 891/340/975 894/333/968
f 942/290/927 951/341/976 887/339/974 890/291/928
f 893/334/969 892/342/977 905/343/978 907/344/979
f 889/311/948 890/291/928 887/339/974 888/337/972
f 893/334/969 894/333/968 891/340/975 892/342/977
f 954/335/970 906/345/980 898/346/981 897/336/971
f 1081/347/982 956/348/983 955/349/984 1096/350/985
f 911/302/939 897/336/971 896/327/962 912/330/965
f 904/351/986 903/293/930 899/328/963 900/352/987
f 905/343/978 930/353/988 895/354/989 898/346/981
f 897/336/971 898/346/981 895/354/989 896/327/962
f 1087/355/990 907/344/979 906/345/980 1082/356/991
f 903/293/930 904/351/986 901/357/992 902/294/931
f 906/345/980 907/344/979 905/343/978 898/346/981
f 934/358/993 931/359/994 928/360/995 927/361/996
f 965/362/997 966/363/998 962/364/999 961/365/1000
f 1039/366/1001 986/367/1002 985/368/1003 1043/369/1004
f 977/370/1005 975/371/1006 963/372/1007 964/373/1008
f 892/342/977 891/340/975 948/374/1009 949/375/1010
f 888/337/972 894/333/968 982/332/967 981/376/1011
f 916/377/1012 915/300/937 910/303/940 914/310/947
f 913/309/946 909/308/945 924/378/1013 921/379/1014
f 1064/380/1015 1065/381/1016 957/382/1017 956/348/983
f 900/352/987 895/354/989 930/353/988 926/383/1018
f 929/384/1019 925/385/1020 901/357/992 904/351/986
f 951/341/976 936/386/1021 934/358/993 948/374/1009
f 966/363/998 968/387/1022 941/301/938 915/300/937
f 950/329/964 924/378/1013 909/308/945 912/330/965
f 919/338/973 888/337/972 981/376/1011 959/388/1023
f 924/378/1013 950/329/964 943/292/929 946/389/1024
f 911/302/939 912/330/965 909/308/945 910/303/940
f 916/377/1012 919/390/973 959/391/1023 962/364/999
f 918/316/952 916/377/1012 914/310/947 917/298/935
f 916/377/1012 918/316/952 920/315/949 919/390/973
f 952/392/1025 947/319/954 922/325/960 921/379/1014
f 952/392/1025 953/393/1026 908/320/955 947/319/954
f 946/389/1024 952/392/1025 921/379/1014 924/378/1013
f 922/325/960 923/299/936 913/309/946 921/379/1014
f 948/374/1009 934/358/993 927/361/996 949/375/1010
f 1082/356/991 906/345/980 954/335/970 1083/394/1027
f 933/395/1028 925/385/1020 929/384/1019 928/360/995
f 904/351/986 900/352/987 926/383/1018 929/384/1019
f 931/359/994 934/358/993 936/386/1021 935/396/1029
f 903/293/930 943/292/929 950/329/964 899/328/963
f 928/360/995 929/384/1019 926/383/1018 927/361/996
f 893/334/969 907/344/979 1087/355/990 1088/331/966
f 1083/394/1027 954/335/970 941/301/938 968/387/1022
f 933/395/1028 928/360/995 931/359/994 932/397/1030
f 951/341/976 942/290/927 937/324/959 936/386/1021
f 937/324/959 938/307/944 935/396/1029 936/386/1021
f 891/340/975 887/339/974 951/341/976 948/374/1009
f 1049/398/1031 1095/399/1032 955/349/984 958/400/1033
f 953/393/1026 952/392/1025 946/389/1024 945/401/1034
f 945/401/1034 946/389/1024 943/292/929 944/295/932
f 1097/402/1035 1050/403/1036 958/400/1033 957/382/1017
f 927/361/996 926/383/1018 930/353/988 949/375/1010
f 939/404/1037 932/397/1030 931/359/994 935/396/1029
f 949/375/1010 930/353/988 905/343/978 892/342/977
f 964/373/1008 963/372/1007 961/365/1000 960/405/1038
f 896/327/962 895/354/989 900/352/987 899/328/963
f 957/382/1017 958/400/1033 955/349/984 956/348/983
f 969/406/1039 968/387/1022 966/363/998 965/362/997
f 961/365/1000 963/372/1007 967/407/1040 965/362/997
f 967/407/1040 963/372/1007 975/371/1006 976/408/1041
f 961/365/1000 962/364/999 959/391/1023 960/405/1038
f 970/409/1042 969/406/1039 965/362/997 967/407/1040
f 1040/410/1043 1054/411/1044 977/412/1005 979/413/1045
f 992/414/1046 993/415/1047 989/416/1048 988/417/1049
f 976/408/1041 973/418/1050 970/409/1042 967/407/1040
f 1083/394/1027 968/387/1022 969/406/1039 974/419/1051
f 984/420/1052 986/367/1002 979/413/1045 978/421/1053
f 974/419/1051 972/422/1054 1085/423/1055 1084/424/1056
f 978/421/1053 979/413/1045 977/412/1005 964/425/1008
f 972/422/1054 971/426/1057 1045/427/1058 1085/423/1055
f 970/409/1042 973/418/1050 971/426/1057 972/422/1054
f 1118/428/1059 1116/429/1060 990/430/1061 989/431/1048
f 1058/432/1062 1076/433/1063 976/408/1041 975/371/1006
f 994/434/1064 991/435/1065 990/436/1061 995/437/1066
f 1050/403/1036 1051/438/1067 1048/439/1068 1047/440/1069
f 1078/441/1070 973/418/1050 976/408/1041 1076/433/1063
f 983/442/1071 984/420/1052 978/421/1053 980/443/1072
f 1129/444/1073 1125/445/1074 1122/446/1075 1128/447/1076
f 1076/433/1063 1075/448/1077 1077/449/1078 1078/441/1070
f 983/442/1071 980/443/1072 981/376/1011 982/332/967
f 1038/450/1079 1021/451/1080 992/414/1046 988/417/1049
f 1039/366/1001 1040/410/1043 979/413/1045 986/367/1002
f 1059/452/1081 1038/450/1079 1004/453/1082 1007/454/1083
f 1063/455/1084 1066/456/1085 1060/457/1086 1061/458/1087
f 1090/459/1088 1041/460/1089 985/368/1003 987/461/1090
f 1004/453/1082 1038/450/1079 988/417/1049 991/435/1065
f 984/420/1052 987/461/1090 985/368/1003 986/367/1002
f 998/462/1091 999/463/1092 997/464/1093 996/465/1094
f 1047/440/1069 1048/439/1068 1043/369/1004 1042/466/1095
f 993/415/1047 992/414/1046 1014/467/1096 1013/468/1097
f 1012/469/1098 1061/458/1087 1007/454/1083 1006/470/1099
f 1075/448/1077 1076/433/1063 1058/432/1062 1057/471/1100
f 988/417/1049 989/416/1048 990/436/1061 991/435/1065
f 1021/451/1080 1022/472/1101 1019/473/1102 1017/474/1103
f 1008/475/1104 1003/476/1105 997/464/1093 999/463/1092
f 1003/476/1105 1002/477/1106 994/434/1064 997/464/1093
f 1110/478/1107 998/479/1091 996/480/1094 1106/481/1108
f 1009/482/1109 1008/475/1104 1037/483/1110 1036/484/1111
f 996/465/1094 997/464/1093 994/434/1064 995/437/1066
f 994/434/1064 1002/477/1106 1004/453/1082 991/435/1065
f 1011/485/1112 1012/469/1098 1006/470/1099 1005/486/1113
f 1131/487/1114 1000/488/1115 998/479/1091 1110/478/1107
f 1135/489/1116 1034/490/1117 1000/488/1115 1131/487/1114
f 1004/453/1082 1002/477/1106 1006/470/1099 1007/454/1083
f 1008/475/1104 999/463/1092 1001/491/1118 1037/483/1110
f 1164/492/1119 1163/493/1120 1121/494/1121 1124/495/1122
f 1005/486/1113 1003/476/1105 1008/475/1104 1009/482/1109
f 1091/496/1123 1094/497/1124 1024/498/1125 1027/499/1126
f 1068/500/1127 1062/501/1128 1012/469/1098 1011/485/1112
f 1069/502/1129 1068/500/1127 1011/485/1112 1010/503/1130
f 1010/503/1130 1009/482/1109 1036/484/1111 1093/504/1131
f 1015/505/1132 1014/467/1096 1017/474/1103 1018/506/1133
f 1201/507/1134 1200/508/1135 1185/509/1136 1186/510/1137
f 1014/467/1096 992/414/1046 1021/451/1080 1017/474/1103
f 956/348/983 1081/347/982 1067/511/1138 1064/380/1015
f 1015/505/1132 1016/512/1139 1013/468/1097 1014/467/1096
f 1019/473/1102 1022/472/1101 1025/513/1140 1023/514/1141
f 1035/515/1142 1032/516/1143 1018/517/1133 1020/518/1144
f 1025/513/1140 1022/472/1101 1059/452/1081 1060/457/1086
f 1020/519/1144 1019/473/1102 1023/514/1141 1024/520/1125
f 1074/521/1145 1075/448/1077 1057/471/1100 1030/522/1146
f 1151/523/1147 1156/524/1148 1152/525/1149 1155/526/1150
f 1059/452/1081 1022/472/1101 1021/451/1080 1038/450/1079
f 1027/527/1126 1026/528/1151 1099/529/1152 1098/530/1153
f 1026/528/1151 1027/527/1126 1024/520/1125 1023/514/1141
f 1097/402/1035 1104/531/1154 1051/438/1067 1050/403/1036
f 1055/532/1155 1031/533/1156 1030/522/1146 1057/471/1100
f 1030/522/1146 1029/534/1157 1079/535/1158 1074/521/1145
f 1104/531/1154 1071/536/1159 1103/537/1160 1102/538/1161
f 1029/534/1157 1028/539/1162 1098/530/1153 1099/529/1152
f 1073/540/1163 1101/541/1164 1028/542/1162 1031/543/1156
f 1089/544/1165 1088/331/966 1087/355/990 1086/545/1166
f 1030/522/1146 1031/533/1156 1028/539/1162 1029/534/1157
f 1080/546/1167 1099/529/1152 1026/528/1151 1072/547/1168
f 1036/484/1111 1037/483/1110 1032/516/1143 1035/515/1142
f 1093/504/1131 1036/484/1111 1035/515/1142 1094/497/1124
f 1135/489/1116 1146/548/1169 1016/549/1139 1034/490/1117
f 1052/550/1170 1056/551/1171 1040/410/1043 1039/366/1001
f 1045/427/1058 1044/552/1172 1042/466/1095 1041/460/1089
f 1042/466/1095 1044/552/1172 1049/398/1031 1047/440/1069
f 1005/486/1113 1006/470/1099 1002/477/1106 1003/476/1105
f 1085/423/1055 1045/427/1058 1041/460/1089 1090/459/1088
f 1005/486/1113 1009/482/1109 1010/503/1130 1011/485/1112
f 985/368/1003 1041/460/1089 1042/466/1095 1043/369/1004
f 1073/540/1163 1031/543/1156 1055/553/1155 1056/551/1171
f 1095/399/1032 1049/398/1031 1044/552/1172 1046/554/1173
f 958/400/1033 1050/403/1036 1047/440/1069 1049/398/1031
f 1056/551/1171 1055/553/1155 1054/411/1044 1040/410/1043
f 1104/531/1154 1102/538/1161 1053/555/1174 1051/438/1067
f 1053/555/1174 1052/550/1170 1048/439/1068 1051/438/1067
f 1096/350/985 1077/449/1078 1075/448/1077 1074/521/1145
f 1071/536/1159 1070/556/1175 1068/500/1127 1069/502/1129
f 1089/544/1165 987/461/1090 984/420/1052 983/442/1071
f 1069/502/1129 1010/503/1130 1093/504/1131 1092/557/1176
f 1062/501/1128 1063/455/1084 1061/458/1087 1012/469/1098
f 1066/456/1085 1067/511/1138 1080/546/1167 1072/547/1168
f 1065/381/1016 1064/380/1015 1063/455/1084 1062/501/1128
f 1094/497/1124 1035/515/1142 1020/518/1144 1024/498/1125
f 1104/531/1154 1097/402/1035 1070/556/1175 1071/536/1159
f 1071/536/1159 1069/502/1129 1092/557/1176 1103/537/1160
f 1068/500/1127 1070/556/1175 1065/381/1016 1062/501/1128
f 1072/547/1168 1025/513/1140 1060/457/1086 1066/456/1085
f 1063/455/1084 1064/380/1015 1067/511/1138 1066/456/1085
f 1032/516/1143 1033/558/1177 1015/559/1132 1018/517/1133
f 957/382/1017 1065/381/1016 1070/556/1175 1097/402/1035
f 1086/545/1166 1087/355/990 1082/356/991 1084/424/1056
f 1159/560/1178 1160/561/1179 1154/562/1180 1153/563/1181
f 1046/554/1173 1078/441/1070 1077/449/1078 1095/399/1032
f 1102/538/1161 1101/541/1164 1073/540/1163 1053/555/1174
f 1067/511/1138 1081/347/982 1079/535/1158 1080/546/1167
f 1074/521/1145 1079/535/1158 1081/347/982 1096/350/985
f 974/419/1051 1084/424/1056 1082/356/991 1083/394/1027
f 1000/564/1115 1001/491/1118 999/463/1092 998/462/1091
f 1090/459/1088 987/461/1090 1089/544/1165 1086/545/1166
f 1073/540/1163 1056/551/1171 1052/550/1170 1053/555/1174
f 1102/538/1161 1103/537/1160 1100/565/1182 1101/541/1164
f 1033/558/1177 1034/566/1117 1016/567/1139 1015/559/1132
f 1093/504/1131 1094/497/1124 1091/496/1123 1092/557/1176
f 1077/449/1078 1096/350/985 955/349/984 1095/399/1032
f 980/443/1072 978/421/1053 964/425/1008 960/568/1038
f 1088/331/966 1089/544/1165 983/442/1071 982/332/967
f 1054/569/1044 1058/432/1062 975/371/1006 977/370/1005
f 1061/458/1087 1060/457/1086 1059/452/1081 1007/454/1083
f 1120/570/1183 1118/428/1059 989/431/1048 993/571/1047
f 1147/572/1184 1120/570/1183 993/571/1047 1013/573/1097
f 1146/574/1169 1147/572/1184 1013/573/1097 1016/575/1139
f 995/576/1066 990/430/1061 1116/429/1060 1111/577/1185
f 1098/578/1153 1028/542/1162 1101/541/1164 1100/565/1182
f 1033/558/1177 1032/516/1143 1037/483/1110 1001/491/1118
f 1080/546/1167 1079/535/1158 1029/534/1157 1099/529/1152
f 1090/459/1088 1086/545/1166 1084/424/1056 1085/423/1055
f 1078/441/1070 1046/554/1173 971/426/1057 973/418/1050
f 969/406/1039 970/409/1042 972/422/1054 974/419/1051
f 1072/547/1168 1026/528/1151 1023/514/1141 1025/513/1140
f 1052/550/1170 1039/366/1001 1043/369/1004 1048/439/1068
f 1019/473/1102 1020/519/1144 1018/506/1133 1017/474/1103
f 1054/569/1044 1055/532/1155 1057/471/1100 1058/432/1062
f 996/480/1094 995/576/1066 1111/577/1185 1106/481/1108
f 1033/558/1177 1001/491/1118 1000/564/1115 1034/566/1117
f 971/426/1057 1046/554/1173 1044/552/1172 1045/427/1058
f 940/306/943 939/404/1037 935/396/1029 938/307/944
f 923/299/936 917/298/935 914/310/947 913/309/946
f 962/364/999 966/363/998 915/300/937 916/377/1012
f 1131/487/1114 1132/579/1186 1134/580/1187 1135/489/1116
f 1130/581/1188 1138/582/1189 1108/583/1190 1107/584/1191
f 1115/585/1192 1109/586/1193 1105/587/1194 1114/588/1195
f 1155/526/1150 1157/589/1196 1150/590/1197 1151/523/1147
f 960/568/1038 959/388/1023 981/376/1011 980/443/1072
f 1113/591/1198 1114/588/1195 1105/587/1194 1108/583/1190
f 1109/586/1193 1115/585/1192 1133/592/1199 1132/579/1186
f 1111/577/1185 1112/593/1200 1107/584/1191 1106/481/1108
f 1132/579/1186 1131/487/1114 1110/478/1107 1109/586/1193
f 1106/481/1108 1105/587/1194 1109/586/1193 1110/478/1107
f 1123/594/1201 1126/595/1202 1112/593/1200 1117/596/1203
f 1107/584/1191 1108/583/1190 1105/587/1194 1106/481/1108
f 1114/588/1195 1113/591/1198 1176/597/1204 1175/598/1205
f 1120/570/1183 1172/599/1206 1119/600/1207 1118/428/1059
f 1123/594/1201 1117/596/1203 1119/600/1207 1124/601/1122
f 1117/596/1203 1116/429/1060 1118/428/1059 1119/600/1207
f 1171/602/1208 1142/603/1209 1139/604/1210 1169/605/1211
f 1126/595/1202 1130/581/1188 1107/584/1191 1112/593/1200
f 1092/557/1176 1091/496/1123 1100/565/1182 1103/537/1160
f 1098/578/1153 1100/565/1182 1091/496/1123 1027/499/1126
f 1116/429/1060 1117/596/1203 1112/593/1200 1111/577/1185
f 1113/591/1198 1108/583/1190 1138/582/1189 1141/606/1212
f 1183/607/1213 1182/608/1214 1195/609/1215 1196/610/1216
f 1129/444/1073 1130/611/1188 1126/612/1202 1125/445/1074
f 1129/444/1073 1128/447/1076 1139/604/1210 1137/613/1217
f 1124/601/1122 1119/600/1207 1172/599/1206 1164/614/1119
f 1125/445/1074 1126/612/1202 1123/615/1201 1122/446/1075
f 1122/446/1075 1121/494/1121 1127/616/1218 1128/447/1076
f 1185/509/1136 1184/617/1219 1175/598/1205 1176/597/1204
f 1182/608/1214 1183/607/1213 1174/618/1220 1173/619/1221
f 1187/620/1222 1186/621/1137 1143/622/1223 1144/623/1224
f 1123/615/1201 1124/495/1122 1121/494/1121 1122/446/1075
f 1127/616/1218 1121/494/1121 1163/493/1120 1167/624/1225
f 1132/579/1186 1133/592/1199 1136/625/1226 1134/580/1187
f 1144/623/1224 1143/622/1223 1141/626/1212 1140/627/1227
f 1177/628/1228 1175/598/1205 1184/617/1219 1181/629/1229
f 1137/613/1217 1138/630/1189 1130/611/1188 1129/444/1073
f 1158/631/1230 1157/589/1196 1155/526/1150 1154/632/1180
f 1136/625/1226 1133/592/1199 1173/619/1221 1174/618/1220
f 1198/633/1231 1197/634/1232 1181/629/1229 1184/617/1219
f 1142/603/1209 1140/627/1227 1137/613/1217 1139/604/1210
f 1138/630/1189 1137/613/1217 1140/627/1227 1141/626/1212
f 1174/618/1220 1156/524/1148 1151/523/1147 1136/625/1226
f 1165/635/1233 1148/636/1234 1157/589/1196 1158/631/1230
f 1171/602/1208 1178/637/1235 1145/638/1236 1142/603/1209
f 1172/599/1206 1120/570/1183 1147/572/1184 1149/639/1237
f 1141/606/1212 1143/640/1223 1176/597/1204 1113/591/1198
f 1145/638/1236 1144/623/1224 1140/627/1227 1142/603/1209
f 1189/641/1238 1188/642/1239 1145/638/1236 1178/637/1235
f 1188/642/1239 1187/620/1222 1144/623/1224 1145/638/1236
f 1148/643/1234 1149/639/1237 1147/572/1184 1146/574/1169
f 1203/644/1240 1197/634/1232 1198/633/1231 1202/645/1241
f 1157/589/1196 1148/636/1234 1146/574/1169 1150/590/1197
f 1191/646/1242 1192/647/1243 1207/648/1244 1206/649/1245
f 1200/508/1135 1198/633/1231 1184/617/1219 1185/509/1136
f 1194/650/1246 1193/651/1247 1152/525/1149 1156/524/1148
f 1173/619/1221 1177/628/1228 1181/629/1229 1182/608/1214
f 1196/610/1216 1195/609/1215 1204/652/1248 1205/653/1249
f 1170/654/1250 1160/561/1179 1159/560/1178 1180/655/1251
f 1186/510/1137 1185/509/1136 1176/597/1204 1143/640/1223
f 1154/632/1180 1155/526/1150 1152/525/1149 1153/656/1181
f 1188/642/1239 1189/641/1238 1204/657/1248 1203/658/1240
f 1197/634/1232 1195/609/1215 1182/608/1214 1181/629/1229
f 1162/659/1252 1161/660/1253 1165/661/1233 1166/662/1254
f 1191/646/1242 1190/663/1255 1180/655/1251 1159/560/1178
f 1183/607/1213 1194/650/1246 1156/524/1148 1174/618/1220
f 1163/493/1120 1164/492/1119 1161/660/1253 1162/659/1252
f 1180/655/1251 1178/637/1235 1171/602/1208 1170/654/1250
f 1190/663/1255 1189/641/1238 1178/637/1235 1180/655/1251
f 1168/664/1256 1167/624/1225 1166/662/1254 1179/665/1257
f 1169/605/1211 1127/616/1218 1167/624/1225 1168/664/1256
f 1170/654/1250 1168/664/1256 1179/665/1257 1160/561/1179
f 1175/598/1205 1177/628/1228 1115/585/1192 1114/588/1195
f 1150/590/1197 1146/548/1169 1135/489/1116 1134/580/1187
f 1151/523/1147 1150/590/1197 1134/580/1187 1136/625/1226
f 1166/662/1254 1165/666/1233 1158/667/1230 1179/665/1257
f 1170/654/1250 1171/602/1208 1169/605/1211 1168/664/1256
f 1179/665/1257 1158/667/1230 1154/562/1180 1160/561/1179
f 1169/605/1211 1139/604/1210 1128/447/1076 1127/616/1218
f 1206/668/1245 1199/669/1258 1196/610/1216 1205/653/1249
f 1206/649/1245 1205/670/1249 1190/663/1255 1191/646/1242
f 1202/645/1241 1198/633/1231 1200/508/1135 1201/671/1134
f 1208/672/1259 1207/648/1244 1192/673/1243 1193/651/1247
f 1186/621/1137 1187/620/1222 1202/674/1241 1201/671/1134
f 1161/675/1253 1149/639/1237 1148/643/1234 1165/635/1233
f 1177/628/1228 1173/619/1221 1133/592/1199 1115/585/1192
f 1153/656/1181 1152/525/1149 1193/651/1247 1192/673/1243
f 1172/599/1206 1149/639/1237 1161/675/1253 1164/614/1119
f 1192/647/1243 1191/646/1242 1159/560/1178 1153/563/1181
f 1199/669/1258 1208/672/1259 1193/651/1247 1194/650/1246
f 1166/662/1254 1167/624/1225 1163/493/1120 1162/659/1252
f 1208/672/1259 1199/669/1258 1206/668/1245 1207/676/1244
f 1199/669/1258 1194/650/1246 1183/607/1213 1196/610/1216
f 1203/644/1240 1204/652/1248 1195/609/1215 1197/634/1232
f 1189/641/1238 1190/663/1255 1205/670/1249 1204/657/1248
f 1187/620/1222 1188/642/1239 1203/658/1240 1202/674/1241
f 1213/288/1260 1218/291/1261 1270/290/1262 1212/289/1263
f 1271/292/1264 1272/295/1265 1230/294/1266 1231/293/1267
f 882/296/933 1251/299/1268 1245/298/1269 880/297/934
f 1243/300/1270 1238/303/1271 1239/302/1272 1269/301/1273
f 885/304/941 1266/307/1274 1268/306/1275 883/305/942
f 1238/303/1271 1242/310/1276 1241/309/1277 1237/308/1278
f 1217/311/1279 1211/314/1280 1209/313/1281 1248/312/1282
f 1248/315/1282 1209/318/1281 1210/317/1283 1246/316/1284
f 880/297/934 1245/298/1269 1246/316/1284 1210/317/1283
f 1211/314/1280 1217/311/1279 1218/291/1261 1213/288/1260
f 1275/319/1285 881/322/957 874/321/956 1236/320/1286
f 1212/289/1263 1270/290/1262 1265/324/1287 1214/323/1288
f 1250/325/1289 886/326/961 881/322/957 1275/319/1285
f 1266/307/1274 885/304/941 1214/323/1288 1265/324/1287
f 1250/325/1289 1251/299/1268 882/296/933 886/326/961
f 1224/327/1290 1240/330/1291 1278/329/1292 1227/328/1293
f 1416/331/1294 1221/334/1295 1222/333/1296 1310/332/1297
f 1239/302/1272 1225/336/1298 1282/335/1299 1269/301/1273
f 1248/312/1282 1247/338/1300 1216/337/1301 1217/311/1279
f 1216/337/1301 1222/333/1296 1219/340/1302 1215/339/1303
f 1270/290/1262 1218/291/1261 1215/339/1303 1279/341/1304
f 1221/334/1295 1235/344/1305 1233/343/1306 1220/342/1307
f 1217/311/1279 1216/337/1301 1215/339/1303 1218/291/1261
f 1221/334/1295 1220/342/1307 1219/340/1302 1222/333/1296
f 1282/335/1299 1225/336/1298 1226/346/1308 1234/345/1309
f 1409/347/1310 1424/350/1311 1283/349/1312 1284/348/1313
f 1239/302/1272 1240/330/1291 1224/327/1290 1225/336/1298
f 1232/351/1314 1228/352/1315 1227/328/1293 1231/293/1267
f 1233/343/1306 1226/346/1308 1223/354/1316 1258/353/1317
f 1225/336/1298 1224/327/1290 1223/354/1316 1226/346/1308
f 1415/355/1318 1410/356/1319 1234/345/1309 1235/344/1305
f 1231/293/1267 1230/294/1266 1229/357/1320 1232/351/1314
f 1234/345/1309 1226/346/1308 1233/343/1306 1235/344/1305
f 1262/358/1321 1255/361/1322 1256/360/1323 1259/359/1324
f 1293/362/1325 1289/365/1326 1290/364/1327 1294/363/1328
f 1367/366/1329 1371/369/1330 1313/368/1331 1314/367/1332
f 1305/370/1333 1292/373/1334 1291/372/1335 1303/371/1336
f 1220/342/1307 1277/375/1337 1276/374/1338 1219/340/1302
f 1216/337/1301 1309/376/1339 1310/332/1297 1222/333/1296
f 1244/377/1340 1242/310/1276 1238/303/1271 1243/300/1270
f 1241/309/1277 1249/379/1341 1252/378/1342 1237/308/1278
f 1392/380/1343 1284/348/1313 1285/382/1344 1393/381/1345
f 1228/352/1315 1254/383/1346 1258/353/1317 1223/354/1316
f 1257/384/1347 1232/351/1314 1229/357/1320 1253/385/1348
f 1279/341/1304 1276/374/1338 1262/358/1321 1264/386/1349
f 1294/363/1328 1243/300/1270 1269/301/1273 1296/387/1350
f 1278/329/1292 1240/330/1291 1237/308/1278 1252/378/1342
f 1247/338/1300 1287/388/1351 1309/376/1339 1216/337/1301
f 1252/378/1342 1274/389/1352 1271/292/1264 1278/329/1292
f 1239/302/1272 1238/303/1271 1237/308/1278 1240/330/1291
f 1244/377/1340 1290/364/1327 1287/391/1351 1247/390/1300
f 1246/316/1284 1245/298/1269 1242/310/1276 1244/377/1340
f 1244/377/1340 1247/390/1300 1248/315/1282 1246/316/1284
f 1280/392/1353 1249/379/1341 1250/325/1289 1275/319/1285
f 1280/392/1353 1275/319/1285 1236/320/1286 1281/393/1354
f 1274/389/1352 1252/378/1342 1249/379/1341 1280/392/1353
f 1250/325/1289 1249/379/1341 1241/309/1277 1251/299/1268
f 1276/374/1338 1277/375/1337 1255/361/1322 1262/358/1321
f 1410/356/1319 1411/394/1355 1282/335/1299 1234/345/1309
f 1261/395/1356 1256/360/1323 1257/384/1347 1253/385/1348
f 1232/351/1314 1257/384/1347 1254/383/1346 1228/352/1315
f 1259/359/1324 1263/396/1357 1264/386/1349 1262/358/1321
f 1231/293/1267 1227/328/1293 1278/329/1292 1271/292/1264
f 1256/360/1323 1255/361/1322 1254/383/1346 1257/384/1347
f 1221/334/1295 1416/331/1294 1415/355/1318 1235/344/1305
f 1411/394/1355 1296/387/1350 1269/301/1273 1282/335/1299
f 1261/395/1356 1260/397/1358 1259/359/1324 1256/360/1323
f 1279/341/1304 1264/386/1349 1265/324/1287 1270/290/1262
f 1265/324/1287 1264/386/1349 1263/396/1357 1266/307/1274
f 1219/340/1302 1276/374/1338 1279/341/1304 1215/339/1303
f 1377/398/1359 1286/400/1360 1283/349/1312 1423/399/1361
f 1281/393/1354 1273/401/1362 1274/389/1352 1280/392/1353
f 1273/401/1362 1272/295/1265 1271/292/1264 1274/389/1352
f 1425/402/1363 1285/382/1344 1286/400/1360 1378/403/1364
f 1255/361/1322 1277/375/1337 1258/353/1317 1254/383/1346
f 1267/404/1365 1263/396/1357 1259/359/1324 1260/397/1358
f 1277/375/1337 1220/342/1307 1233/343/1306 1258/353/1317
f 1292/373/1334 1288/405/1366 1289/365/1326 1291/372/1335
f 1224/327/1290 1227/328/1293 1228/352/1315 1223/354/1316
f 1285/382/1344 1284/348/1313 1283/349/1312 1286/400/1360
f 1297/406/1367 1293/362/1325 1294/363/1328 1296/387/1350
f 1289/365/1326 1293/362/1325 1295/407/1368 1291/372/1335
f 1295/407/1368 1304/408/1369 1303/371/1336 1291/372/1335
f 1289/365/1326 1288/405/1366 1287/391/1351 1290/364/1327
f 1298/409/1370 1295/407/1368 1293/362/1325 1297/406/1367
f 1368/410/1371 1307/413/1372 1305/412/1333 1382/411/1373
f 1320/414/1374 1316/417/1375 1317/416/1376 1321/415/1377
f 1304/408/1369 1295/407/1368 1298/409/1370 1301/418/1378
f 1411/394/1355 1302/419/1379 1297/406/1367 1296/387/1350
f 1312/420/1380 1306/421/1381 1307/413/1372 1314/367/1332
f 1302/419/1379 1412/424/1382 1413/423/1383 1300/422/1384
f 1306/421/1381 1292/425/1334 1305/412/1333 1307/413/1372
f 1300/422/1384 1413/423/1383 1373/427/1385 1299/426/1386
f 1298/409/1370 1300/422/1384 1299/426/1386 1301/418/1378
f 1446/428/1387 1317/431/1376 1318/430/1388 1444/429/1389
f 1386/432/1390 1303/371/1336 1304/408/1369 1404/433/1391
f 1322/434/1392 1323/437/1393 1318/436/1388 1319/435/1394
f 1378/403/1364 1375/440/1395 1376/439/1396 1379/438/1397
f 1406/441/1398 1404/433/1391 1304/408/1369 1301/418/1378
f 1311/442/1399 1308/443/1400 1306/421/1381 1312/420/1380
f 1457/444/1401 1456/447/1402 1450/446/1403 1453/445/1404
f 1404/433/1391 1406/441/1398 1405/449/1405 1403/448/1406
f 1311/442/1399 1310/332/1297 1309/376/1339 1308/443/1400
f 1366/450/1407 1316/417/1375 1320/414/1374 1349/451/1408
f 1367/366/1329 1314/367/1332 1307/413/1372 1368/410/1371
f 1387/452/1409 1335/454/1410 1332/453/1411 1366/450/1407
f 1391/455/1412 1389/458/1413 1388/457/1414 1394/456/1415
f 1418/459/1416 1315/461/1417 1313/368/1331 1369/460/1418
f 1332/453/1411 1319/435/1394 1316/417/1375 1366/450/1407
f 1312/420/1380 1314/367/1332 1313/368/1331 1315/461/1417
f 1326/462/1419 1324/465/1420 1325/464/1421 1327/463/1422
f 1375/440/1395 1370/466/1423 1371/369/1330 1376/439/1396
f 1321/415/1377 1341/468/1424 1342/467/1425 1320/414/1374
f 1340/469/1426 1334/470/1427 1335/454/1410 1389/458/1413
f 1403/448/1406 1385/471/1428 1386/432/1390 1404/433/1391
f 1316/417/1375 1319/435/1394 1318/436/1388 1317/416/1376
f 1349/451/1408 1345/474/1429 1347/473/1430 1350/472/1431
f 1336/475/1432 1327/463/1422 1325/464/1421 1331/476/1433
f 1331/476/1433 1325/464/1421 1322/434/1392 1330/477/1434
f 1438/478/1435 1434/481/1436 1324/480/1420 1326/479/1419
f 1337/482/1437 1364/484/1438 1365/483/1439 1336/475/1432
f 1324/465/1420 1323/437/1393 1322/434/1392 1325/464/1421
f 1322/434/1392 1319/435/1394 1332/453/1411 1330/477/1434
f 1339/485/1440 1333/486/1441 1334/470/1427 1340/469/1426
f 1459/487/1442 1438/478/1435 1326/479/1419 1328/488/1443
f 1463/489/1444 1459/487/1442 1328/488/1443 1362/490/1445
f 1332/453/1411 1335/454/1410 1334/470/1427 1330/477/1434
f 1336/475/1432 1365/483/1439 1329/491/1446 1327/463/1422
f 1492/492/1447 1452/495/1448 1449/494/1449 1491/493/1450
f 1333/486/1441 1337/482/1437 1336/475/1432 1331/476/1433
f 1419/496/1451 1355/499/1452 1352/498/1453 1422/497/1454
f 1396/500/1455 1339/485/1440 1340/469/1426 1390/501/1456
f 1397/502/1457 1338/503/1458 1339/485/1440 1396/500/1455
f 1338/503/1458 1421/504/1459 1364/484/1438 1337/482/1437
f 1343/505/1460 1346/506/1461 1345/474/1429 1342/467/1425
f 1529/507/1462 1514/510/1463 1513/509/1464 1528/508/1465
f 1342/467/1425 1345/474/1429 1349/451/1408 1320/414/1374
f 1284/348/1313 1392/380/1343 1395/511/1466 1409/347/1310
f 1343/505/1460 1342/467/1425 1341/468/1424 1344/512/1467
f 1347/473/1430 1351/514/1468 1353/513/1469 1350/472/1431
f 1363/515/1470 1348/518/1471 1346/517/1461 1360/516/1472
f 1353/513/1469 1388/457/1414 1387/452/1409 1350/472/1431
f 1348/519/1471 1352/520/1453 1351/514/1468 1347/473/1430
f 1402/521/1473 1358/522/1474 1385/471/1428 1403/448/1406
f 1479/523/1475 1483/526/1476 1480/525/1477 1484/524/1478
f 1387/452/1409 1366/450/1407 1349/451/1408 1350/472/1431
f 1355/527/1452 1426/530/1479 1427/529/1480 1354/528/1481
f 1354/528/1481 1351/514/1468 1352/520/1453 1355/527/1452
f 1425/402/1363 1378/403/1364 1379/438/1397 1432/531/1482
f 1383/532/1483 1385/471/1428 1358/522/1474 1359/533/1484
f 1358/522/1474 1402/521/1473 1407/535/1485 1357/534/1486
f 1432/531/1482 1430/538/1487 1431/537/1488 1399/536/1489
f 1357/534/1486 1427/529/1480 1426/530/1479 1356/539/1490
f 1401/540/1491 1359/543/1484 1356/542/1490 1429/541/1492
f 1417/544/1493 1414/545/1494 1415/355/1318 1416/331/1294
f 1358/522/1474 1357/534/1486 1356/539/1490 1359/533/1484
f 1408/546/1495 1400/547/1496 1354/528/1481 1427/529/1480
f 1364/484/1438 1363/515/1470 1360/516/1472 1365/483/1439
f 1421/504/1459 1422/497/1454 1363/515/1470 1364/484/1438
f 1463/489/1444 1362/490/1445 1344/549/1467 1474/548/1497
f 1380/550/1498 1367/366/1329 1368/410/1371 1384/551/1499
f 1373/427/1385 1369/460/1418 1370/466/1423 1372/552/1500
f 1370/466/1423 1375/440/1395 1377/398/1359 1372/552/1500
f 1333/486/1441 1331/476/1433 1330/477/1434 1334/470/1427
f 1413/423/1383 1418/459/1416 1369/460/1418 1373/427/1385
f 1333/486/1441 1339/485/1440 1338/503/1458 1337/482/1437
f 1313/368/1331 1371/369/1330 1370/466/1423 1369/460/1418
f 1401/540/1491 1384/551/1499 1383/553/1483 1359/543/1484
f 1423/399/1361 1374/554/1501 1372/552/1500 1377/398/1359
f 1286/400/1360 1377/398/1359 1375/440/1395 1378/403/1364
f 1384/551/1499 1368/410/1371 1382/411/1373 1383/553/1483
f 1432/531/1482 1379/438/1397 1381/555/1502 1430/538/1487
f 1381/555/1502 1379/438/1397 1376/439/1396 1380/550/1498
f 1424/350/1311 1402/521/1473 1403/448/1406 1405/449/1405
f 1399/536/1489 1397/502/1457 1396/500/1455 1398/556/1503
f 1417/544/1493 1311/442/1399 1312/420/1380 1315/461/1417
f 1397/502/1457 1420/557/1504 1421/504/1459 1338/503/1458
f 1390/501/1456 1340/469/1426 1389/458/1413 1391/455/1412
f 1394/456/1415 1400/547/1496 1408/546/1495 1395/511/1466
f 1393/381/1345 1390/501/1456 1391/455/1412 1392/380/1343
f 1422/497/1454 1352/498/1453 1348/518/1471 1363/515/1470
f 1432/531/1482 1399/536/1489 1398/556/1503 1425/402/1363
f 1399/536/1489 1431/537/1488 1420/557/1504 1397/502/1457
f 1396/500/1455 1390/501/1456 1393/381/1345 1398/556/1503
f 1400/547/1496 1394/456/1415 1388/457/1414 1353/513/1469
f 1391/455/1412 1394/456/1415 1395/511/1466 1392/380/1343
f 1360/516/1472 1346/517/1461 1343/559/1460 1361/558/1505
f 1285/382/1344 1425/402/1363 1398/556/1503 1393/381/1345
f 1414/545/1494 1412/424/1382 1410/356/1319 1415/355/1318
f 1487/560/1506 1481/563/1507 1482/562/1508 1488/561/1509
f 1374/554/1501 1423/399/1361 1405/449/1405 1406/441/1398
f 1430/538/1487 1381/555/1502 1401/540/1491 1429/541/1492
f 1395/511/1466 1408/546/1495 1407/535/1485 1409/347/1310
f 1402/521/1473 1424/350/1311 1409/347/1310 1407/535/1485
f 1302/419/1379 1411/394/1355 1410/356/1319 1412/424/1382
f 1328/564/1443 1326/462/1419 1327/463/1422 1329/491/1446
f 1418/459/1416 1414/545/1494 1417/544/1493 1315/461/1417
f 1401/540/1491 1381/555/1502 1380/550/1498 1384/551/1499
f 1430/538/1487 1429/541/1492 1428/565/1510 1431/537/1488
f 1361/558/1505 1343/559/1460 1344/567/1467 1362/566/1445
f 1421/504/1459 1420/557/1504 1419/496/1451 1422/497/1454
f 1405/449/1405 1423/399/1361 1283/349/1312 1424/350/1311
f 1308/443/1400 1288/568/1366 1292/425/1334 1306/421/1381
f 1416/331/1294 1310/332/1297 1311/442/1399 1417/544/1493
f 1382/569/1373 1305/370/1333 1303/371/1336 1386/432/1390
f 1389/458/1413 1335/454/1410 1387/452/1409 1388/457/1414
f 1448/570/1511 1321/571/1377 1317/431/1376 1446/428/1387
f 1475/572/1512 1341/573/1424 1321/571/1377 1448/570/1511
f 1474/574/1497 1344/575/1467 1341/573/1424 1475/572/1512
f 1323/576/1393 1439/577/1513 1444/429/1389 1318/430/1388
f 1426/578/1479 1428/565/1510 1429/541/1492 1356/542/1490
f 1361/558/1505 1329/491/1446 1365/483/1439 1360/516/1472
f 1408/546/1495 1427/529/1480 1357/534/1486 1407/535/1485
f 1418/459/1416 1413/423/1383 1412/424/1382 1414/545/1494
f 1406/441/1398 1301/418/1378 1299/426/1386 1374/554/1501
f 1297/406/1367 1302/419/1379 1300/422/1384 1298/409/1370
f 1400/547/1496 1353/513/1469 1351/514/1468 1354/528/1481
f 1380/550/1498 1376/439/1396 1371/369/1330 1367/366/1329
f 1347/473/1430 1345/474/1429 1346/506/1461 1348/519/1471
f 1382/569/1373 1386/432/1390 1385/471/1428 1383/532/1483
f 1324/480/1420 1434/481/1436 1439/577/1513 1323/576/1393
f 1361/558/1505 1362/566/1445 1328/564/1443 1329/491/1446
f 1299/426/1386 1373/427/1385 1372/552/1500 1374/554/1501
f 1268/306/1275 1266/307/1274 1263/396/1357 1267/404/1365
f 1251/299/1268 1241/309/1277 1242/310/1276 1245/298/1269
f 1290/364/1327 1244/377/1340 1243/300/1270 1294/363/1328
f 1459/487/1442 1463/489/1444 1462/580/1514 1460/579/1515
f 1458/581/1516 1435/584/1517 1436/583/1518 1466/582/1519
f 1443/585/1520 1442/588/1521 1433/587/1522 1437/586/1523
f 1483/526/1476 1479/523/1475 1478/590/1524 1485/589/1525
f 1288/568/1366 1308/443/1400 1309/376/1339 1287/388/1351
f 1441/591/1526 1436/583/1518 1433/587/1522 1442/588/1521
f 1437/586/1523 1460/579/1515 1461/592/1527 1443/585/1520
f 1439/577/1513 1434/481/1436 1435/584/1517 1440/593/1528
f 1460/579/1515 1437/586/1523 1438/478/1435 1459/487/1442
f 1434/481/1436 1438/478/1435 1437/586/1523 1433/587/1522
f 1451/594/1529 1445/596/1530 1440/593/1528 1454/595/1531
f 1435/584/1517 1434/481/1436 1433/587/1522 1436/583/1518
f 1442/588/1521 1503/598/1532 1504/597/1533 1441/591/1526
f 1448/570/1511 1446/428/1387 1447/600/1534 1500/599/1535
f 1451/594/1529 1452/601/1448 1447/600/1534 1445/596/1530
f 1445/596/1530 1447/600/1534 1446/428/1387 1444/429/1389
f 1499/602/1536 1497/605/1537 1467/604/1538 1470/603/1539
f 1454/595/1531 1440/593/1528 1435/584/1517 1458/581/1516
f 1420/557/1504 1431/537/1488 1428/565/1510 1419/496/1451
f 1426/578/1479 1355/499/1452 1419/496/1451 1428/565/1510
f 1444/429/1389 1439/577/1513 1440/593/1528 1445/596/1530
f 1441/591/1526 1469/606/1540 1466/582/1519 1436/583/1518
f 1511/607/1541 1524/610/1542 1523/609/1543 1510/608/1544
f 1457/444/1401 1453/445/1404 1454/612/1531 1458/611/1516
f 1457/444/1401 1465/613/1545 1467/604/1538 1456/447/1402
f 1452/601/1448 1492/614/1447 1500/599/1535 1447/600/1534
f 1453/445/1404 1450/446/1403 1451/615/1529 1454/612/1531
f 1450/446/1403 1456/447/1402 1455/616/1546 1449/494/1449
f 1513/509/1464 1504/597/1533 1503/598/1532 1512/617/1547
f 1510/608/1544 1501/619/1548 1502/618/1549 1511/607/1541
f 1515/620/1550 1472/623/1551 1471/622/1552 1514/621/1463
f 1451/615/1529 1450/446/1403 1449/494/1449 1452/495/1448
f 1455/616/1546 1495/624/1553 1491/493/1450 1449/494/1449
f 1460/579/1515 1462/580/1514 1464/625/1554 1461/592/1527
f 1472/623/1551 1468/627/1555 1469/626/1540 1471/622/1552
f 1505/628/1556 1509/629/1557 1512/617/1547 1503/598/1532
f 1465/613/1545 1457/444/1401 1458/611/1516 1466/630/1519
f 1486/631/1558 1482/632/1508 1483/526/1476 1485/589/1525
f 1464/625/1554 1502/618/1549 1501/619/1548 1461/592/1527
f 1526/633/1559 1512/617/1547 1509/629/1557 1525/634/1560
f 1470/603/1539 1467/604/1538 1465/613/1545 1468/627/1555
f 1466/630/1519 1469/626/1540 1468/627/1555 1465/613/1545
f 1502/618/1549 1464/625/1554 1479/523/1475 1484/524/1478
f 1493/635/1561 1486/631/1558 1485/589/1525 1476/636/1562
f 1499/602/1536 1470/603/1539 1473/638/1563 1506/637/1564
f 1500/599/1535 1477/639/1565 1475/572/1512 1448/570/1511
f 1469/606/1540 1441/591/1526 1504/597/1533 1471/640/1552
f 1473/638/1563 1470/603/1539 1468/627/1555 1472/623/1551
f 1517/641/1566 1506/637/1564 1473/638/1563 1516/642/1567
f 1516/642/1567 1473/638/1563 1472/623/1551 1515/620/1550
f 1476/643/1562 1474/574/1497 1475/572/1512 1477/639/1565
f 1531/644/1568 1530/645/1569 1526/633/1559 1525/634/1560
f 1485/589/1525 1478/590/1524 1474/574/1497 1476/636/1562
f 1519/646/1570 1534/649/1571 1535/648/1572 1520/647/1573
f 1528/508/1465 1513/509/1464 1512/617/1547 1526/633/1559
f 1522/650/1574 1484/524/1478 1480/525/1477 1521/651/1575
f 1501/619/1548 1510/608/1544 1509/629/1557 1505/628/1556
f 1524/610/1542 1533/653/1576 1532/652/1577 1523/609/1543
f 1498/654/1578 1508/655/1579 1487/560/1506 1488/561/1509
f 1514/510/1463 1471/640/1552 1504/597/1533 1513/509/1464
f 1482/632/1508 1481/656/1507 1480/525/1477 1483/526/1476
f 1516/642/1567 1531/658/1568 1532/657/1577 1517/641/1566
f 1525/634/1560 1509/629/1557 1510/608/1544 1523/609/1543
f 1490/659/1580 1494/662/1581 1493/661/1561 1489/660/1582
f 1519/646/1570 1487/560/1506 1508/655/1579 1518/663/1583
f 1511/607/1541 1502/618/1549 1484/524/1478 1522/650/1574
f 1491/493/1450 1490/659/1580 1489/660/1582 1492/492/1447
f 1508/655/1579 1498/654/1578 1499/602/1536 1506/637/1564
f 1518/663/1583 1508/655/1579 1506/637/1564 1517/641/1566
f 1496/664/1584 1507/665/1585 1494/662/1581 1495/624/1553
f 1497/605/1537 1496/664/1584 1495/624/1553 1455/616/1546
f 1498/654/1578 1488/561/1509 1507/665/1585 1496/664/1584
f 1503/598/1532 1442/588/1521 1443/585/1520 1505/628/1556
f 1478/590/1524 1462/580/1514 1463/489/1444 1474/548/1497
f 1479/523/1475 1464/625/1554 1462/580/1514 1478/590/1524
f 1494/662/1581 1507/665/1585 1486/667/1558 1493/666/1561
f 1498/654/1578 1496/664/1584 1497/605/1537 1499/602/1536
f 1507/665/1585 1488/561/1509 1482/562/1508 1486/667/1558
f 1497/605/1537 1455/616/1546 1456/447/1402 1467/604/1538
f 1534/668/1571 1533/653/1576 1524/610/1542 1527/669/1586
f 1534/649/1571 1519/646/1570 1518/663/1583 1533/670/1576
f 1530/645/1569 1529/671/1462 1528/508/1465 1526/633/1559
f 1536/672/1587 1521/651/1575 1520/673/1573 1535/648/1572
f 1514/621/1463 1529/671/1462 1530/674/1569 1515/620/1550
f 1489/675/1582 1493/635/1561 1476/643/1562 1477/639/1565
f 1505/628/1556 1443/585/1520 1461/592/1527 1501/619/1548
f 1481/656/1507 1520/673/1573 1521/651/1575 1480/525/1477
f 1500/599/1535 1492/614/1447 1489/675/1582 1477/639/1565
f 1520/647/1573 1481/563/1507 1487/560/1506 1519/646/1570
f 1527/669/1586 1522/650/1574 1521/651/1575 1536/672/1587
f 1494/662/1581 1490/659/1580 1491/493/1450 1495/624/1553
f 1536/672/1587 1535/676/1572 1534/668/1571 1527/669/1586
f 1527/669/1586 1524/610/1542 1511/607/1541 1522/650/1574
f 1531/644/1568 1525/634/1560 1523/609/1543 1532/652/1577
f 1517/641/1566 1532/657/1577 1533/670/1576 1518/663/1583
f 1515/620/1550 1530/674/1569 1531/658/1568 1516/642/1567
usemtl Body_Body
f 1559/677/1588 1846/678/1589 1848/679/1590 1585/680/1591
f 1566/681/1592 1562/682/1593 1561/683/1594
f 1585/680/1591 1584/684/1595 1541/685/1596 1542/686/1597
f 1586/687/1598 1590/688/1599 1592/689/1600
f 1954/690/1601 1937/688/1602 1945/691/1603
f 1551/692/1604 1554/693/1605 1552/694/1606 1560/695/1607
f 1845/696/1608 1849/697/1609 1844/698/1610
f 1553/699/1611 1554/693/1605 1549/700/1612
f 1881/701/1613 1742/702/1614 1837/703/1615
f 1839/704/1616 1834/705/1617 1835/706/1618
f 1606/707/1619 1614/708/1620 1854/709/1621
f 1546/710/1622 1550/711/1623 1549/700/1612 1554/712/1605
f 1728/713/1624 1731/714/1625 1730/715/1626
f 1909/682/1627 1913/681/1628 1908/683/1629
f 1845/696/1608 1844/698/1610 1832/716/1630
f 1837/703/1615 1836/717/1631 1548/718/1632 1881/701/1613
f 1553/699/1611 1827/719/1633 1552/694/1606
f 1603/720/1634 1589/721/1635 1588/722/1636 1599/723/1637
f 1567/724/1638 1568/725/1639 1561/683/1594 1562/682/1593
f 1717/726/1640 1718/727/1641 1564/728/1642 1565/729/1643
f 1804/730/1644 1808/731/1645 1792/732/1646
f 1847/733/1647 1845/696/1608 1851/734/1648
f 1731/714/1625 1570/735/1649 1569/736/1650
f 1568/725/1639 1569/736/1650 1561/683/1594
f 1882/737/1651 1789/738/1652 1790/739/1653 1813/740/1654
f 1579/741/1655 1578/742/1656 1572/743/1657
f 1580/744/1658 1787/745/1659 1582/746/1660 1583/747/1661
f 1824/748/1662 1822/749/1663 1818/750/1664
f 1543/751/1665 1573/752/1666 1571/753/1667 1575/754/1668
f 1574/755/1669 1571/753/1667 1572/743/1657 1578/742/1656
f 1556/756/1670 1545/757/1671 1555/758/1672
f 1579/741/1655 1793/759/1673 1578/742/1656
f 1584/684/1595 1569/736/1650 1573/752/1666 1541/685/1596
f 1786/760/1674 1787/745/1659 1784/761/1675
f 1583/747/1661 1576/762/1676 1574/755/1669
f 1544/763/1677 1542/686/1597 1541/685/1596
f 1791/764/1678 1789/738/1652 1793/759/1673 1579/741/1655
f 2093/765/1679 2096/766/1680 2092/767/1681
f 1580/744/1658 1583/747/1661 1574/755/1669
f 1735/768/1682 1577/769/1683 1576/762/1676 1581/770/1684
f 1719/771/1685 1722/772/1686 1721/773/1687
f 1883/774/1688 1780/775/1689 1782/776/1690
f 1788/777/1691 1791/764/1678 1567/724/1638
f 1613/778/1692 1603/720/1634 1599/723/1637 1602/779/1693
f 1804/730/1644 1882/737/1651 1803/780/1694
f 1807/781/1695 1794/782/1696 1785/783/1697 1792/732/1646
f 1918/753/1698 1919/743/1699 1920/752/1700
f 1731/714/1625 1569/736/1650 1584/684/1595
f 1543/751/1665 1544/763/1677 1541/685/1596
f 1555/758/1672 1545/757/1671 1575/754/1668 1577/769/1683
f 1556/756/1670 1547/784/1701 1550/785/1623 1540/786/1702
f 1546/710/1622 1540/786/1702 1550/785/1623
f 1738/787/1703 1771/788/1704 1750/789/1705
f 1557/790/1706 1551/692/1604 1560/695/1607
f 1560/791/1607 1559/677/1588 1557/790/1706
f 1594/792/1707 1587/793/1708 1586/687/1598 1593/794/1709
f 1612/795/1710 1610/796/1711 1609/797/1712
f 1590/688/1599 1589/721/1635 1608/798/1713 1607/690/1714
f 1612/795/1710 1608/798/1713 1611/799/1715
f 1592/689/1600 1590/688/1599 1598/691/1716
f 1587/793/1708 1591/800/1717 1586/687/1598
f 1607/690/1714 1612/795/1710 1609/797/1712
f 1640/801/1718 1638/802/1719 1620/803/1720
f 1641/804/1721 1619/805/1722 1639/806/1723
f 1606/707/1619 1604/807/1724 1594/792/1707 1596/808/1725
f 1603/720/1634 1611/799/1715 1608/798/1713
f 1586/687/1598 1592/689/1600 1593/794/1709
f 1605/809/1726 1601/810/1727 1600/811/1728
f 1609/797/1712 1595/812/1729 1597/813/1730 1598/691/1716
f 1588/722/1636 1600/811/1728 1599/723/1637
f 1802/814/1731 1800/815/1732 1631/816/1733
f 1614/708/1620 1615/817/1734 1613/778/1692
f 1721/773/1687 1602/779/1693 1601/810/1727 1852/818/1735
f 1612/819/1710 1607/690/1714 1608/798/1713
f 1605/809/1726 1604/807/1724 1601/810/1727
f 1604/807/1724 1605/809/1726 1594/792/1707
f 1862/820/1736 1856/821/1737 1860/822/1738
f 1621/823/1739 1620/803/1720 1616/824/1740
f 1642/825/1741 1643/826/1742 1626/827/1743
f 1615/817/1734 1606/707/1619 1596/808/1725
f 1588/722/1636 1591/800/1717 1587/793/1708
f 1614/708/1620 1613/778/1692 1602/779/1693
f 1596/808/1725 1594/792/1707 1593/794/1709
f 1601/810/1727 1604/807/1724 1855/828/1744
f 1589/721/1635 1591/800/1717 1588/722/1636
f 1644/829/1745 1641/804/1721 1639/806/1723 1632/830/1746
f 1594/792/1707 1605/809/1726 1587/793/1708
f 1591/800/1717 1589/721/1635 1590/688/1599
f 1610/796/1711 1596/808/1725 1609/797/1712
f 1593/794/1709 1592/689/1600 1595/812/1729
f 1625/831/1747 1622/832/1748 1638/802/1719 1637/833/1749
f 1646/834/1750 1648/835/1751 1647/836/1752
f 1607/690/1714 1609/797/1712 1598/691/1716
f 1844/698/1610 1558/837/1753 1832/716/1630
f 1606/707/1619 1854/709/1621 1727/838/1754 1855/828/1744
f 1608/798/1713 1589/721/1635 1603/720/1634
f 1626/827/1743 1624/839/1755 1623/840/1756
f 1795/841/1757 1636/842/1758 1646/834/1750 1631/816/1733
f 1587/793/1708 1605/809/1726 1600/811/1728
f 1587/793/1708 1600/811/1728 1588/722/1636
f 1615/817/1734 1610/796/1711 1613/778/1692
f 1612/795/1710 1611/799/1715 1610/796/1711
f 1856/821/1737 1861/843/1759 1860/822/1738
f 1642/825/1741 1625/831/1747 1637/833/1749 1638/802/1719
f 1610/796/1711 1615/817/1734 1596/808/1725
f 1617/844/1760 1616/824/1740 1623/840/1756 1624/839/1755
f 1641/804/1721 1640/801/1718 1620/803/1720 1619/805/1722
f 1648/835/1751 1626/827/1743 1643/826/1742
f 1620/803/1720 1621/845/1739 1619/805/1722
f 1654/846/1761 1653/847/1762 1649/848/1763
f 1794/782/1696 1807/781/1695 1630/849/1764
f 1630/849/1764 1807/781/1695 1802/814/1731
f 1621/845/1739 1616/824/1740 1617/844/1760
f 1814/850/1765 1664/851/1766 1816/852/1767
f 1802/814/1731 1631/816/1733 1627/853/1768 1630/849/1764
f 1629/854/1769 1627/853/1768 1632/830/1746 1639/806/1723
f 1647/836/1752 1644/829/1745 1632/830/1746
f 1794/782/1696 1630/849/1764 1633/855/1770 1636/842/1758
f 1626/827/1743 1648/835/1751 1635/856/1771
f 1649/848/1763 1653/847/1762 1655/857/1772
f 1673/858/1773 1671/859/1774 1653/847/1762
f 1617/844/1760 1629/854/1769 1618/860/1775
f 1645/861/1776 1640/801/1718 1641/804/1721
f 1628/862/1777 1630/849/1764 1627/853/1768
f 1646/834/1750 1632/830/1746 1627/853/1768 1631/816/1733
f 1628/862/1777 1634/863/1778 1633/855/1770
f 1814/850/1765 1816/852/1767 1811/864/1779
f 1719/771/1685 1850/865/1780 1723/866/1781
f 1629/854/1769 1628/862/1777 1627/853/1768
f 1623/840/1756 1616/824/1740 1622/832/1748
f 1629/854/1769 1634/863/1778 1628/862/1777
f 1624/839/1755 1634/863/1778 1617/844/1760
f 1618/860/1775 1639/806/1723 1619/805/1722
f 1644/829/1745 1647/836/1752 1643/826/1742
f 1644/829/1745 1645/867/1776 1641/804/1721
f 1635/856/1771 1636/842/1758 1633/855/1770
f 1636/842/1758 1635/856/1771 1646/834/1750
f 1634/863/1778 1624/839/1755 1633/855/1770
f 1678/868/1782 1677/869/1783 1676/870/1784
f 1630/849/1764 1628/862/1777 1633/855/1770
f 1800/815/1732 1795/841/1757 1631/816/1733
f 1669/871/1785 1668/872/1786 1679/873/1787
f 1620/803/1720 1638/802/1719 1622/832/1748
f 1674/874/1788 1652/875/1789 1672/876/1790
f 1618/860/1775 1629/854/1769 1639/806/1723
f 1675/877/1791 1676/870/1784 1659/878/1792
f 1642/825/1741 1626/827/1743 1623/840/1756 1625/831/1747
f 1640/801/1718 1645/867/1776 1642/825/1741
f 1810/879/1793 1669/871/1785 1679/873/1787 1664/851/1766
f 1658/880/1794 1655/857/1772 1671/859/1774 1670/881/1795
f 1672/876/1790 1651/882/1796 1662/883/1797
f 1656/884/1798 1649/848/1763 1655/857/1772
f 1643/826/1742 1645/867/1776 1644/829/1745
f 1647/836/1752 1632/830/1746 1646/834/1750
f 1625/831/1747 1623/840/1756 1622/832/1748
f 1638/802/1719 1640/801/1718 1642/825/1741
f 1647/836/1752 1648/835/1751 1643/826/1742
f 1635/856/1771 1648/835/1751 1646/834/1750
f 1617/844/1760 1634/863/1778 1629/854/1769
f 1645/867/1776 1643/826/1742 1642/825/1741
f 1657/885/1799 1650/886/1800 1649/848/1763 1656/884/1798
f 1674/874/1788 1673/858/1773 1653/847/1762 1652/875/1789
f 1690/887/1801 1692/888/1802 1701/889/1803 1699/890/1804
f 1687/891/1805 1686/892/1806 1682/893/1807
f 1655/857/1772 1653/847/1762 1671/859/1774
f 1650/886/1800 1654/894/1761 1649/848/1763
f 1850/865/1780 1845/696/1608 1832/716/1630 1723/866/1781
f 1713/895/1808 1710/896/1809 1698/897/1810
f 1663/898/1811 1666/899/1812 1669/871/1785 1809/900/1813
f 1662/883/1797 1660/901/1814 1665/902/1815 1672/876/1790
f 1675/877/1791 1658/880/1794 1670/881/1795 1671/859/1774
f 1681/903/1816 1659/878/1792 1676/870/1784
f 1679/873/1787 1681/903/1816 1680/904/1817
f 1673/858/1773 1678/868/1782 1675/877/1791
f 1825/905/1818 1831/906/1819 1724/907/1820
f 1706/908/1821 1704/909/1822 1686/892/1823
f 1667/910/1824 1657/885/1799 1666/899/1812
f 1663/898/1811 1809/900/1813 1817/911/1825 1816/852/1767
f 1651/882/1796 1654/894/1761 1650/886/1800
f 1816/852/1767 1664/851/1766 1660/901/1814 1663/898/1811
f 1658/880/1794 1656/884/1798 1655/857/1772
f 1654/894/1761 1652/875/1789 1653/847/1762
f 1680/904/1817 1665/902/1815 1679/873/1787
f 1673/858/1773 1675/877/1791 1671/859/1774
f 1668/872/1786 1669/871/1785 1666/899/1812
f 1767/912/1826 1702/913/1827 1712/914/1828 1697/915/1829
f 1651/882/1796 1672/876/1790 1652/875/1789
f 1678/868/1782 1674/874/1788 1677/869/1783
f 1724/907/1820 1723/866/1781 1825/905/1818
f 1680/904/1817 1677/869/1783 1665/902/1815
f 1663/898/1811 1661/916/1830 1666/899/1812
f 1678/917/1782 1673/858/1773 1674/874/1788
f 1662/883/1797 1667/910/1824 1661/916/1830
f 1677/869/1783 1680/904/1817 1676/870/1784
f 1668/872/1786 1666/899/1812 1657/885/1799 1659/878/1792
f 1657/885/1799 1667/910/1824 1650/886/1800
f 1712/914/1828 1714/918/1831 1713/895/1808
f 1677/869/1783 1674/874/1788 1672/876/1790 1665/902/1815
f 1679/873/1787 1665/902/1815 1660/901/1814 1664/851/1766
f 1668/872/1786 1681/903/1816 1679/873/1787
f 1814/850/1765 1810/879/1793 1664/851/1766
f 1678/868/1782 1676/870/1784 1675/877/1791
f 1772/919/1832 1697/915/1829 1774/920/1833
f 1667/910/1824 1666/899/1812 1661/916/1830
f 1768/921/1834 1769/922/1835 1770/923/1836
f 1661/916/1830 1663/898/1811 1660/901/1814
f 1659/878/1792 1681/903/1816 1668/872/1786
f 1675/877/1791 1659/878/1792 1656/884/1798 1658/880/1794
f 1681/903/1816 1676/870/1784 1680/904/1817
f 1661/916/1830 1660/901/1814 1662/883/1797
f 1682/893/1807 1686/892/1823 1688/924/1837
f 1708/925/1838 1692/888/1802 1689/926/1839 1691/927/1840
f 1650/886/1800 1667/910/1824 1662/883/1797
f 1650/886/1800 1662/883/1797 1651/882/1796
f 1703/928/1841 1691/927/1840 1688/924/1837 1704/909/1822
f 1779/929/1842 1696/930/1843 1766/931/1844
f 1708/925/1838 1691/927/1840 1703/928/1841 1704/909/1822
f 1689/926/1839 1690/887/1801 1683/932/1845 1682/893/1807
f 1716/933/1846 1722/934/1686 1715/935/1847
f 1707/936/1848 1706/908/1821 1686/892/1823 1685/937/1849
f 1695/938/1850 1694/939/1851 1693/940/1852
f 1687/941/1805 1682/893/1807 1683/932/1845
f 1686/892/1823 1687/941/1805 1685/937/1849
f 1712/914/1828 1698/897/1810 1693/940/1852 1697/915/1829
f 1711/942/1853 1706/908/1821 1707/936/1848
f 1774/920/1833 1697/915/1829 1693/940/1852 1696/930/1843
f 1688/924/1837 1686/892/1823 1704/909/1822
f 1707/936/1848 1685/937/1849 1705/943/1854
f 1705/943/1854 1695/938/1850 1693/940/1852 1698/897/1810
f 1702/913/1827 1766/931/1844 1696/930/1843 1699/890/1804
f 1694/939/1851 1696/930/1843 1693/940/1852
f 1683/932/1845 1700/944/1855 1695/938/1850
f 1746/765/1856 1747/945/1857 1748/946/1858
f 1852/818/1735 1851/734/1648 1845/696/1608 1850/865/1780
f 1689/926/1839 1688/924/1837 1691/927/1840
f 1720/947/1859 1716/933/1846 1726/948/1860 1727/838/1754
f 1700/944/1855 1699/890/1804 1694/939/1851
f 1718/727/1641 1715/935/1847 1724/907/1820 1725/949/1861
f 1700/944/1855 1690/887/1801 1699/890/1804
f 1682/893/1807 1688/924/1837 1689/926/1839
f 1737/950/1862 1744/951/1863 1740/952/1864
f 1779/929/1842 1774/920/1833 1696/930/1843
f 1710/896/1809 1713/895/1808 1709/953/1865
f 1700/944/1855 1683/932/1845 1690/887/1801
f 1705/943/1854 1685/937/1849 1684/954/1866
f 1685/937/1849 1687/941/1805 1684/954/1866
f 1702/913/1827 1701/889/1803 1712/914/1828
f 1696/930/1843 1694/939/1851 1699/890/1804
f 1683/932/1845 1695/938/1850 1684/954/1866
f 1743/955/1867 1746/765/1856 1748/946/1858 1843/956/1868
f 1711/957/1853 1708/925/1838 1706/908/1821
f 1700/944/1855 1694/939/1851 1695/938/1850
f 1714/918/1831 1692/888/1802 1709/953/1865
f 1708/925/1838 1709/953/1865 1692/888/1802
f 1881/701/1613 1555/758/1672 1577/769/1683 1733/958/1869
f 1705/943/1854 1684/954/1866 1695/938/1850
f 1772/919/1832 1767/912/1826 1697/915/1829
f 1701/889/1803 1702/913/1827 1699/890/1804
f 1701/889/1803 1714/918/1831 1712/914/1828
f 1711/957/1853 1710/896/1809 1709/953/1865
f 1713/895/1808 1698/897/1810 1712/914/1828
f 1570/735/1649 1729/959/1870 1717/726/1640
f 1798/960/1871 1805/961/1872 1841/962/1873
f 1762/963/1874 1763/964/1875 1734/965/1876
f 1714/918/1831 1701/889/1803 1692/888/1802
f 1713/895/1808 1714/918/1831 1709/953/1865
f 1690/887/1801 1689/926/1839 1692/888/1802
f 1757/966/1877 1758/967/1878 1749/766/1879 1745/767/1880
f 1743/955/1867 1741/968/1881 1740/952/1864
f 1723/866/1781 1724/907/1820 1715/935/1847 1719/771/1685
f 1831/906/1819 1725/949/1861 1724/907/1820
f 1711/957/1853 1709/953/1865 1708/925/1838
f 1716/933/1846 1715/935/1847 1718/727/1641 1717/726/1640
f 1743/955/1867 1740/952/1864 1745/767/1880 1746/765/1856
f 1872/969/1882 1874/970/1883 1860/822/1738
f 1780/775/1689 1783/971/1884 1782/776/1690
f 1564/728/1642 1566/681/1592 1565/729/1643
f 1570/735/1649 1717/726/1640 1565/729/1643
f 1722/772/1686 1719/771/1685 1715/935/1847
f 1734/965/1876 1739/972/1885 1732/973/1886
f 1852/818/1735 1855/828/1744 1727/838/1754 1851/734/1648
f 1815/974/1887 1790/739/1653 1810/879/1793
f 1806/975/1888 1798/960/1871 1797/976/1889
f 2104/966/1890 2100/977/1891 2092/767/1681
f 1841/962/1873 1725/949/1861 1830/978/1892
f 1597/813/1730 1595/812/1729 1592/689/1600 1598/691/1716
f 1609/797/1712 1596/808/1725 1593/794/1709 1595/812/1729
f 1734/965/1876 1732/973/1886 1733/958/1869 1735/768/1682
f 1737/950/1862 1739/972/1885 1736/979/1893
f 1737/950/1862 1736/979/1893 1751/980/1894 1744/951/1863
f 1752/981/1895 1751/980/1894 1736/979/1893
f 1870/982/1896 1867/983/1897 1758/967/1878 1869/984/1898
f 1754/985/1899 1755/986/1900 1753/977/1901 1744/951/1863
f 1740/952/1864 1741/968/1881 1732/973/1886 1737/950/1862
f 1739/972/1885 1737/950/1862 1732/973/1886
f 1747/945/1857 1746/765/1856 1749/766/1879
f 1751/980/1894 1754/985/1899 1744/951/1863
f 1738/787/1703 1750/789/1705 1736/979/1893
f 1583/747/1661 1581/770/1684 1576/762/1676
f 1755/986/1900 1756/987/1902 1753/977/1901
f 1730/715/1626 1584/684/1595 1585/680/1591
f 1756/987/1902 1757/966/1877 1753/977/1901
f 1869/984/1898 1878/988/1903 1876/989/1904
f 1868/990/1905 1755/986/1900 1759/991/1906
f 1757/966/1877 1878/988/1903 1869/984/1898
f 1803/780/1694 1882/737/1651 1813/740/1654
f 1751/980/1894 1749/766/1879 1754/985/1899
f 1739/972/1885 1734/965/1876 1763/964/1875 1738/787/1703
f 1754/985/1899 1759/991/1906 1755/986/1900
f 1752/992/1895 1747/945/1857 1749/766/1879
f 1750/789/1705 1771/788/1704 1748/946/1858 1747/945/1857
f 1739/972/1885 1738/787/1703 1736/979/1893
f 1785/783/1697 1794/782/1696 1784/761/1675
f 1751/980/1894 1752/992/1895 1749/766/1879
f 1547/784/1701 1556/756/1670 1555/758/1672
f 1859/993/1907 1861/994/1759 1858/995/1908
f 1735/768/1682 1581/770/1684 1764/996/1909 1762/963/1874
f 1765/997/1910 1766/931/1844 1760/998/1911
f 1763/964/1875 1762/963/1874 1760/998/1911
f 1756/987/1902 1879/999/1912 1757/966/1877
f 1876/989/1904 1877/1000/1913 1871/1001/1914
f 1702/913/1827 1767/912/1826 1760/998/1911 1766/931/1844
f 1778/1002/1915 1776/1003/1916 1775/1004/1917
f 1761/1005/1918 1760/998/1911 1767/912/1826
f 1748/946/1858 1771/788/1704 1768/921/1834
f 1743/955/1867 1842/1006/1919 1741/968/1881
f 1770/923/1836 1775/1004/1917 1853/1007/1920
f 1786/760/1674 1801/1008/1921 1799/1009/1922
f 1582/746/1660 1783/971/1884 1764/996/1909
f 1815/974/1887 1813/740/1654 1790/739/1653
f 1787/745/1659 1782/776/1690 1783/971/1884 1582/746/1660
f 1780/775/1689 1781/1010/1923 1765/997/1910 1783/971/1884
f 1786/760/1674 1784/761/1675 1795/841/1757
f 1778/1011/1915 1770/923/1836 1769/922/1835
f 1774/920/1833 1769/922/1835 1768/921/1834 1772/919/1832
f 1781/1010/1923 1777/1012/1924 1779/929/1842
f 1761/1005/1918 1763/964/1875 1760/998/1911
f 1840/1013/1925 1748/946/1858 1768/921/1834 1770/923/1836
f 1718/727/1641 1725/949/1861 1564/728/1642
f 1828/1014/1926 1829/1015/1927 1553/699/1611
f 1788/777/1691 1567/724/1638 1562/682/1593
f 1578/742/1656 1793/759/1673 1785/783/1697
f 1583/747/1661 1582/746/1660 1581/770/1684
f 1779/929/1842 1777/1012/1924 1769/922/1835 1774/920/1833
f 1773/1016/1928 1772/919/1832 1768/921/1834
f 1777/1012/1924 1778/1011/1915 1769/922/1835
f 1793/759/1673 1792/732/1646 1785/783/1697
f 1711/957/1853 1707/936/1848 1710/896/1809
f 1582/746/1660 1764/996/1909 1581/770/1684
f 1771/788/1704 1773/1016/1928 1768/921/1834
f 1729/959/1870 1726/948/1860 1716/933/1846
f 1729/959/1870 1716/933/1846 1717/726/1640
f 1706/908/1821 1708/925/1838 1704/909/1822
f 1684/954/1866 1687/941/1805 1683/932/1845
f 1799/1009/1922 1796/1017/1929 1775/1004/1917 1776/1003/1916
f 1784/761/1675 1787/745/1659 1580/744/1658
f 1819/1018/1930 1824/748/1662 1818/750/1664
f 1669/871/1785 1810/879/1793 1788/777/1691 1809/900/1813
f 1883/774/1688 1782/776/1690 1786/760/1674 1799/1009/1922
f 1773/1019/1928 1761/1005/1918 1767/912/1826
f 1797/976/1889 1796/1017/1929 1800/815/1732 1802/814/1731
f 1599/723/1637 1600/811/1728 1601/810/1727
f 1820/1020/1931 1818/750/1664 1825/905/1818
f 1800/815/1732 1801/1008/1921 1795/841/1757
f 1563/1021/1932 1812/1022/1933 1817/911/1825
f 1790/739/1653 1791/764/1678 1788/777/1691
f 1802/814/1731 1808/1023/1645 1797/976/1889
f 1807/781/1695 1808/1023/1645 1802/814/1731
f 1775/1004/1917 1796/1017/1929 1797/976/1889 1798/960/1871
f 1805/961/1872 1811/864/1779 1812/1022/1933
f 1808/731/1645 1804/730/1644 1806/975/1888 1797/976/1889
f 1636/842/1758 1795/841/1757 1784/761/1675 1794/782/1696
f 1781/1010/1923 1780/775/1689 1777/1012/1924
f 1793/759/1673 1789/738/1652 1792/732/1646
f 1801/1008/1921 1786/760/1674 1795/841/1757
f 1770/923/1836 1853/1007/1920 1840/1013/1925
f 1618/860/1775 1621/845/1739 1617/844/1760
f 1799/1009/1922 1801/1024/1921 1796/1017/1929
f 1805/961/1872 1803/780/1694 1813/740/1654 1811/864/1779
f 1805/961/1872 1806/1025/1888 1803/780/1694
f 1659/878/1792 1657/885/1799 1656/884/1798
f 1619/805/1722 1621/845/1739 1618/860/1775
f 1792/732/1646 1789/738/1652 1882/737/1651 1804/730/1644
f 1816/852/1767 1817/911/1825 1812/1022/1933 1811/864/1779
f 1806/1025/1888 1804/730/1644 1803/780/1694
f 1815/1026/1887 1814/850/1765 1811/864/1779
f 1813/740/1654 1815/1026/1887 1811/864/1779
f 1839/704/1616 1835/706/1618 1843/956/1868 1840/1013/1925
f 1814/850/1765 1815/974/1887 1810/879/1793
f 1791/764/1678 1790/739/1653 1789/738/1652
f 1838/1027/1934 1842/1006/1919 1743/955/1867
f 1823/1028/1935 1824/748/1662 1819/1018/1930 1829/1015/1927
f 1563/1021/1932 1566/681/1592 1564/728/1642
f 1820/1020/1931 1819/1018/1930 1818/750/1664
f 1832/716/1630 1558/837/1753 1827/719/1633 1820/1020/1931
f 1562/682/1593 1566/681/1592 1563/1021/1932
f 1707/936/1848 1705/943/1854 1698/897/1810 1710/896/1809
f 1853/1007/1920 1775/1004/1917 1798/960/1871
f 1652/875/1789 1654/894/1761 1651/882/1796
f 1826/1029/1936 1825/905/1818 1818/750/1664 1822/749/1663
f 1826/1029/1936 1831/906/1819 1825/905/1818
f 1827/719/1633 1819/1018/1930 1820/1020/1931
f 1552/694/1606 1827/719/1633 1558/837/1753
f 1554/693/1605 1553/699/1611 1552/694/1606
f 1833/1030/1937 1839/704/1616 1840/1013/1925 1853/1007/1920
f 1827/719/1633 1829/1015/1927 1819/1018/1930
f 1823/1028/1935 1829/1015/1927 1828/1014/1926
f 1822/749/1663 1821/1031/1938 1839/704/1616
f 1725/949/1861 1831/906/1819 1830/978/1892
f 1848/679/1590 1849/697/1609 1847/733/1647
f 1853/1007/1920 1841/962/1873 1830/978/1892 1833/1030/1937
f 1726/948/1860 1728/713/1624 1847/733/1647 1851/734/1648
f 1726/948/1860 1851/734/1648 1727/838/1754
f 1560/791/1607 1552/694/1606 1558/837/1753
f 1569/736/1650 1570/735/1649 1565/729/1643 1561/683/1594
f 1891/763/1939 1889/686/1940 1885/1032/1941
f 1565/729/1643 1566/681/1592 1561/683/1594
f 1837/703/1615 1838/1027/1934 1835/706/1618
f 1855/828/1744 1604/807/1724 1606/707/1619
f 1559/677/1588 1560/791/1607 1558/837/1753
f 1831/906/1819 1826/1029/1936 1830/978/1892
f 1927/744/1942 1925/742/1943 1921/755/1944
f 1852/818/1735 1850/865/1780 1721/773/1687
f 1742/702/1614 1842/1006/1919 1837/703/1615
f 1837/703/1615 1835/706/1618 1834/705/1617 1836/717/1631
f 1730/715/1626 1731/714/1625 1584/684/1595
f 1828/1014/1926 1549/700/1612 1548/718/1632 1836/717/1631
f 1849/697/1609 1848/679/1590 1846/678/1589
f 1721/773/1687 1854/709/1621 1602/779/1693
f 1838/1027/1934 1843/956/1868 1835/706/1618
f 1924/769/1945 1923/762/1946 1922/754/1947
f 1841/962/1873 1805/961/1872 1812/1022/1933
f 1602/779/1693 1599/723/1637 1601/810/1727
f 1553/699/1611 1829/1015/1927 1827/719/1633
f 1821/1031/1938 1834/705/1617 1839/704/1616
f 1791/764/1678 1579/741/1655 1567/724/1638
f 2101/985/1948 2105/967/1949 2096/766/1680
f 1606/707/1619 1615/817/1734 1614/708/1620
f 1585/680/1591 1542/686/1597 1559/677/1588
f 1826/1029/1936 1822/749/1663 1833/1030/1937
f 1778/1011/1915 1775/1004/1917 1770/923/1836
f 1855/828/1744 1852/818/1735 1601/810/1727
f 1890/751/1950 1891/1033/1939 1884/1034/1951
f 1886/1035/1952 1903/756/1953 1892/757/1954
f 1848/679/1590 1730/715/1626 1585/680/1591
f 1812/1022/1933 1563/1021/1932 1564/728/1642
f 1733/958/1869 1732/973/1886 1741/968/1881 1742/702/1614
f 1547/784/1701 1881/701/1613 1548/718/1632
f 1752/981/1895 1736/979/1893 1750/789/1705
f 1876/989/1904 1878/988/1903 1875/1036/1955
f 1738/787/1703 1763/964/1875 1761/1005/1918
f 1729/959/1870 1728/713/1624 1726/948/1860
f 1865/1037/1956 1862/820/1736 1874/970/1883 1880/1038/1957
f 1847/733/1647 1849/697/1609 1845/696/1608
f 1873/1039/1958 1875/1036/1955 1866/1040/1959
f 1834/705/1617 1821/1031/1938 1823/1028/1935
f 1834/705/1617 1823/1028/1935 1828/1014/1926 1836/717/1631
f 1850/865/1780 1719/771/1685 1721/773/1687
f 1848/679/1590 1847/733/1647 1728/713/1624 1730/715/1626
f 1731/714/1625 1728/713/1624 1729/959/1870 1570/735/1649
f 1879/999/1912 1756/987/1902 1866/1040/1959
f 1880/1038/1957 1874/970/1883 1873/1039/1958 1865/1037/1956
f 1806/975/1888 1805/961/1872 1798/960/1871
f 1780/775/1689 1883/774/1688 1776/1003/1916 1777/1012/1924
f 1841/962/1873 1812/1022/1933 1564/728/1642 1725/949/1861
f 1915/725/1960 1916/736/1961 1920/752/1700 1919/743/1699
f 1748/946/1858 1840/1013/1925 1843/956/1868
f 1837/703/1615 1842/1006/1919 1838/1027/1934
f 1776/1003/1916 1883/774/1688 1799/1009/1922
f 1821/1031/1938 1824/748/1662 1823/1028/1935
f 1849/697/1609 1846/678/1589 1844/698/1610
f 1884/1034/1951 1886/1035/1952 1892/757/1954 1890/751/1950
f 1891/1033/1939 1885/1032/1941 1884/1034/1951
f 1735/768/1682 1733/958/1869 1577/769/1683
f 1613/778/1692 1611/799/1715 1603/720/1634
f 2216/984/1962 2104/966/1890 2105/967/1949
f 1866/1040/1959 1864/1041/1963 1863/1042/1964
f 1843/956/1868 1838/1027/1934 1743/955/1867
f 1753/977/1901 1745/767/1880 1740/952/1864 1744/951/1863
f 1720/947/1859 1727/838/1754 1854/709/1621
f 1721/773/1687 1720/947/1859 1854/709/1621
f 1611/799/1715 1613/778/1692 1610/796/1711
f 1622/832/1748 1616/824/1740 1620/803/1720
f 1635/856/1771 1633/855/1770 1624/839/1755 1626/827/1743
f 1721/773/1687 1722/934/1686 1720/947/1859
f 1870/982/1896 1858/995/1908 1867/983/1897
f 1720/947/1859 1722/934/1686 1716/933/1846
f 1890/751/1950 1892/757/1954 1922/754/1947
f 1547/784/1701 1555/758/1672 1881/701/1613
f 1864/1041/1963 1857/1043/1965 1856/821/1737 1863/1042/1964
f 1873/1039/1958 1866/1040/1959 1863/1042/1964 1865/1037/1956
f 1871/1001/1914 1872/969/1966 1860/822/1967 1859/993/1907
f 1761/1005/1918 1771/788/1704 1738/787/1703
f 1857/1043/1965 1861/994/1759 1856/821/1737
f 1871/1001/1914 1859/993/1907 1870/982/1896
f 1858/995/1908 1861/994/1759 1857/1043/1965
f 1858/995/1908 1870/982/1896 1859/993/1907
f 1764/996/1909 1765/997/1910 1760/998/1911 1762/963/1874
f 1868/990/1905 1759/991/1906 1867/983/1897
f 1563/1021/1932 1817/911/1825 1562/682/1593
f 1860/822/1738 1874/970/1883 1862/820/1736
f 1735/768/1682 1762/963/1874 1734/965/1876
f 1857/1043/1965 1868/990/1905 1867/983/1897
f 1860/822/1967 1861/994/1759 1859/993/1907
f 1875/1036/1955 1877/1000/1913 1876/989/1904
f 1865/1037/1956 1863/1042/1964 1862/820/1736
f 1868/990/1905 1864/1041/1963 1755/986/1900
f 1864/1041/1963 1868/990/1905 1857/1043/1965
f 1878/988/1903 1879/999/1912 1875/1036/1955
f 1874/970/1883 1872/969/1966 1873/1039/1958
f 1877/1000/1913 1873/1039/1958 1872/969/1966
f 1757/966/1877 1879/999/1912 1878/988/1903
f 1733/958/1869 1742/702/1614 1881/701/1613
f 1921/755/1944 1918/753/1698 1922/754/1947 1923/762/1946
f 1879/999/1912 1866/1040/1959 1875/1036/1955
f 1548/718/1632 1550/1044/1623 1547/784/1701
f 1783/971/1884 1765/997/1910 1764/996/1909
f 1877/1045/1913 1872/969/1966 1871/1001/1914
f 1857/1043/1965 1867/983/1897 1858/995/1908
f 1863/1042/1964 1856/821/1737 1862/820/1736
f 1871/1001/1914 1870/982/1896 1869/984/1898 1876/989/1904
f 1759/991/1906 1758/967/1878 1867/983/1897
f 1752/981/1895 1750/789/1705 1747/945/1857
f 1873/1039/1958 1877/1000/1913 1875/1036/1955
f 1761/1005/1918 1773/1019/1928 1771/788/1704
f 1759/991/1906 1754/985/1899 1758/967/1878
f 1756/987/1902 1755/986/1900 1864/1041/1963 1866/1040/1959
f 1551/692/1604 1546/710/1622 1554/1046/1605
f 1822/749/1663 1824/748/1662 1821/1031/1938
f 1826/1029/1936 1833/1030/1937 1830/978/1892
f 1614/708/1620 1602/779/1693 1854/709/1621
f 1817/911/1825 1809/900/1813 1788/777/1691 1562/682/1593
f 1844/698/1610 1846/678/1589 1559/677/1588 1558/837/1753
f 1765/997/1910 1781/1010/1923 1766/931/1844
f 1549/700/1612 1550/1044/1623 1548/718/1632
f 1784/761/1675 1580/744/1658 1578/742/1656 1785/783/1697
f 1810/879/1793 1790/739/1653 1788/777/1691
f 1766/931/1844 1781/1010/1923 1779/929/1842
f 1842/1006/1919 1742/702/1614 1741/968/1881
f 1723/866/1781 1832/716/1630 1820/1020/1931 1825/905/1818
f 1801/1024/1921 1800/815/1732 1796/1017/1929
f 1778/1002/1915 1777/1012/1924 1776/1003/1916
f 1920/752/1700 1888/685/1968 1890/751/1950
f 1782/776/1690 1787/745/1659 1786/760/1674
f 1792/732/1646 1808/731/1645 1807/781/1695
f 1772/919/1832 1773/1019/1928 1767/912/1826
f 1903/1047/1953 1886/1035/1952 1887/786/1969
f 1885/1032/1941 1889/686/1940 1906/677/1970 1904/790/1971
f 1828/1014/1926 1553/699/1611 1549/700/1612
f 1591/1048/1717 1590/688/1599 1586/687/1598
f 1932/680/1972 2195/679/1973 2193/678/1974 1906/677/1970
f 1919/743/1699 1926/741/1975 1914/724/1976 1915/725/1960
f 1932/680/1972 1889/686/1940 1888/685/1968 1931/684/1977
f 1933/687/1978 1939/689/1979 1937/688/1602
f 2176/1015/1980 2175/1014/1981 1900/699/1982
f 1757/966/1877 1869/984/1898 1758/967/1878
f 1907/791/1983 1899/694/1984 1901/1046/1985 1898/692/1986
f 2201/709/1987 1961/708/1988 1953/707/1989
f 1901/693/1985 1900/699/1982 1896/700/1990
f 2186/704/1991 2168/1031/1992 2169/749/1993
f 2228/701/1994 1895/718/1995 2183/717/1996 2184/703/1997
f 1901/693/1985 1896/700/1990 1897/785/1998 1893/710/1999
f 2196/697/2000 2195/679/1973 2194/733/2001
f 1545/757/1671 1556/1047/1670 1539/1035/2002
f 1899/694/1984 2174/719/2003 1900/699/1982
f 1947/811/2004 1935/722/2005 1946/723/2006
f 1909/682/1627 1908/683/1629 1915/725/1960 1914/724/1976
f 2065/727/2007 2064/726/2008 1912/729/2009 1911/728/2010
f 2194/733/2001 2198/734/2011 2192/696/2012
f 2089/702/2013 2088/968/2014 2079/973/2015 2080/958/2016
f 1916/736/1961 1915/725/1960 1908/683/1629
f 2137/739/2017 2136/738/2018 2229/737/2019 2160/740/2020
f 2078/714/2021 1931/684/1977 1916/736/1961
f 2137/739/2017 2162/974/2022 2157/879/2023
f 2075/713/2024 2076/959/2025 2073/948/2026
f 1890/751/1950 1922/754/1947 1918/753/1698 1920/752/1700
f 1926/741/1975 2140/759/2027 2136/738/2018 2138/764/2028
f 1921/755/1944 1925/742/1943 1919/743/1699 1918/753/1698
f 1945/691/1603 1939/689/1979 1942/812/2029 1944/813/2030
f 1931/684/1977 1888/685/1968 1920/752/1700 1916/736/1961
f 1923/762/1946 1930/747/2031 1921/755/1944
f 1923/762/1946 1924/769/1945 2082/768/2032 1928/770/2033
f 1952/809/2034 1948/810/2035 1951/807/2036
f 1945/691/1603 1944/813/2030 1942/812/2029 1956/797/2037
f 1960/778/2038 1949/779/2039 1946/723/2006 1950/720/2040
f 1942/812/2029 1940/794/2041 1943/808/2042 1956/797/2037
f 2151/730/2043 2153/1025/2044 2150/780/2045
f 2068/773/2046 2069/772/2047 2066/771/2048
f 1925/742/1943 1926/741/1975 1919/743/1699
f 2127/775/2049 2230/774/2050 2129/776/2051
f 2138/764/2028 2135/777/2052 1914/724/1976
f 2155/731/2053 2151/730/2043 2139/732/2054
f 1896/700/1990 1900/699/1982 2175/1014/1981
f 1930/747/2031 1929/746/2055 2134/745/2056 1927/744/1942
f 1891/763/1939 1890/751/1950 1888/685/1968
f 1906/677/1970 1907/695/1983 1904/790/1971
f 1887/786/1969 1897/1044/1998 1894/784/2057 1903/1047/1953
f 1897/785/1998 1887/786/1969 1893/710/1999
f 2097/789/2058 2118/788/2059 2085/787/2060
f 1907/695/1983 1898/692/1986 1904/790/1971
f 1924/769/1945 1922/754/1947 1892/757/1954 1902/758/2061
f 1933/687/1978 1938/800/2062 1934/793/2063
f 1941/792/2064 1940/794/2041 1933/687/1978 1934/793/2063
f 1957/796/2065 1959/795/2066 1956/797/2037
f 1955/798/2067 1959/795/2066 1958/799/2068
f 1967/803/2069 1968/845/2070 1963/824/2071
f 1938/1048/2062 1937/688/1602 1936/721/2072
f 1945/691/1603 1937/688/1602 1939/689/1979
f 2142/841/2073 1978/816/2074 1993/834/2075 1983/842/2076
f 1951/807/2036 1953/707/1989 1943/808/2042 1941/792/2064
f 1955/798/2067 1958/799/2068 1950/720/2040
f 1939/689/1979 1933/687/1978 1940/794/2041
f 1946/723/2006 1935/722/2005 1936/721/2072 1950/720/2040
f 1987/801/2077 1967/803/2069 1985/802/2078
f 1977/849/2079 1975/862/2080 1974/853/2081
f 1958/799/2068 1959/795/2066 1957/796/2065
f 1950/720/2040 1958/799/2068 1960/778/2038
f 1948/810/2035 1952/809/2034 1947/811/2004
f 1961/708/1988 1949/779/2039 1960/778/2038
f 1960/778/2038 1962/817/2082 1961/708/1988
f 1993/834/2075 1982/856/2083 1983/842/2076
f 1948/810/2035 1949/779/2039 2068/773/2046 2199/818/2084
f 2074/838/2085 2067/947/2086 2201/709/1987
f 1962/817/2082 1943/808/2042 1953/707/1989
f 1954/690/1601 1959/795/2066 1955/798/2067
f 1973/827/2087 1990/826/2088 1989/825/2089
f 1938/800/2062 1935/722/2005 1934/793/2063
f 2067/947/2086 2069/772/2047 2068/773/2046
f 1940/794/2041 1941/792/2064 1943/808/2042
f 1985/802/2078 1969/832/2090 1972/831/2091 1984/833/2092
f 2202/828/2093 1951/807/2036 1948/810/2035
f 1954/690/1601 1955/798/2067 1936/721/2072 1937/688/1602
f 1954/690/1601 1945/691/1603 1956/797/2037
f 1940/794/2041 1942/812/2029 1939/689/1979
f 1934/793/2063 1952/809/2034 1941/792/2064
f 1957/796/2065 1956/797/2037 1943/808/2042
f 1967/803/2069 1963/824/2071 1969/832/2090
f 1969/832/2090 1963/824/2071 1970/840/2094
f 1938/800/2062 1936/721/2072 1935/722/2005
f 1955/798/2067 1950/720/2040 1936/721/2072
f 1959/819/2066 1954/690/1601 1956/797/2037
f 1947/811/2004 1952/809/2034 1934/793/2063
f 1935/722/2005 1947/811/2004 1934/793/2063
f 2074/838/2085 2201/709/1987 1953/707/1989 2202/828/2093
f 1962/817/2082 1960/778/2038 1957/796/2065
f 2207/822/2095 2208/994/2096 2203/821/2097
f 1977/849/2079 2154/781/2098 2141/782/2099
f 1943/808/2042 1962/817/2082 1957/796/2065
f 1971/839/2100 1970/840/2094 1963/824/2071 1964/844/2101
f 1987/801/2077 1988/804/2102 1966/805/2103 1967/803/2069
f 1994/836/2104 1995/835/2105 1993/834/2075
f 2149/814/2106 2154/781/2098 1977/849/2079
f 1979/830/2107 1994/836/2104 1993/834/2075
f 1981/863/2108 1971/839/2100 1964/844/2101
f 1993/834/2075 1978/816/2074 1974/853/2081 1979/830/2107
f 2018/859/2109 2002/857/2110 2005/880/2111 2017/881/2112
f 1985/802/2078 1967/803/2069 1969/832/2090
f 1986/806/2113 1979/830/2107 1974/853/2081 1976/854/2114
f 1991/829/2115 1994/836/2104 1979/830/2107
f 2022/877/2116 2005/880/2111 2003/884/2117 2006/878/2118
f 1980/855/2119 1981/863/2108 1975/862/2080
f 1995/835/2105 1973/827/2087 1982/856/2083
f 1965/860/2120 1976/854/2114 1964/844/2101
f 1987/801/2077 1992/867/2121 1988/804/2102
f 1977/849/2079 1974/853/2081 1978/816/2074 2149/814/2106
f 2147/815/2122 2149/814/2106 1978/816/2074
f 1973/827/2087 1995/835/2105 1990/826/2088
f 1966/805/2103 1988/804/2102 1986/806/2113
f 1975/862/2080 1981/863/2108 1976/854/2114
f 1990/826/2088 1995/835/2105 1994/836/2104
f 1966/805/2103 1986/806/2113 1965/860/2120
f 2142/841/2073 2147/815/2122 1978/816/2074
f 2014/910/2123 1997/886/2124 2009/883/2125
f 1965/860/2120 1968/845/2070 1966/805/2103
f 2163/852/2126 2161/850/2127 2158/864/2128
f 2026/873/2129 2015/872/2130 2016/871/2131
f 1985/802/2078 1984/833/2092 1972/831/2091 1989/825/2089
f 2024/869/2132 2025/868/2133 2023/870/2134
f 1981/863/2108 1980/855/2119 1971/839/2100
f 1966/805/2103 1968/823/2070 1967/803/2069
f 2000/847/2135 2001/894/2136 1996/848/2137
f 1989/825/2089 1972/831/2091 1970/840/2094 1973/827/2087
f 2008/916/2138 2007/901/2139 2010/898/2140
f 1968/845/2070 1964/844/2101 1963/824/2071
f 1996/848/2137 2001/894/2136 1997/886/2124
f 1965/860/2120 1986/806/2113 1976/854/2114
f 1992/861/2121 1987/801/2077 1989/825/2089
f 2011/851/2141 2026/873/2129 2016/871/2131 2157/879/2023
f 1982/856/2083 1980/855/2119 1983/842/2076
f 1996/848/2137 2002/857/2110 2000/847/2135
f 1995/835/2105 1982/856/2083 1993/834/2075
f 2007/901/2139 2008/916/2138 2009/883/2125
f 1999/875/2142 2021/874/2143 2019/876/2144
f 1980/855/2119 1977/849/2079 2141/782/2099 1983/842/2076
f 1975/862/2080 1977/849/2079 1980/855/2119
f 1969/832/2090 1970/840/2094 1972/831/2091
f 1989/825/2089 1987/801/2077 1985/802/2078
f 1990/826/2088 1994/836/2104 1991/829/2115
f 1991/829/2115 1992/867/2121 1990/826/2088
f 1991/829/2115 1979/830/2107 1986/806/2113 1988/804/2102
f 1964/844/2101 1968/845/2070 1965/860/2120
f 1990/826/2088 1992/867/2121 1989/825/2089
f 2004/885/2145 2003/884/2117 1996/848/2137 1997/886/2124
f 2021/874/2143 1999/875/2142 2000/847/2135 2020/858/2146
f 2046/890/2147 2048/889/2148 2039/888/2149 2037/887/2150
f 2033/892/2151 2034/941/2152 2029/893/2153
f 2024/869/2132 2012/902/2154 2019/876/2144 2021/874/2143
f 2018/859/2109 2000/847/2135 2002/857/2110
f 2011/851/2141 2007/901/2139 2012/902/2154 2026/873/2129
f 2023/870/2134 2025/868/2133 2022/877/2116
f 1998/882/2155 2001/894/2136 1999/875/2142
f 2019/876/2144 2012/902/2154 2007/901/2139 2009/883/2125
f 2013/899/2156 2008/916/2138 2010/898/2140
f 2027/904/2157 2028/903/2158 2026/873/2129
f 2156/900/2159 2016/871/2131 2013/899/2156 2010/898/2140
f 2018/859/2109 2017/881/2112 2005/880/2111 2022/877/2116
f 2170/1028/2160 2176/1015/1980 2166/1018/2161 2171/748/2162
f 2014/910/2123 2013/899/2156 2004/885/2145
f 2001/846/2136 2000/847/2135 1999/875/2142
f 2006/878/2118 2028/903/2158 2023/870/2134
f 2156/900/2159 2010/898/2140 2163/852/2126 2164/911/2163
f 2015/872/2130 2006/878/2118 2004/885/2145 2013/899/2156
f 2057/896/2164 2060/895/2165 2045/897/2166
f 2003/884/2117 2005/880/2111 2002/857/2110
f 2025/917/2133 2020/858/2146 2022/877/2116
f 2027/904/2157 2026/873/2129 2012/902/2154
f 2003/884/2117 2004/885/2145 2006/878/2118
f 2020/858/2146 2018/859/2109 2022/877/2116
f 1999/875/2142 2019/876/2144 1998/882/2155
f 1998/882/2155 2019/876/2144 2009/883/2125
f 2114/912/2167 2044/915/2168 2059/914/2169 2049/913/2170
f 2021/874/2143 2025/868/2133 2024/869/2132
f 2028/903/2158 2006/878/2118 2015/872/2130
f 2027/904/2157 2012/902/2154 2024/869/2132
f 2016/871/2131 2015/872/2130 2013/899/2156
f 2027/904/2157 2024/869/2132 2023/870/2134
f 2163/852/2126 2010/898/2140 2007/901/2139 2011/851/2141
f 2008/916/2138 2014/910/2123 2009/883/2125
f 2040/940/2171 2041/939/2172 2042/938/2173
f 2006/878/2118 2023/870/2134 2022/877/2116
f 2071/907/2174 2172/905/2175 2070/866/2176
f 2011/851/2141 2161/850/2127 2163/852/2126
f 2029/893/2153 2035/924/2177 2033/892/2178
f 2043/930/2179 2041/939/2172 2040/940/2171
f 2014/910/2123 2008/916/2138 2013/899/2156
f 2172/905/2175 2165/750/2180 2167/1020/2181
f 1900/699/1982 1901/693/1985 1899/694/1984
f 2053/908/2182 2033/892/2178 2051/909/2183
f 1996/848/2137 2003/884/2117 2002/857/2110
f 2028/903/2158 2027/904/2157 2023/870/2134
f 2051/909/2183 2035/924/2177 2038/927/2184 2050/928/2185
f 2055/925/2186 2038/927/2184 2036/926/2187 2039/888/2149
f 1997/886/2124 2001/894/2136 1998/882/2155
f 1998/882/2155 2009/883/2125 1997/886/2124
f 2028/903/2158 2015/872/2130 2026/873/2129
f 2034/941/2152 2030/932/2188 2029/893/2153
f 2048/889/2148 2049/913/2170 2059/914/2169
f 2161/850/2127 2011/851/2141 2157/879/2023
f 2029/893/2153 2030/932/2188 2037/887/2150 2036/926/2187
f 2060/895/2165 2061/918/2189 2059/914/2169
f 2069/934/2047 2063/933/2190 2062/935/2191
f 2057/896/2164 2058/957/2192 2056/953/2193
f 2048/889/2148 2046/890/2147 2049/913/2170
f 2042/938/2173 2047/944/2194 2030/932/2188
f 2119/919/2195 2044/915/2168 2114/912/2167
f 2126/929/2196 2043/930/2179 2121/920/2197
f 2032/937/2198 2034/891/2152 2033/892/2178
f 2059/914/2169 2044/915/2168 2040/940/2171 2045/897/2166
f 2056/953/2193 2061/918/2189 2060/895/2165
f 2052/943/2199 2045/897/2166 2040/940/2171 2042/938/2173
f 2051/909/2183 2033/892/2178 2035/924/2177
f 2046/890/2147 2041/939/2172 2043/930/2179
f 2047/944/2194 2046/890/2147 2037/887/2150
f 2095/946/2200 2094/945/2201 2093/765/1679
f 2061/918/2189 2039/888/2149 2048/889/2148
f 2152/961/2202 2188/962/2203 2159/1022/2204
f 2045/897/2166 2060/895/2165 2059/914/2169
f 2036/926/2187 2038/927/2184 2035/924/2177
f 2126/929/2196 2113/931/2205 2043/930/2179
f 2037/887/2150 2039/888/2149 2036/926/2187
f 2053/908/2182 2051/909/2183 2055/925/2186
f 2035/924/2177 2029/893/2153 2036/926/2187
f 2190/956/2206 2095/946/2200 2093/765/1679 2090/955/2207
f 2121/920/2197 2043/930/2179 2040/940/2171 2044/915/2168
f 2032/937/2198 2052/943/2199 2031/954/2208
f 2072/949/2209 2071/907/2174 2062/935/2191 2065/727/2007
f 2047/944/2194 2037/887/2150 2030/932/2188
f 2066/771/2048 2069/934/2047 2062/935/2191
f 2034/941/2152 2032/937/2198 2031/954/2208
f 2044/915/2168 2119/919/2195 2121/920/2197
f 2050/928/2185 2038/927/2184 2055/925/2186 2051/909/2183
f 2074/838/2085 2073/948/2026 2063/933/2190 2067/947/2086
f 2032/937/2198 2054/936/2210 2052/943/2199
f 2177/978/2211 2072/949/2209 2188/962/2203
f 2053/908/2182 2054/936/2210 2032/937/2198 2033/892/2178
f 2047/944/2194 2042/938/2173 2041/939/2172
f 2105/967/1949 2104/966/1890 2092/767/1681 2096/766/1680
f 2031/954/2208 2052/943/2199 2042/938/2173
f 2039/888/2149 2061/918/2189 2056/953/2193
f 2054/936/2210 2057/896/2164 2045/897/2166 2052/943/2199
f 2039/888/2149 2056/953/2193 2055/925/2186
f 2080/958/2016 1924/769/1945 1902/758/2061 2228/701/1994
f 2088/968/2014 2090/955/2207 2087/952/2212
f 2113/931/2205 2049/913/2170 2046/890/2147 2043/930/2179
f 2047/944/2194 2041/939/2172 2046/890/2147
f 2081/965/2213 2110/964/2214 2109/963/2215
f 2076/959/2025 2064/726/2008 2063/933/2190
f 2056/953/2193 2060/895/2165 2057/896/2164
f 2061/918/2189 2048/889/2148 2059/914/2169
f 2058/957/2192 2054/936/2210 2053/908/2182
f 2031/954/2208 2042/938/2173 2030/932/2188
f 2070/866/2176 2066/771/2048 2062/935/2191 2071/907/2174
f 2221/970/2216 2209/820/2217 2212/1037/2218 2227/1038/2219
f 2056/953/2193 2058/957/2192 2055/925/2186
f 2062/935/2191 2063/933/2190 2064/726/2008 2065/727/2007
f 1754/985/1899 1749/766/1879 1758/967/1878
f 2072/949/2209 2178/906/2220 2071/907/2174
f 2086/972/2221 2081/965/2213 2079/973/2015
f 1912/729/2009 1913/681/1628 1911/728/2010
f 1961/708/1988 2201/709/1987 1949/779/2039
f 2166/1018/2161 2174/719/2003 2167/1020/2181
f 2201/709/1987 2067/947/2086 2068/773/2046
f 1912/729/2009 2064/726/2008 1917/735/2222
f 2078/714/2021 1916/736/1961 1917/735/2222
f 2091/951/2223 2087/952/2212 2092/767/1681 2100/977/1891
f 1903/756/1953 1902/758/2061 1892/757/1954
f 1930/747/2031 1927/744/1942 1921/755/1944
f 2093/765/1679 2092/767/1681 2087/952/2212 2090/955/2207
f 1925/742/1943 2140/759/2027 1926/741/1975
f 2080/958/2016 2079/973/2015 2081/965/2213 2082/768/2032
f 2091/951/2223 2098/980/2224 2083/979/2225 2084/950/2226
f 2110/964/2214 2081/965/2213 2086/972/2221 2085/787/2060
f 2086/972/2221 2084/950/2226 2083/979/2225
f 2217/982/2227 2216/984/1962 2105/967/1949 2214/983/2228
f 1909/682/1627 1914/724/1976 2135/777/2052
f 2101/985/1948 2091/951/2223 2100/977/1891 2102/986/2229
f 2087/952/2212 2084/950/2226 2079/973/2015 2088/968/2014
f 2226/999/2230 2103/987/2231 2104/966/1890
f 2101/985/1948 2098/980/2224 2091/951/2223
f 2094/945/2201 2099/992/2232 2096/766/1680
f 2223/989/2233 2225/988/2234 2216/984/1962
f 2103/987/2231 2102/986/2229 2100/977/1891
f 2109/963/2215 2111/996/2235 1928/770/2033 2082/768/2032
f 2116/922/2236 2115/921/2237 2117/923/2238
f 2118/788/2059 2097/789/2058 2094/945/2201 2095/946/2200
f 2222/1036/2239 2225/988/2234 2223/989/2233
f 2216/984/1962 2225/988/2234 2104/966/1890
f 2085/787/2060 2086/972/2221 2083/979/2225
f 1931/684/1977 2077/715/2240 1932/680/1972
f 2160/740/2020 2229/737/2019 2150/780/2045
f 2189/1006/2241 2090/955/2207 2088/968/2014
f 2112/997/2242 2107/998/2243 2113/931/2205
f 2106/991/2244 2105/967/1949 2101/985/1948
f 2098/980/2224 2099/981/2232 2083/979/2225
f 2215/990/2245 2106/991/2244 2102/986/2229
f 2102/986/2229 2106/991/2244 2101/985/1948
f 2097/789/2058 2085/787/2060 2083/979/2225
f 2103/987/2231 2100/977/1891 2104/966/1890
f 2141/782/2099 2132/783/2246 2131/761/2247
f 1902/758/2061 1903/756/1953 1894/784/2057
f 2099/981/2232 2098/980/2224 2096/766/1680
f 2112/997/2242 2130/971/2248 2111/996/2235
f 2109/963/2215 2110/964/2214 2107/998/2243
f 2130/971/2248 1929/746/2055 2111/996/2235
f 2118/788/2059 2095/946/2200 2115/921/2237
f 2200/1007/2249 2122/1004/2250 2117/923/2238
f 2133/760/2251 2134/745/2056 2129/776/2051
f 2110/964/2214 2108/1005/2252 2107/998/2243
f 2130/971/2248 2129/776/2051 2134/745/2056 1929/746/2055
f 2127/775/2049 2130/971/2248 2112/997/2242 2128/1010/2253
f 2133/760/2251 2142/841/2073 2131/761/2247
f 2016/871/2131 2156/900/2159 2135/777/2052 2157/879/2023
f 2125/1002/2254 2124/1012/2255 2116/922/2236
f 2117/923/2238 2115/921/2237 2095/946/2200 2187/1013/2256
f 1928/770/2033 2111/996/2235 1929/746/2055
f 2089/702/2013 2228/701/1994 2184/703/1997
f 2191/698/2257 2192/696/2012 2179/716/2258
f 1910/1021/2259 2159/1022/2204 1911/728/2010
f 1929/746/2055 1930/747/2031 1928/770/2033
f 2132/783/2246 2140/759/2027 1925/742/1943
f 2126/929/2196 2121/920/2197 2116/922/2236 2124/1012/2255
f 2119/919/2195 2120/1016/2260 2115/921/2237
f 2124/1012/2255 2128/1010/2253 2126/929/2196
f 2128/1010/2253 2113/931/2205 2126/929/2196
f 2124/1012/2255 2123/1003/2261 2230/774/2050 2127/775/2049
f 2054/936/2210 2058/957/2192 2057/896/2164
f 2120/1019/2260 2118/788/2059 2115/921/2237
f 2073/948/2026 2076/959/2025 2063/933/2190
f 2076/959/2025 1917/735/2222 2064/726/2008
f 2034/941/2152 2031/954/2208 2030/932/2188
f 2146/1009/2262 2123/1003/2261 2122/1004/2250 2143/1017/2263
f 2134/745/2056 2131/761/2247 1927/744/1942
f 2164/911/2163 1910/1021/2259 1909/682/1627
f 2121/920/2197 2119/919/2195 2115/921/2237 2116/922/2236
f 2230/774/2050 2146/1009/2262 2133/760/2251 2129/776/2051
f 2120/1019/2260 2114/912/2167 2108/1005/2252
f 2154/781/2098 2139/732/2054 2132/783/2246 2141/782/2099
f 2149/814/2106 2147/815/2122 2143/1017/2263 2144/976/2264
f 2162/1026/2022 2161/850/2127 2157/879/2023
f 2152/961/2202 2159/1022/2204 2158/864/2128
f 2159/1022/2204 1910/1021/2259 2164/911/2163
f 2155/1023/2053 2149/814/2106 2144/976/2264
f 2144/976/2264 2143/1017/2263 2122/1004/2250 2145/960/2265
f 2123/1003/2261 2125/1011/2254 2122/1004/2250
f 2120/1016/2260 2119/919/2195 2114/912/2167
f 2138/764/2028 2137/739/2017 2135/777/2052
f 2127/775/2049 2128/1010/2253 2124/1012/2255
f 2153/1025/2044 2151/730/2043 2155/1023/2053 2144/976/2264
f 2140/759/2027 2139/732/2054 2136/738/2018
f 2153/975/2044 2144/976/2264 2145/960/2265
f 2169/749/1993 2180/1030/2266 2186/704/1991
f 2155/731/2053 2154/781/2098 2149/814/2106
f 1981/863/2108 1964/844/2101 1976/854/2114
f 2158/864/2128 2160/740/2020 2150/780/2045 2152/961/2202
f 2020/858/2146 2000/847/2135 2018/859/2109
f 2148/1024/2267 2147/815/2122 2142/841/2073
f 1988/804/2102 1992/867/2121 1991/829/2115
f 2014/910/2123 2004/885/2145 1997/886/2124
f 2229/737/2019 2136/738/2018 2139/732/2054 2151/730/2043
f 2161/850/2127 2162/1026/2022 2158/864/2128
f 1910/1021/2259 1913/681/1628 1909/682/1627
f 2163/852/2126 2158/864/2128 2159/1022/2204 2164/911/2163
f 1905/837/2268 2179/716/2258 2167/1020/2181 2174/719/2003
f 2193/678/1974 2196/697/2000 2191/698/2257
f 2229/737/2019 2151/730/2043 2150/780/2045
f 2137/739/2017 2138/764/2028 2136/738/2018
f 2179/716/2258 2070/866/2176 2172/905/2175 2167/1020/2181
f 2162/974/2022 2160/740/2020 2158/864/2128
f 2171/748/2162 2166/1018/2161 2165/750/2180
f 2172/905/2175 2178/906/2220 2173/1029/2269
f 2084/950/2226 2086/972/2221 2079/973/2015
f 2197/865/2270 2192/696/2012 2198/734/2011 2199/818/2084
f 2167/1020/2181 2165/750/2180 2166/1018/2161
f 2058/942/2192 2053/908/2182 2055/925/2186
f 2020/858/2146 2025/868/2133 2021/874/2143
f 2173/1029/2269 2169/749/1993 2165/750/2180 2172/905/2175
f 2169/749/1993 2171/748/2162 2165/750/2180
f 1899/694/1984 1907/791/1983 1905/837/2268
f 2066/771/2048 2070/866/2176 2197/865/2270
f 2071/907/2174 2178/906/2220 2172/905/2175
f 2200/1007/2249 2187/1013/2256 2186/704/1991 2180/1030/2266
f 2095/946/2200 2190/956/2206 2187/1013/2256
f 2176/1015/1980 2170/1028/2160 2175/1014/1981
f 2176/1015/1980 1900/699/1982 2174/719/2003
f 2068/773/2046 2066/771/2048 2197/865/2270
f 2168/1031/1992 2181/705/2271 2170/1028/2160
f 2182/706/2272 2185/1027/2273 2184/703/1997
f 2180/1030/2266 2177/978/2211 2188/962/2203 2200/1007/2249
f 2130/971/2248 2127/775/2049 2129/776/2051
f 2198/734/2011 2073/948/2026 2074/838/2085
f 2183/717/1996 2175/1014/1981 2170/1028/2160 2181/705/2271
f 1937/688/1602 1938/800/2062 1933/687/1978
f 2191/698/2257 2179/716/2258 1905/837/2268
f 2187/1013/2256 2190/956/2206 2182/706/2272 2186/704/1991
f 1543/751/1665 1541/685/1596 1573/752/1666
f 2196/697/2000 2194/733/2001 2192/696/2012
f 1905/837/2268 1907/791/1983 1906/677/1970
f 2199/818/2084 2202/828/2093 1948/810/2035
f 2072/949/2209 2065/727/2007 1911/728/2010
f 2184/703/1997 2183/717/1996 2181/705/2271 2182/706/2272
f 2078/714/2021 2077/715/2240 1931/684/1977
f 1895/718/1995 1896/700/1990 2175/1014/1981 2183/717/1996
f 2090/955/2207 2189/1006/2241 2185/1027/2273
f 2170/1028/2160 2171/748/2162 2168/1031/1992
f 2146/1009/2262 2230/774/2050 2123/1003/2261
f 1948/810/2035 1946/723/2006 1949/779/2039
f 2176/1015/1980 2174/719/2003 2166/1018/2161
f 2168/1031/1992 2186/704/1991 2181/705/2271
f 2189/1006/2241 2184/703/1997 2185/1027/2273
f 2138/764/2028 1914/724/1976 1926/741/1975
f 1917/735/2222 1916/736/1961 1908/683/1629 1912/729/2009
f 1932/680/1972 2077/715/2240 2195/679/1973
f 1911/728/2010 1913/681/1628 1910/1021/2259
f 1906/677/1970 1889/686/1940 1932/680/1972
f 1962/817/2082 1953/707/1989 1961/708/1988
f 2122/1004/2250 2125/1011/2254 2117/923/2238
f 1607/690/1714 1598/691/1716 1590/688/1599
f 1572/743/1657 1571/753/1667 1573/752/1666
f 2197/865/2270 2199/818/2084 2068/773/2046
f 2182/706/2272 2181/705/2271 2186/704/1991
f 2147/815/2122 2148/1024/2267 2143/1017/2263
f 2145/960/2265 2200/1007/2249 2188/962/2203
f 2228/701/1994 1894/784/2057 1895/718/1995
f 2099/981/2232 2097/789/2058 2083/979/2225
f 2213/1040/2274 2211/1041/2275 2102/986/2229 2103/987/2231
f 2195/679/1973 2196/697/2000 2193/678/1974
f 1953/707/1989 1951/807/2036 2202/828/2093
f 2221/970/2216 2219/969/2276 2207/822/2095
f 1575/754/1668 1545/757/1671 1543/751/1665
f 2089/702/2013 2080/958/2016 2228/701/1994
f 2188/962/2203 2152/961/2202 2145/960/2265
f 2205/995/2277 2208/994/2096 2206/993/2278
f 2077/715/2240 2075/713/2024 2194/733/2001 2195/679/1973
f 2076/959/2025 2075/713/2024 2078/714/2021 1917/735/2222
f 2069/934/2047 2067/947/2086 2063/933/2190
f 1930/747/2031 1923/762/1946 1928/770/2033
f 2152/961/2202 2153/975/2044 2145/960/2265
f 2072/949/2209 1911/728/2010 2159/1022/2204 2188/962/2203
f 2139/732/2054 2140/759/2027 2132/783/2246
f 1745/767/1880 1753/977/1901 1757/966/1877
f 1576/762/1676 1575/754/1668 1571/753/1667 1574/755/1669
f 2173/1029/2269 2180/1030/2266 2169/749/1993
f 2070/866/2176 2179/716/2258 2192/696/2012 2197/865/2270
f 2184/703/1997 2189/1006/2241 2089/702/2013
f 2182/706/2272 2190/956/2206 2185/1027/2273
f 2168/1031/1992 2171/748/2162 2169/749/1993
f 1544/1033/1677 1538/1032/2279 1542/686/1597
f 1578/742/1656 1580/744/1658 1574/755/1669
f 2078/714/2021 2075/713/2024 2077/715/2240
f 1952/809/2034 1951/807/2036 1941/792/2064
f 2091/951/2223 2084/950/2226 2087/952/2212
f 2090/955/2207 2185/1027/2273 2190/956/2206
f 2094/945/2201 2096/766/1680 2093/765/1679
f 2203/821/2097 2209/820/2217 2207/822/2095
f 2145/960/2265 2122/1004/2250 2200/1007/2249
f 1960/778/2038 1958/799/2068 1957/796/2065
f 2220/1039/2280 2212/1037/2218 2210/1042/2281 2213/1040/2274
f 1902/758/2061 1894/784/2057 2228/701/1994
f 1982/856/2083 1973/827/2087 1971/839/2100 1980/855/2119
f 1974/853/2081 1975/862/2080 1976/854/2114
f 1899/694/1984 1905/837/2268 2174/719/2003
f 1970/840/2094 1971/839/2100 1973/827/2087
f 2218/1001/2282 2223/989/2233 2216/984/1962 2217/982/2227
f 2214/983/2228 2205/995/2277 2217/982/2227
f 2202/828/2093 2199/818/2084 2198/734/2011 2074/838/2085
f 1749/766/1879 1746/765/1856 1745/767/1880
f 2103/987/2231 2226/999/2230 2213/1040/2274
f 2211/1041/2275 2210/1042/2281 2203/821/2097 2204/1043/2283
f 2213/1040/2274 2222/1036/2239 2220/1039/2280
f 2219/969/2284 2218/1001/2282 2206/993/2278 2207/822/2285
f 2085/787/2060 2118/788/2059 2108/1005/2252
f 2106/991/2244 2214/983/2228 2105/967/1949
f 2203/821/2097 2208/994/2096 2204/1043/2283
f 2215/990/2245 2204/1043/2283 2214/983/2228
f 2206/993/2278 2217/982/2227 2205/995/2277
f 2117/923/2238 2187/1013/2256 2200/1007/2249
f 2125/1011/2254 2116/922/2236 2117/923/2238
f 2215/990/2245 2214/983/2228 2106/991/2244
f 2081/965/2213 2109/963/2215 2082/768/2032
f 2221/970/2216 2207/822/2095 2209/820/2217
f 2111/996/2235 2109/963/2215 2107/998/2243 2112/997/2242
f 2204/1043/2283 2208/994/2096 2205/995/2277
f 2143/1017/2263 2148/1008/2267 2146/1009/2262
f 2222/1036/2239 2226/999/2230 2225/988/2234
f 2180/1030/2266 2173/1029/2269 2177/978/2211
f 1798/960/1871 1841/962/1873 1853/1007/1920
f 2210/1042/2281 2212/1037/2218 2209/820/2217
f 2108/1005/2252 2114/912/2167 2107/998/2243
f 2219/969/2284 2221/970/2216 2220/1039/2280
f 2224/1045/2286 2219/969/2284 2220/1039/2280
f 2210/1042/2281 2211/1041/2275 2213/1040/2274
f 2206/993/2278 2218/1001/2282 2217/982/2227
f 2222/1036/2239 2224/1000/2286 2220/1039/2280
f 2225/988/2234 2226/999/2230 2104/966/1890
f 2218/1001/2282 2224/1000/2286 2223/989/2233
f 2082/768/2032 1924/769/1945 2080/958/2016
f 2226/999/2230 2222/1036/2239 2213/1040/2274
f 2206/993/2278 2208/843/2096 2207/822/2285
f 1894/784/2057 1897/1044/1998 1895/718/1995
f 2113/931/2205 2107/998/2243 2114/912/2167 2049/913/2170
f 2224/1000/2286 2218/1001/2282 2219/969/2284
f 2215/990/2245 2102/986/2229 2211/1041/2275
f 2205/995/2277 2214/983/2228 2204/1043/2283
f 2203/821/2097 2210/1042/2281 2209/820/2217
f 2227/1038/2219 2212/1037/2218 2220/1039/2280 2221/970/2216
f 2099/992/2232 2094/945/2201 2097/789/2058
f 1833/1030/1937 1822/749/1663 1839/704/1616
f 2204/1043/2283 2215/990/2245 2211/1041/2275
f 2118/788/2059 2120/1019/2260 2108/1005/2252
f 2223/989/2233 2224/1000/2286 2222/1036/2239
f 2098/980/2224 2101/985/1948 2096/766/1680
f 2110/964/2214 2085/787/2060 2108/1005/2252
f 1893/710/1999 1898/692/1986 1901/712/1985
f 2196/697/2000 2192/696/2012 2191/698/2257
f 1895/718/1995 1897/711/1998 1896/700/1990
f 1891/763/1939 1888/685/1968 1889/686/1940
f 2193/678/1974 2191/698/2257 1905/837/2268 1906/677/1970
f 2113/931/2205 2128/1010/2253 2112/997/2242
f 2131/761/2247 2132/783/2246 1925/742/1943 1927/744/1942
f 2135/777/2052 2137/739/2017 2157/879/2023
f 2160/740/2020 2162/974/2022 2137/739/2017
f 2189/1006/2241 2088/968/2014 2089/702/2013
f 2133/760/2251 2148/1008/2267 2142/841/2073
f 2124/1012/2255 2125/1002/2254 2123/1003/2261
f 2194/733/2001 2075/713/2024 2073/948/2026 2198/734/2011
f 2146/1009/2262 2148/1008/2267 2133/760/2251
f 2155/731/2053 2139/732/2054 2154/781/2098
f 1577/769/1683 1575/754/1668 1576/762/1676
f 1983/842/2076 2141/782/2099 2131/761/2247 2142/841/2073
f 1572/743/1657 1573/752/1666 1569/736/1650 1568/725/1639
f 1544/763/1677 1543/751/1665 1537/1034/2287
f 2153/975/2044 2152/961/2202 2150/780/2045
f 2134/745/2056 2133/760/2251 2131/761/2247
f 2178/906/2220 2072/949/2209 2177/978/2211
f 1909/682/1627 2135/777/2052 2156/900/2159 2164/911/2163
f 1947/811/2004 1946/723/2006 1948/810/2035
f 1908/683/1629 1913/681/1628 1912/729/2009
f 2173/1029/2269 2178/906/2220 2177/978/2211
f 2201/709/1987 2068/773/2046 1949/779/2039
f 1572/743/1657 1568/725/1639 1567/724/1638 1579/741/1655
f 1559/677/1588 1542/686/1597 1538/1032/2279 1557/790/1706
f 1537/1034/2287 1538/1032/2279 1544/1033/1677
f 1543/751/1665 1545/757/1671 1539/1035/2002 1537/1034/2287
f 1539/1035/2002 1556/1047/1670 1540/786/1702
f 2234/1049/2288 2238/1050/2289 2247/1051/2290 2245/1052/2291
f 2246/1053/2292 2235/1054/2293 2234/1049/2288
f 2242/1055/2294 2244/1056/2295 2241/1057/2296 2239/1058/2297
f 2335/1059/2298 2251/1060/2299 2252/1061/2300 2334/1062/2301
f 2241/1057/2296 2244/1056/2295 2291/1063/2302 2290/1064/2303
f 2248/1065/2304 2250/1066/2305 2245/1052/2291
f 2289/1067/2306 2238/1050/2289 2237/1068/2307 2285/1069/2308
f 2245/1052/2291 2246/1053/2292 2234/1049/2288
f 2240/1070/2309 2239/1058/2297 2232/1071/2310
f 2299/1072/2311 2295/1073/2312 2270/1074/2313 2301/1075/2314
f 2289/1067/2306 2348/1076/2315 2247/1051/2290 2238/1050/2289
f 2254/1077/2316 2260/1078/2317 2257/1079/2318
f 2281/1080/2319 2296/1081/2320 2294/1082/2321
f 2298/1083/2322 2297/1084/2323 2325/1085/2324 2306/1086/2325
f 2305/1087/2326 2308/1088/2327 2286/1089/2328 2293/1090/2329
f 2273/1091/2330 2257/1079/2318 2269/1092/2331 2272/1093/2332
f 2245/1052/2291 2247/1051/2290 2249/1094/2333 2248/1065/2304
f 2361/1095/2334 2360/1096/2335 2351/1097/2336 2352/1098/2337
f 2251/1060/2299 2253/1099/2338 2248/1065/2304
f 2252/1061/2300 2251/1060/2299 2248/1065/2304 2249/1094/2333
f 2320/1100/2339 2369/1101/2340 2319/1102/2341
f 2253/1099/2338 2250/1066/2305 2248/1065/2304
f 2408/1103/2342 2409/1104/2343 2395/1105/2344 2394/1106/2345
f 2274/1107/2346 2269/1092/2331 2257/1079/2318 2258/1108/2347
f 2338/1109/2348 2359/1110/2349 2302/1111/2350 2275/1112/2351
f 2357/1113/2352 2356/1114/2353 2353/1115/2354 2345/1116/2355
f 2281/1080/2319 2277/1117/2356 2261/1118/2357 2255/1119/2358
f 2285/1069/2308 2282/1120/2359 2287/1121/2360 2289/1067/2306
f 2278/1122/2361 2279/1123/2362 2276/1124/2363 2277/1117/2356
f 2279/1123/2362 2280/1125/2364 2276/1124/2363
f 2310/1126/2365 2323/1127/2366 2297/1084/2323 2299/1072/2311
f 2292/1128/2367 2290/1064/2303 2291/1063/2302 2303/1129/2368
f 2269/1092/2331 2271/1130/2369 2270/1074/2313 2272/1093/2332
f 2302/1111/2350 2300/1131/2370 2271/1130/2369 2275/1112/2351
f 2340/1132/2371 2339/1133/2372 2274/1107/2346 2258/1108/2347
f 2320/1100/2339 2314/1134/2373 2300/1131/2370 2302/1111/2350
f 2389/1135/2374 2381/1136/2375 2385/1137/2376
f 2303/1129/2368 2291/1063/2302 2280/1125/2364 2279/1123/2362
f 2346/1138/2377 2340/1132/2371 2259/1139/2378 2328/1140/2379
f 2260/1078/2317 2329/1141/2380 2259/1139/2378
f 2296/1081/2320 2273/1091/2330 2272/1093/2332
f 2273/1091/2330 2254/1077/2316 2257/1079/2318
f 2278/1122/2361 2294/1082/2321 2297/1084/2323 2298/1083/2322
f 2342/1142/2381 2341/1143/2382 2344/1144/2383 2345/1116/2355
f 2304/1145/2384 2279/1123/2362 2278/1122/2361 2298/1083/2322
f 2265/1146/2385 2267/1147/2386 2263/1148/2387
f 2336/1149/2388 2337/1150/2389 2335/1059/2298
f 2300/1131/2370 2301/1075/2314 2270/1074/2313 2271/1130/2369
f 2298/1083/2322 2307/1151/2390 2304/1145/2384
f 2307/1151/2390 2305/1087/2326 2293/1090/2329
f 2274/1107/2346 2275/1112/2351 2271/1130/2369 2269/1092/2331
f 2336/1149/2388 2334/1062/2301 2332/1152/2391
f 2286/1089/2328 2283/1153/2392 2292/1128/2367 2293/1090/2329
f 2283/1153/2392 2282/1120/2359 2285/1069/2308 2284/1154/2393
f 2293/1090/2329 2292/1128/2367 2303/1129/2368 2304/1145/2384
f 2304/1145/2384 2307/1151/2390 2293/1090/2329
f 2306/1086/2325 2307/1151/2390 2298/1083/2322
f 2325/1085/2324 2297/1084/2323 2323/1127/2366 2326/1155/2394
f 2283/1153/2392 2286/1089/2328 2282/1120/2359
f 2276/1124/2363 2280/1125/2364 2265/1146/2385 2263/1148/2387
f 2347/1156/2395 2348/1076/2315 2289/1067/2306 2287/1121/2360
f 2265/1146/2385 2280/1125/2364 2291/1063/2302 2244/1056/2295
f 2263/1148/2387 2267/1147/2386 2264/1157/2396
f 2243/1158/2397 2268/1159/2398 2242/1055/2294
f 2268/1159/2398 2267/1147/2386 2266/1160/2399
f 2477/1161/2400 2312/1162/2401 2311/1163/2402
f 2252/1061/2300 2249/1094/2333 2349/1164/2403 2350/1165/2404
f 2266/1160/2399 2265/1146/2385 2244/1056/2295 2242/1055/2294
f 2240/1070/2309 2243/1158/2397 2239/1058/2297
f 2261/1118/2357 2262/1166/2405 2255/1119/2358
f 2465/1167/2406 2467/1168/2407 2469/1169/2408 2422/1170/2409
f 2255/1119/2358 2256/1171/2410 2254/1077/2316
f 2296/1081/2320 2295/1073/2312 2294/1082/2321
f 2310/1126/2365 2299/1072/2311 2301/1075/2314 2309/1172/2411
f 2788/1173/2412 2787/1174/2413 2473/1175/2414 2463/1176/2415
f 2290/1064/2303 2292/1128/2367 2283/1153/2392 2284/1154/2393
f 2330/1177/2416 2333/1178/2417 2332/1152/2391
f 2339/1133/2372 2338/1109/2348 2275/1112/2351 2274/1107/2346
f 2321/1179/2418 2318/1180/2419 2317/1181/2420 2319/1102/2341
f 2281/1080/2319 2294/1082/2321 2278/1122/2361 2277/1117/2356
f 2309/1172/2411 2315/1182/2421 2313/1183/2422
f 2288/1184/2423 2287/1121/2360 2282/1120/2359 2286/1089/2328
f 2308/1088/2327 2322/1185/2424 2288/1184/2423 2286/1089/2328
f 2296/1081/2320 2281/1080/2319 2273/1091/2330
f 2301/1075/2314 2315/1182/2421 2309/1172/2411
f 2311/1163/2402 2309/1172/2411 2313/1183/2422 2316/1186/2425
f 2266/1160/2399 2267/1147/2386 2265/1146/2385
f 2299/1072/2311 2297/1084/2323 2294/1082/2321 2295/1073/2312
f 2315/1182/2421 2301/1075/2314 2300/1131/2370
f 2317/1181/2420 2318/1180/2419 2316/1186/2425 2313/1183/2422
f 2310/1126/2365 2309/1172/2411 2311/1163/2402 2312/1162/2401
f 2491/1187/2426 2326/1155/2394 2327/1188/2427 2489/1189/2428
f 2486/1190/2429 2484/1191/2430 2478/1192/2431 2476/1193/2432
f 2489/1189/2428 2327/1188/2427 2483/1194/2433 2487/1195/2434
f 2321/1179/2418 2319/1102/2341 2369/1101/2340 2370/1196/2435
f 2327/1188/2427 2326/1155/2394 2323/1127/2366 2324/1197/2436
f 2318/1180/2419 2321/1179/2418 2385/1137/2376 2386/1198/2437
f 2279/1123/2362 2304/1145/2384 2303/1129/2368
f 2316/1186/2425 2318/1180/2419 2386/1198/2437 2462/1199/2438
f 2302/1111/2350 2371/1200/2439 2320/1100/2339
f 2314/1134/2373 2317/1181/2420 2313/1183/2422
f 2324/1197/2436 2323/1127/2366 2310/1126/2365 2312/1162/2401
f 2311/1163/2402 2316/1186/2425 2462/1199/2438 2472/1201/2440
f 2372/1202/2441 2356/1114/2353 2374/1203/2442 2375/1204/2443
f 2270/1074/2313 2295/1073/2312 2272/1093/2332
f 2320/1100/2339 2319/1102/2341 2317/1181/2420 2314/1134/2373
f 2362/1205/2444 2364/1206/2445 2352/1098/2337
f 2424/1207/2446 2490/1208/2447 2663/1209/2448 2860/1210/2449
f 2242/1055/2294 2268/1159/2398 2266/1160/2399
f 2313/1183/2422 2315/1182/2421 2314/1134/2373
f 2349/1164/2403 2249/1094/2333 2247/1051/2290 2348/1076/2315
f 2250/1066/2305 2246/1053/2292 2245/1052/2291
f 2288/1184/2423 2347/1156/2395 2287/1121/2360
f 2354/1211/2450 2355/1212/2451 2353/1115/2354
f 2343/1213/2452 2344/1144/2383 2341/1143/2382
f 2273/1091/2330 2281/1080/2319 2255/1119/2358 2254/1077/2316
f 2340/1132/2371 2355/1212/2451 2339/1133/2372
f 2362/1205/2444 2352/1098/2337 2288/1184/2423 2322/1185/2424
f 2491/1187/2426 2492/1214/2453 2325/1085/2324 2326/1155/2394
f 2260/1078/2317 2258/1108/2347 2257/1079/2318
f 2261/1118/2357 2264/1157/2396 2262/1166/2405
f 2353/1115/2354 2346/1138/2377 2342/1142/2381 2345/1116/2355
f 2252/1061/2300 2350/1165/2404 2343/1213/2452 2334/1062/2301
f 2258/1108/2347 2260/1078/2317 2259/1139/2378
f 2355/1212/2451 2340/1132/2371 2346/1138/2377
f 2354/1211/2450 2358/1215/2454 2359/1110/2349 2338/1109/2348
f 2259/1139/2378 2340/1132/2371 2258/1108/2347
f 2331/1216/2455 2333/1178/2417 2330/1177/2416
f 2350/1165/2404 2360/1096/2335 2344/1144/2383 2343/1213/2452
f 2295/1073/2312 2296/1081/2320 2272/1093/2332
f 2358/1215/2454 2354/1211/2450 2353/1115/2354 2356/1114/2353
f 2332/1152/2391 2334/1062/2301 2343/1213/2452 2341/1143/2382
f 2259/1139/2378 2329/1141/2380 2328/1140/2379
f 2333/1178/2417 2336/1149/2388 2332/1152/2391
f 2363/1217/2456 2374/1203/2442 2356/1114/2353 2357/1113/2352
f 2255/1119/2358 2262/1166/2405 2256/1171/2410
f 2276/1124/2363 2263/1148/2387 2261/1118/2357 2277/1117/2356
f 2263/1148/2387 2264/1157/2396 2261/1118/2357
f 2404/1218/2457 2401/1219/2458 2399/1220/2459
f 2337/1150/2389 2253/1099/2338 2251/1060/2299
f 2335/1059/2298 2337/1150/2389 2251/1060/2299
f 2372/1202/2441 2366/1221/2460 2358/1215/2454 2356/1114/2353
f 2351/1097/2336 2349/1164/2403 2348/1076/2315 2347/1156/2395
f 2347/1156/2395 2288/1184/2423 2352/1098/2337 2351/1097/2336
f 2361/1095/2334 2357/1113/2352 2345/1116/2355 2344/1144/2383
f 2359/1110/2349 2358/1215/2454 2366/1221/2460 2365/1222/2461
f 2364/1206/2445 2361/1095/2334 2352/1098/2337
f 2361/1095/2334 2364/1206/2445 2357/1113/2352
f 2339/1133/2372 2355/1212/2451 2354/1211/2450
f 2320/1100/2339 2371/1200/2439 2369/1101/2340
f 2375/1204/2443 2376/1223/2462 2373/1224/2463 2372/1202/2441
f 2373/1224/2463 2368/1225/2464 2366/1221/2460 2372/1202/2441
f 2353/1115/2354 2355/1212/2451 2346/1138/2377
f 2339/1133/2372 2354/1211/2450 2338/1109/2348
f 2370/1196/2435 2369/1101/2340 2365/1222/2461 2367/1226/2465
f 2426/1227/2466 2425/1228/2467 2375/1204/2443 2374/1203/2442
f 2478/1192/2431 2483/1194/2433 2327/1188/2427 2324/1197/2436
f 2362/1205/2444 2429/1229/2468 2363/1217/2456 2364/1206/2445
f 2368/1225/2464 2373/1224/2463 2405/1230/2469 2403/1231/2470
f 2365/1222/2461 2366/1221/2460 2368/1225/2464 2367/1226/2465
f 2399/1220/2459 2387/1232/2471 2370/1196/2435 2367/1226/2465
f 2406/1233/2472 2407/1234/2473 2432/1235/2474 2430/1236/2475
f 2378/1237/2476 2461/1238/2477 2481/1239/2478 2482/1240/2479
f 2410/1241/2480 2405/1230/2469 2373/1224/2463 2376/1223/2462
f 2360/1096/2335 2361/1095/2334 2344/1144/2383
f 2476/1193/2432 2478/1192/2431 2324/1197/2436 2312/1162/2401
f 2388/1242/2481 2389/1135/2374 2387/1232/2471
f 2425/1228/2467 2417/1243/2482 2376/1223/2462 2375/1204/2443
f 2371/1200/2439 2302/1111/2350 2359/1110/2349
f 2426/1227/2466 2374/1203/2442 2363/1217/2456 2427/1244/2483
f 2419/1245/2484 2418/1246/2485 2377/1247/2486 2378/1237/2476
f 2364/1206/2445 2363/1217/2456 2357/1113/2352
f 2410/1241/2480 2376/1223/2462 2417/1243/2482 2415/1248/2487
f 2429/1229/2468 2427/1244/2483 2363/1217/2456
f 2365/1222/2461 2371/1200/2439 2359/1110/2349
f 2256/1171/2410 2260/1078/2317 2254/1077/2316
f 2331/1216/2455 2330/1177/2416 2328/1140/2379
f 2379/1249/2488 2408/1103/2342 2407/1234/2473
f 2855/1250/2489 2856/1251/2490 2416/1252/2491 2415/1248/2487
f 2383/1253/2492 2464/1254/2493 2382/1255/2494
f 2436/1256/2495 2412/1257/2496 2416/1252/2491
f 2389/1135/2374 2384/1258/2497 2381/1136/2375
f 2384/1258/2497 2383/1253/2492 2382/1255/2494 2381/1136/2375
f 2850/1259/2498 2790/1260/2499 2384/1258/2497 2388/1242/2481
f 2382/1255/2494 2464/1254/2493 2386/1198/2437
f 2456/1261/2500 2402/1262/2501 2401/1219/2458 2455/1263/2502
f 2463/1176/2415 2383/1253/2492 2789/1264/2503 2788/1173/2412
f 2472/1201/2440 2477/1161/2400 2311/1163/2402
f 2400/1265/2504 2399/1220/2459 2401/1219/2458 2402/1262/2501
f 2391/1266/2505 2390/1267/2506 2392/1268/2507 2393/1269/2508
f 2438/1270/2509 2432/1235/2474 2433/1271/2510
f 2392/1268/2507 2398/1272/2511 2573/1273/2512 2574/1274/2513
f 2577/1275/2514 2573/1273/2512 2575/1276/2515 2576/1277/2516
f 2394/1106/2345 2391/1266/2505 2433/1271/2510 2432/1235/2474
f 2860/1210/2449 2858/1278/2517 2421/1279/2518 2424/1207/2446
f 2450/1280/2519 2451/1281/2520 2442/1282/2521 2439/1283/2522
f 2592/1284/2523 2542/1285/2524 2575/1276/2515 2420/1286/2525
f 2442/1282/2521 2444/1287/2526 2439/1283/2522
f 2464/1254/2493 2463/1176/2415 2462/1199/2438
f 2404/1218/2457 2367/1226/2465 2368/1225/2464
f 2387/1232/2471 2389/1135/2374 2385/1137/2376
f 2397/1288/2527 2396/1289/2528 2390/1267/2506 2395/1105/2344
f 2403/1231/2470 2404/1218/2457 2368/1225/2464
f 2413/1290/2529 2455/1263/2502 2401/1219/2458 2403/1231/2470
f 2403/1231/2470 2405/1230/2469 2411/1291/2530 2413/1290/2529
f 2385/1137/2376 2321/1179/2418 2370/1196/2435 2387/1232/2471
f 2415/1248/2487 2416/1252/2491 2412/1257/2496 2410/1241/2480
f 2394/1106/2345 2432/1235/2474 2407/1234/2473 2408/1103/2342
f 2532/1292/2531 2434/1293/2532 2393/1269/2508 2533/1294/2533
f 2472/1201/2440 2473/1175/2414 2475/1295/2534 2474/1296/2535
f 2646/1297/2536 2490/1208/2447 2469/1169/2408 2645/1298/2537
f 2436/1256/2495 2430/1236/2475 2438/1270/2509 2435/1299/2538
f 2418/1246/2485 2419/1245/2484 2423/1300/2539 2397/1288/2527
f 2423/1300/2539 2419/1245/2484 2482/1240/2479 2470/1301/2540
f 2406/1233/2472 2431/1302/2541 2414/1303/2542
f 2435/1299/2538 2457/1304/2543 2411/1291/2530 2412/1257/2496
f 2832/1305/2544 2831/1306/2545 2453/1307/2546 2441/1308/2547
f 2438/1270/2509 2437/1309/2548 2435/1299/2538
f 2575/1276/2515 2573/1273/2512 2398/1272/2511 2420/1286/2525
f 2386/1198/2437 2385/1137/2376 2381/1136/2375 2382/1255/2494
f 2455/1263/2502 2413/1290/2529 2454/1310/2549 2452/1311/2550
f 2530/1312/2551 2460/1313/2552 2434/1293/2532 2532/1292/2531
f 2468/1314/2553 2466/1315/2554 2496/1316/2555 2497/1317/2556
f 2564/1318/2557 2576/1277/2516 2559/1319/2558
f 2575/1276/2515 2578/1320/2559 2576/1277/2516
f 2469/1169/2408 2490/1208/2447 2424/1207/2446 2422/1170/2409
f 2529/1321/2560 2531/1322/2561 2528/1323/2562
f 2420/1286/2525 2421/1279/2518 2858/1278/2517 2592/1284/2523
f 2412/1257/2496 2411/1291/2530 2405/1230/2469 2410/1241/2480
f 2406/1233/2472 2380/1324/2563 2379/1249/2488 2407/1234/2473
f 2336/1149/2388 2335/1059/2298 2334/1062/2301
f 2790/1260/2499 2789/1264/2503 2383/1253/2492 2384/1258/2497
f 2369/1101/2340 2371/1200/2439 2365/1222/2461
f 2399/1220/2459 2400/1265/2504 2388/1242/2481 2387/1232/2471
f 2430/1236/2475 2431/1302/2541 2406/1233/2472
f 2377/1247/2486 2418/1246/2485 2409/1104/2343
f 2424/1207/2446 2421/1279/2518 2396/1289/2528 2422/1170/2409
f 2554/1325/2564 2557/1326/2565 2541/1327/2566 2539/1328/2567
f 2474/1296/2535 2475/1295/2534 2519/1329/2568 2518/1330/2569
f 2444/1287/2526 2440/1331/2570 2448/1332/2571 2439/1283/2522
f 2401/1219/2458 2404/1218/2457 2403/1231/2470
f 2890/1333/2572 2883/1334/2573 2882/1335/2574
f 2665/1336/2575 2509/1337/2576 2664/1338/2577
f 2402/1262/2501 2456/1261/2500 2827/1339/2578 2829/1340/2579
f 2608/1341/2580 2606/1342/2581 2607/1343/2582 2609/1344/2583
f 2445/1345/2584 2448/1332/2571 2440/1331/2570
f 2835/1346/2585 2832/1305/2544 2441/1308/2547 2443/1347/2586
f 2840/1348/2587 2839/1349/2588 2833/1350/2589 2836/1351/2590
f 2442/1282/2521 2451/1281/2520 2871/1352/2591 2879/1353/2592
f 2447/1354/2593 2448/1332/2571 2445/1345/2584
f 2834/1355/2594 2832/1305/2544 2838/1356/2595 2833/1350/2589
f 2459/1357/2596 2460/1313/2552 2530/1312/2551 2529/1321/2560
f 2447/1354/2593 2459/1357/2596 2529/1321/2560 2534/1358/2597
f 2834/1355/2594 2833/1350/2589 2825/1359/2598
f 2412/1257/2496 2436/1256/2495 2435/1299/2538
f 2460/1313/2552 2459/1357/2596 2458/1360/2599 2437/1309/2548
f 2879/1353/2592 2880/1361/2600 2835/1346/2585 2443/1347/2586
f 2415/1248/2487 2417/1243/2482 2854/1362/2601 2855/1250/2489
f 2446/1363/2602 2448/1332/2571 2447/1354/2593
f 2445/1345/2584 2440/1331/2570 2452/1311/2550 2454/1310/2549
f 2539/1328/2567 2536/1364/2603 2550/1365/2604 2554/1325/2564
f 2594/1366/2605 2450/1280/2519 2449/1367/2606
f 2413/1290/2529 2411/1291/2530 2457/1304/2543 2454/1310/2549
f 2439/1283/2522 2446/1363/2602 2449/1367/2606 2450/1280/2519
f 2877/1368/2607 2875/1369/2608 2870/1370/2609
f 2646/1297/2536 2645/1298/2537 2648/1371/2610 2647/1372/2611
f 2470/1301/2540 2465/1167/2406 2422/1170/2409 2423/1300/2539
f 2409/1104/2343 2408/1103/2342 2379/1249/2488 2377/1247/2486
f 2599/1373/2612 2644/1374/2613 2467/1168/2407 2468/1314/2553
f 2495/1375/2614 2496/1316/2555 2466/1315/2554 2471/1376/2615
f 2398/1272/2511 2392/1268/2507 2390/1267/2506 2396/1289/2528
f 2434/1293/2532 2433/1271/2510 2391/1266/2505 2393/1269/2508
f 2473/1175/2414 2472/1201/2440 2462/1199/2438 2463/1176/2415
f 2850/1259/2498 2388/1242/2481 2400/1265/2504 2849/1377/2616
f 2467/1168/2407 2465/1167/2406 2466/1315/2554 2468/1314/2553
f 2907/1378/2617 2901/1379/2618 2508/1380/2619 2505/1381/2620
f 2482/1240/2479 2481/1239/2478 2471/1376/2615 2470/1301/2540
f 2571/1382/2621 2544/1383/2622 2527/1384/2623 2526/1385/2624
f 5787/1386/2625 2789/1264/2503 2790/1260/2499 5788/1387/2626
f 2530/1312/2551 2532/1292/2531 2524/1388/2627
f 2477/1161/2400 2476/1193/2432 2312/1162/2401
f 2495/1375/2614 2480/1389/2628 2479/1390/2629 2493/1391/2630
f 2314/1134/2373 2315/1182/2421 2300/1131/2370
f 2514/1392/2631 2513/1393/2632 2512/1394/2633
f 2519/1329/2568 2475/1295/2534 2749/1395/2634 2748/1396/2635
f 2527/1384/2623 2531/1322/2561 2524/1388/2627
f 2480/1389/2628 2481/1239/2478 2461/1238/2477
f 2522/1397/2636 2498/1398/2637 2485/1399/2638 2484/1191/2430
f 2549/1400/2639 2528/1323/2562 2531/1322/2561 2527/1384/2623
f 2483/1194/2433 2478/1192/2431 2484/1191/2430 2485/1399/2638
f 2525/1401/2640 2524/1388/2627 2532/1292/2531 2533/1294/2533
f 2471/1376/2615 2481/1239/2478 2480/1389/2628 2495/1375/2614
f 2470/1301/2540 2471/1376/2615 2466/1315/2554 2465/1167/2406
f 2499/1402/2641 2488/1403/2642 2485/1399/2638
f 2450/1280/2519 2594/1366/2605 2593/1404/2643
f 2460/1313/2552 2437/1309/2548 2433/1271/2510 2434/1293/2532
f 2487/1195/2434 2483/1194/2433 2485/1399/2638 2488/1403/2642
f 2907/1378/2617 2908/1405/2644 2902/1406/2645 2901/1379/2618
f 2341/1143/2382 2342/1142/2381 2330/1177/2416 2332/1152/2391
f 2360/1096/2335 2350/1165/2404 2349/1164/2403 2351/1097/2336
f 2716/1407/2646 2670/1408/2647 2671/1409/2648 2717/1410/2649
f 2495/1375/2614 2501/1411/2650 2496/1316/2555
f 2346/1138/2377 2328/1140/2379 2330/1177/2416 2342/1142/2381
f 2329/1141/2380 2331/1216/2455 2328/1140/2379
f 2378/1237/2476 2482/1240/2479 2419/1245/2484
f 2394/1106/2345 2395/1105/2344 2390/1267/2506 2391/1266/2505
f 2514/1392/2631 2512/1394/2633 2503/1412/2651
f 2508/1380/2619 2509/1337/2576 2502/1413/2652 2505/1381/2620
f 2499/1402/2641 2498/1398/2637 2501/1411/2650 2493/1391/2630
f 2502/1413/2652 2507/1414/2653 2505/1381/2620
f 2522/1397/2636 2520/1415/2654 2500/1416/2655 2498/1398/2637
f 2787/1174/2413 2749/1395/2634 2475/1295/2534 2473/1175/2414
f 2601/1417/2656 2523/1418/2657 2521/1419/2658 2603/1420/2659
f 2654/1421/2660 2626/1422/2661 2624/1423/2662
f 2514/1392/2631 2503/1412/2651 2507/1414/2653 2502/1413/2652
f 2752/1428/2667 2755/1429/2668 2506/1430/2669 2504/1431/2670
f 2665/1336/2575 2511/1432/2671 2509/1337/2576
f 2504/1431/2670 2507/1414/2653 2503/1412/2651
f 2477/1161/2400 2474/1296/2535 2476/1193/2432
f 2707/1433/2672 2711/1434/2673 2675/1435/2674 2676/1436/2675
f 2606/1342/2581 2605/1437/2676 2513/1393/2632 2510/1438/2677
f 2516/1439/2678 2515/1440/2679 2518/1330/2569 2519/1329/2568
f 2919/1441/2680 2912/1442/2681 2910/1443/2682
f 2768/1444/2683 2767/1445/2684 2762/1446/2685 2766/1447/2686
f 2765/1448/2687 2759/1449/2688 2762/1446/2685
f 2758/1450/2689 2755/1429/2668 2752/1428/2667
f 2518/1330/2569 2486/1190/2429 2476/1193/2432 2474/1296/2535
f 2522/1397/2636 2517/1451/2690 2512/1394/2633 2520/1415/2654
f 2523/1418/2657 2500/1416/2655 2520/1415/2654 2521/1419/2658
f 2760/1452/2691 2759/1449/2688 2753/1453/2692 2745/1454/2693
f 2500/1416/2655 2501/1411/2650 2498/1398/2637
f 2599/1373/2612 2468/1314/2553 2497/1317/2556 2600/1455/2694
f 2510/1438/2677 2514/1392/2631 2502/1413/2652
f 2513/1393/2632 2514/1392/2631 2510/1438/2677
f 2503/1412/2651 2512/1394/2633 2517/1451/2690 2515/1440/2679
f 2613/1456/2695 2611/1457/2696 2607/1343/2582 2511/1432/2671
f 2496/1316/2555 2501/1411/2650 2500/1416/2655
f 2484/1191/2430 2486/1190/2429 2517/1451/2690 2522/1397/2636
f 2607/1343/2582 2606/1342/2581 2510/1438/2677 2511/1432/2671
f 2537/1458/2697 2536/1364/2603 2535/1459/2698 2534/1358/2597
f 2523/1418/2657 2497/1317/2556 2496/1316/2555 2500/1416/2655
f 2579/1460/2699 2570/1461/2700 2526/1385/2624 2525/1401/2640
f 2524/1388/2627 2525/1401/2640 2526/1385/2624 2527/1384/2623
f 2556/1462/2701 2557/1326/2565 2554/1325/2564 2555/1463/2702
f 2547/1464/2703 2551/1465/2704 2537/1458/2697 2528/1323/2562
f 2583/1466/2705 2555/1463/2702 2552/1467/2706
f 2579/1460/2699 2525/1401/2640 2533/1294/2533 2574/1274/2513
f 2530/1312/2551 2531/1322/2561 2529/1321/2560
f 2535/1459/2698 2536/1364/2603 2539/1328/2567 2538/1468/2707
f 2593/1404/2643 2865/1469/2708 2451/1281/2520 2450/1280/2519
f 2584/1470/2709 2556/1462/2701 2555/1463/2702
f 2551/1465/2704 2547/1464/2703 2548/1471/2710 2553/1472/2711
f 2547/1464/2712 2549/1400/2712 2543/1473/2712
f 2605/1437/2676 2606/1342/2581 2608/1341/2580 2610/1474/2713
f 2541/1327/2566 2560/1475/2714 2540/1476/2715
f 2665/1336/2575 2664/1338/2577 2663/1209/2448
f 2586/1477/2716 2587/1478/2717 2563/1479/2718
f 2571/1382/2621 2572/1480/2719 2546/1481/2720 2544/1383/2622
f 2543/1473/2721 2549/1400/2639 2544/1383/2622
f 2543/1473/2721 2544/1383/2622 2546/1481/2720 2545/1482/2722
f 2581/1483/2723 2591/1484/2724 2548/1471/2710
f 2590/1485/2725 2580/1486/2726 2546/1481/2720
f 2599/1373/2612 2600/1455/2694 2595/1487/2727 2596/1488/2728
f 2582/1489/2729 2583/1466/2705 2552/1467/2706
f 2585/1490/2730 2561/1491/2731 2556/1462/2701
f 2581/1483/2723 2548/1471/2710 2545/1482/2722
f 2580/1486/2726 2545/1482/2722 2546/1481/2720
f 2578/1320/2559 2542/1285/2524 2540/1476/2715
f 2550/1365/2604 2552/1467/2706 2555/1463/2702 2554/1325/2564
f 2540/1476/2715 2542/1285/2524 2449/1367/2606 2538/1468/2707
f 2542/1285/2524 2594/1366/2605 2449/1367/2606
f 2560/1475/2714 2541/1327/2566 2557/1326/2565
f 2583/1466/2705 2584/1470/2709 2555/1463/2702
f 2553/1472/2711 2582/1489/2729 2552/1467/2706
f 2557/1326/2565 2556/1462/2701 2561/1491/2731 2558/1492/2732
f 2584/1470/2709 2585/1490/2730 2556/1462/2701
f 2563/1479/2718 2562/1493/2733 2558/1492/2732 2561/1491/2731
f 2559/1319/2558 2578/1320/2559 2540/1476/2715 2560/1475/2714
f 2567/1494/2734 2564/1318/2557 2562/1493/2733 2565/1495/2735
f 2526/1385/2624 2570/1461/2700 2568/1496/2736 2571/1382/2621
f 2593/1404/2643 2859/1497/2737 2864/1498/2738 2865/1469/2708
f 2577/1275/2514 2576/1277/2516 2564/1318/2557 2567/1494/2734
f 2569/1499/2739 2568/1496/2736 2565/1495/2735 2566/1500/2740
f 2587/1478/2717 2588/1501/2741 2566/1500/2740
f 2579/1460/2699 2577/1275/2514 2567/1494/2734 2570/1461/2700
f 2589/1502/2742 2572/1480/2719 2569/1499/2739
f 2572/1480/2719 2571/1382/2621 2568/1496/2736 2569/1499/2739
f 2588/1501/2741 2589/1502/2742 2569/1499/2739
f 2591/1484/2724 2553/1472/2711 2548/1471/2710
f 2589/1502/2742 2590/1485/2725 2572/1480/2719
f 2868/1503/2743 2870/1370/2609 2863/1504/2744 2862/1505/2745
f 2859/1497/2737 2593/1404/2643 2592/1284/2523 2858/1278/2517
f 2542/1285/2524 2578/1320/2559 2575/1276/2515
f 2537/1458/2697 2534/1358/2597 2529/1321/2560 2528/1323/2562
f 2576/1277/2516 2578/1320/2559 2559/1319/2558
f 2591/1484/2724 2582/1489/2729 2553/1472/2711
f 2528/1323/2562 2549/1400/2639 2547/1464/2703
f 2566/1500/2740 2565/1495/2735 2562/1493/2733 2563/1479/2718
f 2548/1471/2710 2547/1464/2703 2543/1473/2721 2545/1482/2722
f 2367/1226/2465 2404/1218/2457 2399/1220/2459
f 2409/1104/2343 2418/1246/2485 2397/1288/2527 2395/1105/2344
f 2400/1265/2504 2402/1262/2501 2829/1340/2579 2849/1377/2616
f 2435/1299/2538 2437/1309/2548 2458/1360/2599 2457/1304/2543
f 2544/1383/2622 2549/1400/2639 2527/1384/2623
f 2592/1284/2523 2594/1366/2605 2542/1285/2524
f 2580/1486/2726 2581/1483/2723 2545/1482/2722
f 2553/1472/2711 2552/1467/2706 2550/1365/2604 2551/1465/2704
f 2574/1274/2513 2573/1273/2512 2577/1275/2514 2579/1460/2699
f 2640/1506/2746 2650/1507/2747 2596/1488/2728 2597/1508/2748
f 2590/1485/2725 2546/1481/2720 2572/1480/2719
f 2541/1327/2566 2540/1476/2715 2538/1468/2707 2539/1328/2567
f 2642/1509/2749 2597/1508/2748 2598/1510/2750 2615/1511/2751
f 2560/1475/2714 2557/1326/2565 2558/1492/2732
f 2585/1490/2730 2586/1477/2716 2561/1491/2731
f 2586/1477/2716 2563/1479/2718 2561/1491/2731
f 2564/1318/2557 2559/1319/2558 2558/1492/2732 2562/1493/2733
f 2587/1478/2717 2566/1500/2740 2563/1479/2718
f 2588/1501/2741 2569/1499/2739 2566/1500/2740
f 2570/1461/2700 2567/1494/2734 2565/1495/2735 2568/1496/2736
f 2601/1417/2656 2604/1512/2752 2595/1487/2727
f 2595/1487/2727 2604/1512/2752 2598/1510/2750
f 2559/1319/2558 2560/1475/2714 2558/1492/2732
f 2893/1513/2753 2886/1514/2754 2887/1515/2755
f 2444/1287/2526 2441/1308/2547 2440/1331/2570
f 2598/1510/2750 2597/1508/2748 2596/1488/2728 2595/1487/2727
f 2602/1516/2756 2619/1517/2757 2598/1510/2750 2604/1512/2752
f 2674/1518/2758 2673/1519/2759 2672/1520/2760
f 2600/1455/2694 2601/1417/2656 2595/1487/2727
f 2650/1507/2747 2644/1374/2613 2599/1373/2612 2596/1488/2728
f 2617/1521/2761 2661/1522/2762 2643/1523/2763
f 2610/1474/2713 2602/1516/2756 2603/1420/2659 2605/1437/2676
f 2608/1341/2580 2609/1344/2583 2623/1524/2764 2621/1525/2765
f 2612/1526/2766 2631/1527/2767 2627/1528/2768
f 2605/1437/2676 2603/1420/2659 2521/1419/2658 2513/1393/2632
f 2486/1190/2429 2518/1330/2569 2515/1440/2679 2517/1451/2690
f 2624/1423/2662 2621/1525/2765 2623/1524/2764 2625/1529/2769
f 2521/1419/2658 2520/1415/2654 2512/1394/2633 2513/1393/2632
f 2635/1530/2770 2657/1531/2771 2634/1532/2772
f 2615/1511/2751 2617/1521/2761 2643/1523/2763 2642/1509/2749
f 2649/1533/2773 2611/1457/2696 2613/1456/2695
f 2621/1525/2765 2622/1534/2774 2610/1474/2713 2608/1341/2580
f 2657/1531/2771 2656/1535/2775 2634/1532/2772
f 2604/1512/2752 2603/1420/2659 2602/1516/2756
f 2651/1536/2776 2617/1521/2761 2616/1537/2777
f 2619/1517/2778 2618/1538/2778 2614/1539/2778
f 2616/1537/2777 2617/1521/2761 2615/1511/2751 2614/1539/2779
f 2622/1534/2774 2626/1422/2661 2620/1540/2780 2618/1538/2781
f 2631/1527/2767 2612/1526/2766 2611/1457/2696
f 2511/1432/2671 2665/1336/2575 2613/1456/2695
f 2651/1536/2776 2661/1522/2762 2617/1521/2761
f 2625/1529/2769 2653/1541/2782 2624/1423/2662
f 2655/1542/2783 2625/1529/2769 2628/1543/2784
f 2637/1544/2785 2636/1545/2786 2632/1546/2787 2633/1547/2788
f 2654/1421/2660 2662/1548/2789 2626/1422/2661
f 2627/1528/2768 2628/1543/2784 2625/1529/2769 2623/1524/2764
f 2656/1535/2775 2655/1542/2783 2628/1543/2784
f 2629/1549/2790 2634/1532/2772 2628/1543/2784 2627/1528/2768
f 2630/1550/2791 2631/1527/2767 2611/1457/2696 2649/1533/2773
f 2620/1540/2780 2616/1537/2777 2614/1539/2779 2618/1538/2781
f 2655/1542/2783 2653/1541/2782 2625/1529/2769
f 2648/1371/2610 2637/1544/2785 2633/1547/2788 2647/1372/2611
f 2639/1551/2792 2641/1552/2793 2638/1553/2794 2636/1545/2786
f 2898/1554/2795 2899/1555/2796 2508/1380/2619 2901/1379/2618
f 2656/1535/2775 2628/1543/2784 2634/1532/2772
f 2679/1556/2797 2668/1557/2798 2666/1558/2799
f 2638/1553/2794 2658/1559/2800 2635/1530/2770
f 2627/1528/2768 2631/1527/2767 2629/1549/2790
f 2597/1508/2748 2642/1509/2749 2639/1551/2792 2640/1506/2746
f 2638/1553/2794 2635/1530/2770 2632/1546/2787 2636/1545/2786
f 2640/1506/2746 2637/1544/2785 2648/1371/2610 2650/1507/2747
f 2659/1560/2801 2658/1559/2800 2638/1553/2794
f 2658/1559/2800 2657/1531/2771 2635/1530/2770
f 2643/1523/2763 2660/1561/2802 2641/1552/2793
f 2661/1522/2762 2660/1561/2802 2643/1523/2763
f 2659/1560/2801 2638/1553/2794 2641/1552/2793
f 2650/1507/2747 2648/1371/2610 2645/1298/2537 2644/1374/2613
f 2670/1408/2647 2674/1562/2758 2666/1558/2799
f 2611/1457/2696 2612/1526/2766 2609/1344/2583 2607/1343/2582
f 2860/1210/2449 2663/1209/2448 2664/1338/2577 2861/1563/2803
f 2662/1548/2789 2652/1564/2804 2620/1540/2780
f 2662/1548/2789 2620/1540/2780 2626/1422/2661
f 2613/1456/2695 2665/1336/2575 2663/1209/2448
f 2619/1517/2757 2614/1539/2779 2615/1511/2751
f 2653/1541/2782 2654/1421/2660 2624/1423/2662
f 2634/1532/2772 2629/1549/2790 2632/1546/2787 2635/1530/2770
f 2643/1523/2763 2641/1552/2793 2639/1551/2792 2642/1509/2749
f 2477/1161/2400 2472/1201/2440 2474/1296/2535
f 2627/1528/2768 2623/1524/2764 2609/1344/2583 2612/1526/2766
f 2649/1533/2773 2647/1372/2611 2630/1550/2791
f 2687/1565/2805 2686/1566/2806 2683/1567/2807 2685/1568/2808
f 2636/1545/2786 2637/1544/2785 2640/1506/2746 2639/1551/2792
f 2668/1557/2798 2718/1569/2809 2669/1570/2810
f 2620/1540/2780 2652/1564/2804 2616/1537/2777
f 2624/1423/2662 2626/1422/2661 2622/1534/2774 2621/1525/2765
f 2671/1409/2648 2670/1408/2647 2666/1558/2799 2667/1571/2811
f 2652/1564/2804 2651/1536/2776 2616/1537/2777
f 2598/1510/2750 2619/1517/2757 2615/1511/2751
f 2649/1533/2773 2613/1456/2695 2646/1297/2536
f 2604/1512/2752 2601/1417/2656 2603/1420/2659
f 2663/1209/2448 2490/1208/2447 2646/1297/2536 2613/1456/2695
f 2647/1372/2611 2649/1533/2773 2646/1297/2536
f 2729/1572/2812 2730/1573/2813 2667/1571/2811 2669/1570/2810
f 2631/1527/2767 2630/1550/2791 2629/1549/2790
f 2633/1547/2788 2632/1546/2787 2629/1549/2790 2630/1550/2791
f 2660/1561/2802 2659/1560/2801 2641/1552/2793
f 2619/1517/2757 2602/1516/2756 2618/1538/2781
f 2497/1317/2556 2523/1418/2657 2601/1417/2656 2600/1455/2694
f 2669/1570/2810 2667/1571/2811 2666/1558/2799 2668/1557/2798
f 2669/1570/2810 2717/1410/2649 2732/1574/2814 2729/1572/2812
f 2814/1575/2815 2811/1576/2816 2795/1577/2817 2793/1578/2818
f 2682/1579/2819 2672/1520/2760 2680/1580/2820
f 2683/1567/2807 2688/1581/2821 2691/1582/2822 2690/1583/2823
f 2695/1584/2824 2693/1585/2825 2680/1580/2820 2681/1586/2826
f 2720/1587/2827 2719/1588/2828 2713/1589/2829
f 2679/1556/2797 2677/1590/2830 2720/1587/2827 2678/1591/2831
f 2780/1592/2832 2778/1593/2833 2685/1568/2808 2684/1594/2834
f 2687/1565/2805 2797/1595/2835 2686/1566/2806
f 2686/1566/2806 2797/1595/2835 2799/1596/2836 2798/1597/2837
f 2672/1520/2760 2682/1579/2819 2676/1436/2675
f 2712/1598/2838 2678/1591/2831 2713/1589/2829
f 2724/1599/2839 2722/1600/2840 2727/1601/2841 2728/1602/2842
f 2691/1582/2822 2704/1603/2843 2690/1583/2823
f 2735/1604/2844 2734/1605/2845 2688/1581/2821 2689/1606/2846
f 5769/1607/2847 2741/1608/2848 2736/1609/2849 2740/1610/2850
f 2770/1611/2851 2771/1612/2852 2698/1613/2853 2696/1614/2854
f 2796/1615/2855 2801/1616/2856 2695/1584/2824 2681/1586/2826
f 2693/1585/2825 2695/1584/2824 2697/1617/2857 2696/1614/2854
f 2683/1567/2807 2686/1566/2806 2689/1606/2846 2688/1581/2821
f 2800/1618/2858 2689/1606/2846 2686/1566/2806 2798/1597/2837
f 2778/1593/2833 2779/1619/2859 2687/1565/2805 2685/1568/2808
f 2810/1620/2860 2809/1621/2861 2804/1622/2862 2805/1623/2863
f 2805/1623/2863 2799/1596/2836 2847/1624/2864 2818/1625/2865
f 2771/1612/2852 2740/1610/2850 2699/1626/2866 2698/1613/2853
f 2772/1627/2867 2770/1611/2851 2696/1614/2854 2697/1617/2857
f 2710/1628/2868 2703/1629/2869 2734/1605/2845 2719/1588/2828
f 2734/1605/2845 2703/1629/2869 2691/1582/2822
f 2740/1610/2850 2736/1609/2849 2706/1630/2870 2699/1626/2866
f 2719/1588/2828 2720/1587/2827 2710/1628/2868
f 2694/1631/2871 2693/1585/2825 2698/1613/2853 2699/1626/2866
f 2710/1628/2868 2709/1632/2872 2702/1633/2873 2703/1629/2869
f 2747/1634/2874 2750/1635/2875 5774/1636/2876
f 2675/1435/2674 2711/1434/2673 2677/1590/2830
f 2700/1637/2877 2702/1633/2873 2707/1433/2672 2705/1638/2878
f 2709/1632/2872 2677/1590/2830 2711/1434/2673
f 2696/1614/2854 2698/1613/2853 2693/1585/2825
f 2707/1433/2672 2702/1633/2873 2709/1632/2872 2711/1434/2673
f 2732/1574/2814 2728/1602/2842 2727/1601/2841 2729/1572/2812
f 2703/1629/2869 2704/1603/2843 2691/1582/2822
f 2678/1591/2831 2712/1598/2838 2668/1557/2798
f 2725/1639/2879 2727/1601/2880 2722/1600/2880 2721/1640/2881
f 2668/1557/2798 2679/1556/2797 2678/1591/2831
f 2721/1640/2881 2723/1641/2882 2726/1642/2883 2725/1639/2879
f 2714/1643/2884 2718/1569/2809 2712/1598/2838
f 2796/1615/2855 2681/1586/2826 2673/1519/2759
f 2682/1579/2819 2680/1580/2820 2693/1585/2825 2694/1631/2871
f 2714/1643/2884 2712/1598/2838 2713/1589/2829 2715/1644/2885
f 2794/1645/2886 2716/1407/2646 2792/1646/2887
f 2745/1454/2693 2754/1647/2888 2744/1648/2889
f 2676/1436/2675 2675/1435/2674 2666/1558/2799 2672/1520/2760
f 2674/1562/2758 2672/1520/2760 2666/1558/2799
f 2688/1581/2821 2734/1605/2845 2691/1582/2822
f 2685/1568/2808 2683/1567/2807 2684/1594/2834
f 2708/1649/2890 2676/1436/2675 2682/1579/2819
f 2712/1598/2838 2718/1569/2809 2668/1557/2798
f 2808/1650/2891 2807/1651/2892 2800/1618/2858
f 2723/1641/2882 2721/1640/2881 2722/1600/2840 2724/1599/2839
f 2728/1602/2842 2732/1574/2814 2731/1652/2893 2726/1642/2883
f 2717/1410/2649 2671/1409/2648 2731/1652/2893 2732/1574/2814
f 2810/1620/2860 2820/1653/2894 2817/1654/2895
f 2689/1606/2846 2800/1618/2858 2735/1604/2844
f 2728/1602/2842 2726/1642/2883 2723/1641/2882 2724/1599/2839
f 2718/1655/2809 2717/1410/2649 2669/1570/2810
f 2793/1578/2818 2795/1577/2817 2673/1519/2759 2670/1408/2647
f 2794/1645/2886 2793/1578/2818 2670/1408/2647
f 2715/1644/2885 2816/1656/2896 2792/1646/2887
f 2733/1657/2897 2816/1656/2896 2715/1644/2885
f 2795/1577/2817 2796/1615/2855 2673/1519/2759
f 2733/1657/2897 2719/1588/2828 2734/1605/2845 2735/1604/2844
f 2714/1643/2884 2792/1646/2887 2716/1407/2646
f 2731/1652/2893 2730/1573/2813 2725/1639/2879 2726/1642/2883
f 2822/1658/2898 2844/1659/2899 2802/1660/2900 2803/1661/2901
f 2784/1662/2902 2780/1592/2832 2684/1594/2834 2692/1663/2903
f 2679/1556/2797 2675/1435/2674 2677/1590/2830
f 2708/1649/2890 2705/1638/2878 2707/1433/2672
f 2716/1407/2646 2718/1655/2809 2714/1643/2884
f 2710/1628/2868 2677/1590/2830 2709/1632/2872
f 2741/1608/2848 2742/1664/2904 2738/1665/2905 2736/1609/2849
f 2676/1436/2675 2708/1649/2890 2707/1433/2672
f 5775/1666/2906 5769/1607/2847 2740/1610/2850 2771/1612/2852
f 2779/1619/2859 2778/1593/2833 2775/1667/2907 2777/1668/2908
f 2506/1430/2669 2507/1414/2653 2504/1431/2670
f 2781/1669/2909 2760/1452/2691 2745/1454/2693 5771/1670/2910
f 2750/1635/2875 2747/1634/2874 2746/1671/2911
f 2746/1671/2911 5773/1672/2912 2743/1673/2913 2744/1648/2889
f 2751/1674/2914 2754/1647/2888 2752/1428/2667
f 5774/1636/2876 2750/1635/2875 2749/1395/2634
f 2463/1176/2415 2464/1254/2493 2383/1253/2492
f 2749/1395/2634 2750/1635/2875 2748/1396/2635
f 2787/1174/2413 2786/1675/2915 5774/1636/2876 2749/1395/2634
f 2761/1676/2916 2764/1677/2917 2911/1678/2918 2910/1443/2682
f 2766/1447/2686 2762/1446/2685 2759/1449/2688 2760/1452/2691
f 2622/1534/2774 2618/1538/2781 2602/1516/2756 2610/1474/2713
f 2754/1647/2888 2753/1453/2692 2758/1450/2689 2752/1428/2667
f 2756/1679/2919 2758/1450/2689 2753/1453/2692
f 2909/1680/2920 2908/1405/2644 2755/1429/2668 2757/1681/2921
f 2920/1682/2922 2924/1683/2923 2913/1684/2924
f 2913/1684/2924 2924/1683/2923 2914/1685/2925
f 2761/1676/2916 2756/1679/2919 2753/1453/2692 2759/1449/2688
f 2912/1442/2681 2913/1684/2924 2757/1681/2921 2756/1679/2919
f 2752/1428/2667 2504/1431/2670 2516/1439/2678 2751/1674/2914
f 2754/1647/2888 2745/1454/2693 2753/1453/2692
f 2920/1682/2922 2913/1684/2924 2912/1442/2681
f 2921/1686/2926 2915/1687/2927 2914/1685/2925
f 2763/1688/2928 2762/1446/2685 2767/1445/2684 2769/1689/2929
f 2873/1690/2930 2874/1691/2931 2763/1688/2928 2769/1689/2929
f 2757/1681/2921 2758/1450/2689 2756/1679/2919
f 2770/1611/2851 2772/1627/2867 2774/1692/2932 2773/1693/2933
f 2704/1603/2843 2703/1629/2869 2702/1633/2873
f 2739/1694/2934 2701/1695/2935 2706/1630/2870
f 2750/1635/2875 2746/1671/2911 2748/1396/2635
f 2704/1603/2843 2702/1633/2873 2700/1637/2877
f 2845/1696/2936 5797/1697/2937 2848/1698/2938 2847/1624/2864
f 2745/1454/2693 2744/1648/2889 2743/1673/2913 5771/1670/2910
f 2717/1410/2649 2718/1655/2809 2716/1407/2646
f 2716/1407/2646 2794/1645/2886 2670/1408/2647
f 2797/1595/2835 2687/1565/2805 2779/1619/2859 2845/1696/2936
f 2759/1449/2688 2765/1448/2687 2761/1676/2916
f 2839/1349/2588 2767/1445/2684 2768/1444/2683 2841/1699/2939
f 2751/1674/2914 2748/1396/2635 2746/1671/2911 2744/1648/2889
f 2506/1430/2669 2755/1429/2668 2908/1405/2644 2907/1378/2617
f 2701/1695/2935 2739/1694/2934 2737/1700/2940
f 2884/1701/2941 2891/1702/2942 2882/1335/2574
f 5796/1703/2943 2774/1692/2932 2772/1627/2867 2844/1659/2899
f 2876/1704/2944 2873/1690/2930 2769/1689/2929 2842/1705/2945
f 2673/1519/2759 2674/1518/2758 2670/1408/2647
f 2818/1625/2865 5800/1706/2946 2819/1707/2947
f 2738/1665/2948 5782/1708/2949 2737/1700/2940
f 2708/1649/2890 2694/1631/2871 2705/1638/2878
f 2738/1665/2948 2785/1709/2950 5782/1708/2949
f 2738/1665/2905 2739/1694/2934 2736/1609/2849
f 2747/1634/2874 2742/1664/2904 5773/1672/2912 2746/1671/2911
f 2499/1402/2641 2485/1399/2638 2498/1398/2637
f 2464/1254/2493 2462/1199/2438 2386/1198/2437
f 2644/1374/2613 2645/1298/2537 2469/1169/2408 2467/1168/2407
f 2574/1274/2513 2533/1294/2533 2393/1269/2508 2392/1268/2507
f 5805/1710/2951 5788/1387/2626 2790/1260/2499 2850/1259/2498
f 2715/1644/2885 2713/1589/2829 2719/1588/2828 2733/1657/2897
f 2706/1630/2870 2705/1638/2878 2694/1631/2871 2699/1626/2866
f 5786/1711/2952 2786/1675/2915 2787/1174/2413 2788/1173/2412
f 2768/1444/2683 2783/1712/2953 2846/1713/2954 2841/1699/2939
f 2708/1649/2890 2682/1579/2819 2694/1631/2871
f 2701/1695/2935 2692/1663/2903 2690/1583/2823 2700/1637/2877
f 2798/1597/2837 2799/1596/2836 2805/1623/2863 2804/1622/2862
f 2733/1657/2897 2735/1604/2844 2807/1651/2892 2815/1714/2955
f 2788/1173/2412 2789/1264/2503 5787/1386/2625 5786/1711/2952
f 2776/1715/2956 2780/1592/2832 2784/1662/2902 5783/1716/2957
f 2820/1653/2894 2805/1623/2863 2818/1625/2865
f 2737/1700/2940 2739/1694/2934 2738/1665/2948
f 2779/1619/2859 2777/1668/2908 5797/1697/2937 2845/1696/2936
f 2672/1520/2760 2673/1519/2759 2681/1586/2826 2680/1580/2820
f 2792/1646/2887 2816/1656/2896 2791/1717/2958 2794/1645/2886
f 5790/1718/2959 2822/1658/2898 2817/1654/2895 5789/1719/2960
f 2720/1587/2827 2677/1590/2830 2710/1628/2868
f 2845/1696/2936 2847/1624/2864 2799/1596/2836 2797/1595/2835
f 2803/1661/2901 2802/1660/2900 2695/1584/2824 2801/1616/2856
f 2804/1622/2862 2808/1650/2891 2798/1597/2837
f 2806/1720/2961 2808/1650/2891 2804/1622/2862
f 5783/1716/2957 2784/1662/2902 2737/1700/2940 5782/1708/2949
f 2701/1695/2935 2700/1637/2877 2705/1638/2878 2706/1630/2870
f 2690/1583/2823 2704/1603/2843 2700/1637/2877
f 2791/1717/2958 2814/1575/2815 2793/1578/2818
f 2784/1662/2902 2692/1663/2903 2701/1695/2935 2737/1700/2940
f 2829/1340/2579 2830/1721/2962 2828/1722/2963
f 2826/1723/2964 2830/1721/2962 2823/1724/2965
f 2820/1653/2894 2810/1620/2860 2805/1623/2863
f 2807/1651/2892 2735/1604/2844 2800/1618/2858
f 2812/1725/2966 2809/1621/2861 2801/1616/2856
f 5793/1726/2967 5791/1727/2968 2824/1728/2969 2825/1359/2598
f 2807/1651/2892 2806/1720/2961 2813/1729/2970 2815/1714/2955
f 2809/1621/2861 2811/1576/2816 2806/1720/2961 2804/1622/2862
f 2808/1650/2891 2806/1720/2961 2807/1651/2892
f 5796/1703/2943 2844/1659/2899 2822/1658/2898 5790/1718/2959
f 2816/1656/2896 2815/1714/2955 2791/1717/2958
f 2812/1725/2966 2811/1576/2816 2809/1621/2861
f 2819/1707/2971 5803/1730/2972 2821/1731/2973
f 2814/1575/2815 2791/1717/2958 2813/1729/2970
f 2793/1578/2818 2794/1645/2886 2791/1717/2958
f 2678/1591/2831 2720/1587/2827 2713/1589/2829
f 2808/1650/2891 2800/1618/2858 2798/1597/2837
f 2727/1601/2841 2725/1639/2879 2730/1573/2813 2729/1572/2812
f 2802/1660/2900 2697/1617/2857 2695/1584/2824
f 2816/1656/2896 2733/1657/2897 2815/1714/2955
f 2736/1609/2849 2739/1694/2934 2706/1630/2870
f 2810/1620/2860 2803/1661/2901 2801/1616/2856 2809/1621/2861
f 2791/1717/2958 2815/1714/2955 2813/1729/2970
f 2785/1732/2974 2738/1665/2905 2742/1664/2904
f 2744/1648/2889 2754/1647/2888 2751/1674/2914
f 2821/1731/2973 5789/1719/2960 2817/1654/2895 2819/1707/2971
f 2819/1707/2947 2820/1653/2894 2818/1625/2865
f 2841/1699/2939 2846/1713/2954 5793/1726/2967 2825/1359/2598
f 2830/1721/2962 2829/1340/2579 2827/1339/2578
f 2715/1644/2885 2792/1646/2887 2714/1643/2884
f 2830/1721/2962 2827/1339/2578 2823/1724/2965
f 5803/1733/2975 2819/1707/2947 5800/1706/2946
f 2823/1724/2965 2824/1728/2969 5791/1727/2968 5795/1734/2976
f 2821/1731/2973 5803/1730/2977 2826/1723/2964
f 2834/1355/2594 2824/1728/2969 2831/1306/2545
f 2827/1339/2578 2831/1306/2545 2824/1728/2969 2823/1724/2965
f 2849/1377/2616 2829/1340/2579 2828/1722/2963 5804/1735/2978
f 2444/1287/2526 2443/1347/2586 2441/1308/2547
f 2838/1356/2595 2836/1351/2590 2833/1350/2589
f 2840/1348/2587 2843/1736/2979 2839/1349/2588
f 2535/1459/2698 2446/1363/2602 2447/1354/2593 2534/1358/2597
f 2884/1701/2941 2882/1335/2574 2840/1348/2587 2836/1351/2590
f 2896/1737/2980 2892/1738/2981 2885/1739/2982
f 2839/1349/2588 2843/1736/2979 2767/1445/2684
f 2888/1740/2983 2894/1741/2984 2887/1515/2755
f 2880/1361/2600 2881/1742/2985 2837/1743/2986 2835/1346/2585
f 2896/1737/2980 2885/1739/2982 2886/1514/2754
f 2802/1660/2900 2844/1659/2899 2772/1627/2867 2697/1617/2857
f 2814/1575/2815 2813/1729/2970 2806/1720/2961 2811/1576/2816
f 2821/1731/2973 2826/1723/2964 2823/1724/2965 5795/1734/2976
f 2796/1615/2855 2812/1725/2966 2801/1616/2856
f 2834/1355/2594 2825/1359/2598 2824/1728/2969
f 2803/1661/2901 2810/1620/2860 2817/1654/2895 2822/1658/2898
f 2832/1305/2544 2834/1355/2594 2831/1306/2545
f 5805/1710/2951 2850/1259/2498 2849/1377/2616 5804/1735/2978
f 2835/1346/2585 2838/1356/2595 2832/1305/2544
f 2841/1699/2939 2825/1359/2598 2833/1350/2589 2839/1349/2588
f 2423/1300/2539 2422/1170/2409 2396/1289/2528 2397/1288/2527
f 2421/1279/2518 2420/1286/2525 2398/1272/2511 2396/1289/2528
f 2384/1258/2497 2389/1135/2374 2388/1242/2481
f 2812/1725/2966 2795/1577/2817 2811/1576/2816
f 2828/1722/2963 2830/1721/2962 2826/1723/2964
f 2812/1725/2966 2796/1615/2855 2795/1577/2817
f 2820/1653/2894 2819/1707/2971 2817/1654/2895
f 2857/1744/2987 2416/1252/2491 2856/1251/2490
f 2538/1468/2707 2449/1367/2606 2446/1363/2602 2535/1459/2698
f 2448/1332/2571 2446/1363/2602 2439/1283/2522
f 2851/1745/2988 2854/1362/2601 2853/1746/2989
f 2438/1270/2509 2433/1271/2510 2437/1309/2548
f 2453/1307/2546 2452/1311/2550 2440/1331/2570 2441/1308/2547
f 2432/1235/2474 2438/1270/2509 2430/1236/2475
f 2864/1498/2738 2859/1497/2737 2861/1563/2803 2867/1747/2990
f 2899/1555/2796 2664/1338/2577 2509/1337/2576 2508/1380/2619
f 2511/1432/2671 2510/1438/2677 2502/1413/2652 2509/1337/2576
f 2479/1390/2629 2494/1748/2991 2493/1391/2630
f 2501/1411/2650 2495/1375/2614 2493/1391/2630
f 2550/1365/2604 2536/1364/2603 2537/1458/2697 2551/1465/2704
f 2593/1404/2643 2594/1366/2605 2592/1284/2523
f 2515/1440/2679 2516/1439/2678 2504/1431/2670 2503/1412/2651
f 2531/1322/2561 2530/1312/2551 2524/1388/2627
f 2860/1210/2449 2861/1563/2803 2859/1497/2737 2858/1278/2517
f 2417/1243/2482 2425/1228/2467 2853/1746/2989 2854/1362/2601
f 2871/1352/2591 2451/1281/2520 2865/1469/2708 2863/1504/2744
f 2899/1555/2796 2898/1554/2795 2866/1755/2998 2867/1747/2990
f 2879/1353/2592 2871/1352/2591 2872/1756/2999 2880/1361/2600
f 2862/1505/2745 2863/1504/2744 2865/1469/2708 2864/1498/2738
f 2871/1352/2591 2863/1504/2744 2870/1370/2609 2872/1756/2999
f 2900/1757/3000 2905/1758/3001 2869/1759/3002
f 2842/1705/2945 2883/1334/2573 2889/1760/3003 2876/1704/2944
f 2904/1761/3004 2917/1762/3005 2911/1678/2918 2764/1677/2917
f 2868/1503/2743 2877/1368/2607 2870/1370/2609
f 2908/1405/2644 2909/1680/2920 2906/1763/3006 2902/1406/2645
f 2905/1758/3001 2874/1691/2931 2869/1759/3002
f 2878/1764/3007 2872/1756/2999 2870/1370/2609 2875/1369/2608
f 2887/1515/2755 2886/1514/2754 2881/1742/2985 2878/1764/3007
f 2885/1739/2982 2892/1738/2981 2884/1701/2941
f 2843/1736/2979 2840/1348/2587 2842/1705/2945
f 2897/1765/3008 2889/1760/3003 2883/1334/2573
f 2827/1339/2578 2456/1261/2500 2453/1307/2546 2831/1306/2545
f 2881/1742/2985 2880/1361/2600 2872/1756/2999 2878/1764/3007
f 2867/1747/2990 2861/1563/2803 2664/1338/2577 2899/1555/2796
f 2893/1513/2753 2896/1737/2980 2886/1514/2754
f 2836/1351/2590 2838/1356/2595 2837/1743/2986
f 2885/1739/2982 2884/1701/2941 2836/1351/2590 2837/1743/2986
f 2892/1738/2981 2891/1702/2942 2884/1701/2941
f 2818/1625/2865 2847/1624/2864 2848/1698/2938 5800/1706/2946
f 2842/1705/2945 2840/1348/2587 2882/1335/2574 2883/1334/2573
f 2903/1766/3009 2905/1758/3001 2900/1757/3000
f 2925/1767/3010 2911/1678/2918 2917/1762/3005
f 2877/1368/2607 2876/1704/2944 2875/1369/2608
f 2837/1743/2986 2838/1356/2595 2835/1346/2585
f 2769/1689/2929 2843/1736/2979 2842/1705/2945
f 2442/1282/2521 2879/1353/2592 2443/1347/2586
f 2889/1760/3003 2895/1768/3011 2888/1740/2983
f 2897/1765/3008 2895/1768/3011 2889/1760/3003
f 2895/1768/3011 2894/1741/2984 2888/1740/2983
f 2778/1593/2833 2780/1592/2832 2776/1715/2956 2775/1667/2907
f 2889/1760/3003 2888/1740/2983 2875/1369/2608 2876/1704/2944
f 2886/1514/2754 2885/1739/2982 2837/1743/2986 2881/1742/2985
f 2891/1702/2942 2890/1333/2572 2882/1335/2574
f 2890/1333/2572 2897/1765/3008 2883/1334/2573
f 2901/1379/2618 2902/1406/2645 2900/1757/3000 2898/1554/2795
f 2874/1691/2931 2873/1690/2930 2868/1503/2743 2869/1759/3002
f 2888/1740/2983 2887/1515/2755 2878/1764/3007 2875/1369/2608
f 2867/1747/2990 2866/1755/2998 2862/1505/2745 2864/1498/2738
f 2900/1757/3000 2869/1759/3002 2866/1755/2998 2898/1554/2795
f 2630/1550/2791 2647/1372/2611 2633/1547/2788
f 2457/1304/2543 2458/1360/2599 2445/1345/2584 2454/1310/2549
f 2894/1741/2984 2893/1513/2753 2887/1515/2755
f 2459/1357/2596 2447/1354/2593 2445/1345/2584 2458/1360/2599
f 2455/1263/2502 2452/1311/2550 2453/1307/2546 2456/1261/2500
f 2505/1381/2620 2507/1414/2653 2506/1430/2669
f 2869/1759/3002 2868/1503/2743 2862/1505/2745 2866/1755/2998
f 2443/1347/2586 2444/1287/2526 2442/1282/2521
f 2731/1652/2893 2671/1409/2648 2667/1571/2811 2730/1573/2813
f 2903/1766/3009 2906/1763/3006 2915/1687/2927 2916/1773/3016
f 2877/1368/2607 2868/1503/2743 2873/1690/2930
f 2876/1704/2944 2877/1368/2607 2873/1690/2930
f 2765/1448/2687 2764/1677/2917 2761/1676/2916
f 2914/1685/2925 2915/1687/2927 2906/1763/3006 2909/1680/2920
f 2904/1761/3004 2903/1766/3009 2916/1773/3016 2917/1762/3005
f 2506/1430/2669 2907/1378/2617 2505/1381/2620
f 2905/1758/3001 2904/1761/3004 2874/1691/2931
f 2914/1685/2925 2909/1680/2920 2757/1681/2921 2913/1684/2924
f 2781/1669/2909 2782/1776/3019 2766/1447/2686 2760/1452/2691
f 2918/1777/3020 2910/1443/2682 2911/1678/2918
f 2922/1778/3021 2916/1773/3016 2915/1687/2927
f 2773/1693/2933 5775/1666/2906 2771/1612/2852 2770/1611/2851
f 2768/1444/2683 2766/1447/2686 2782/1776/3019 2783/1712/2953
f 2764/1677/2917 2763/1688/2928 2874/1691/2931 2904/1761/3004
f 2919/1441/2680 2920/1682/2922 2912/1442/2681
f 2756/1679/2919 2761/1676/2916 2910/1443/2682 2912/1442/2681
f 2921/1686/2926 2922/1778/3021 2915/1687/2927
f 2765/1448/2687 2763/1688/2928 2764/1677/2917
f 2924/1683/2923 2921/1686/2926 2914/1685/2925
f 2923/1783/3026 2917/1762/3005 2916/1773/3016
f 2918/1777/3020 2919/1441/2680 2910/1443/2682
f 2923/1783/3026 2925/1767/3010 2917/1762/3005
f 2922/1778/3021 2923/1783/3026 2916/1773/3016
f 2763/1688/2928 2765/1448/2687 2762/1446/2685
f 2843/1736/2979 2769/1689/2929 2767/1445/2684
f 2755/1429/2668 2758/1450/2689 2757/1681/2921
f 2925/1767/3010 2918/1777/3020 2911/1678/2918
f 2906/1763/3006 2903/1766/3009 2900/1757/3000 2902/1406/2645
f 2675/1435/2674 2679/1556/2797 2666/1558/2799
f 2905/1758/3001 2903/1766/3009 2904/1761/3004
f 2690/1583/2823 2692/1663/2903 2684/1594/2834 2683/1567/2807
f 2751/1674/2914 2516/1439/2678 2519/1329/2568 2748/1396/2635
f 2234/1049/2288 2235/1833/2293 2231/1834/3051
f 2243/1158/2397 2242/1055/2294 2239/1058/2297
f 2233/1835/3052 2232/1071/2310 2231/1834/3051
f 2236/1836/3053 2232/1071/2310 2239/1058/2297 2241/1057/2296
f 2237/1068/2307 2236/1836/3053 2284/1154/2393 2285/1069/2308
f 2237/1068/2307 2238/1050/2289 2234/1049/2288 2231/1834/3051
f 2236/1836/3053 2237/1068/2307 2231/1834/3051 2232/1071/2310
f 2235/1833/2293 2233/1835/3052 2231/1834/3051
f 2290/1064/2303 2284/1154/2393 2236/1836/3053 2241/1057/2296
f 2233/1835/3052 2240/1070/2309 2232/1071/2310
usemtl EyeL_EyeballL_EyeballL
f 2931/1424/2663 2930/1425/2664 2926/1426/2665 2927/1427/2666
f 2953/1749/2992 2938/1750/2993 2930/1425/2664 2931/1424/2663
f 2941/1751/2994 2942/1752/2995 2929/1753/2996 2928/1754/2997
f 2933/1769/3012 2937/1770/3013 2945/1771/3014 2943/1772/3015
f 2938/1750/2993 2936/1774/3017 2932/1775/3018 2930/1425/2664
f 2935/1779/3022 2934/1780/3023 2927/1427/2666 2929/1753/2996
f 2928/1754/2997 2926/1426/2665 2932/1775/3018 2933/1769/3012
f 2943/1772/3015 2941/1751/2994 2928/1754/2997 2933/1769/3012
f 2937/1770/3013 2936/1774/3017 2939/1781/3024 2940/1782/3025
f 2927/1427/2666 2926/1426/2665 2928/1754/2997 2929/1753/2996
f 2934/1780/3023 2931/1424/2663 2927/1427/2666
f 2955/1784/3027 2953/1749/2992 2954/1785/3028
f 2959/1786/3029 2946/1787/3030 2940/1782/3025 2957/1788/3031
f 2931/1424/2663 2934/1780/3023 2954/1785/3028 2953/1749/2992
f 2956/1789/3032 2954/1785/3028 2934/1780/3023 2935/1779/3022
f 2941/1751/2994 2943/1772/3015 2949/1790/3033 2947/1791/3034
f 2933/1769/3012 2932/1775/3018 2936/1774/3017 2937/1770/3013
f 2946/1787/3030 2945/1771/3014 2937/1770/3013 2940/1782/3025
f 2955/1784/3027 2954/1785/3028 2956/1789/3032 2957/1788/3031
f 2958/1792/3035 2959/1786/3029 2957/1788/3031 2956/1789/3032
f 2952/1793/3036 2951/1794/3037 2945/1771/3014 2946/1787/3030
f 2957/1788/3031 2940/1782/3025 2939/1781/3024 2955/1784/3027
f 2930/1425/2664 2932/1775/3018 2926/1426/2665
f 2958/1792/3035 2956/1789/3032 2935/1779/3022 2944/1795/3038
f 2942/1752/2995 2941/1751/2994 2947/1791/3034 2948/1796/3039
f 2960/1797/3040 2961/1798/3041 2959/1786/3029 2958/1792/3035
f 2950/1799/3042 2944/1795/3038 2942/1752/2995 2948/1796/3039
f 2959/1786/3029 2961/1798/3041 2952/1793/3036 2946/1787/3030
f 2944/1795/3038 2950/1799/3042 2960/1797/3040 2958/1792/3035
f 2944/1795/3038 2935/1779/3022 2929/1753/2996 2942/1752/2995
f 2943/1772/3015 2945/1771/3014 2951/1794/3037 2949/1790/3033
f 2938/1750/2993 2939/1781/3024 2936/1774/3017
f 2953/1749/2992 2955/1784/3027 2939/1781/3024 2938/1750/2993
usemtl EyeR_EyeballR_EyeballR
f 2968/1800/2664 2966/1801/2665 2972/1802/3043 2976/1803/2663
f 2965/1804/3013 2963/1805/3017 2970/1806/3024 2971/1807/3025
f 2967/1808/3044 2966/1801/2665 2962/1809/3045 2964/1810/3012
f 2978/1811/3046 2977/1812/3015 2964/1810/3012 2965/1804/3013
f 2963/1805/3017 2962/1809/3045 2968/1800/2664 2969/1813/2993
f 2973/1814/2996 2972/1802/3043 2966/1801/2665 2967/1808/3044
f 2969/1813/2993 2970/1806/3024 2963/1805/3017
f 2972/1802/3043 2973/1814/2996 2975/1815/3022 2974/1816/3023
f 2964/1810/3012 2962/1809/3045 2963/1805/3017 2965/1804/3013
f 2970/1806/3024 2969/1813/2993 2989/1817/2992 2990/1818/3047
f 2982/1819/3038 2975/1815/3022 2973/1814/2996 2981/1820/2995
f 2979/1821/2994 2981/1820/2995 2973/1814/2996 2967/1808/3044
f 2967/1808/3044 2964/1810/3012 2977/1812/3015 2979/1821/2994
f 2994/1822/3029 2980/1823/3030 2971/1807/3025 2992/1824/3031
f 2979/1821/2994 2977/1812/3015 2983/1825/3033 2985/1826/3034
f 2976/1803/2663 2989/1817/2992 2969/1813/2993 2968/1800/2664
f 2996/1827/3048 2994/1822/3029 2995/1828/3035 2997/1829/3049
f 2984/1794/3037 2983/1825/3033 2977/1812/3015 2978/1811/3046
f 2991/1830/3028 2989/1817/2992 2976/1803/2663 2974/1816/3023
f 2985/1826/3034 2987/1796/3050 2981/1820/2995 2979/1821/2994
f 2988/1831/3042 2982/1819/3038 2981/1820/2995 2987/1796/3050
f 2974/1816/3023 2976/1803/2663 2972/1802/3043
f 2982/1819/3038 2988/1831/3042 2997/1829/3049 2995/1828/3035
f 2975/1815/3022 2982/1819/3038 2995/1828/3035 2993/1832/3032
f 2986/1793/3036 2984/1794/3037 2978/1811/3046 2980/1823/3030
f 2990/1818/3047 2992/1824/3031 2971/1807/3025 2970/1806/3024
f 2966/1801/2665 2968/1800/2664 2962/1809/3045
f 2965/1804/3013 2971/1807/3025 2980/1823/3030 2978/1811/3046
f 2989/1817/2992 2991/1830/3028 2990/1818/3047
f 2994/1822/3029 2996/1827/3048 2986/1793/3036 2980/1823/3030
f 2993/1832/3032 2992/1824/3031 2990/1818/3047 2991/1830/3028
f 2993/1832/3032 2991/1830/3028 2974/1816/3023 2975/1815/3022
f 2994/1822/3029 2992/1824/3031 2993/1832/3032 2995/1828/3035
usemtl Head_Hair_Hair07
f 5383/2884/5376 5495/2885/5377 5496/2886/5378 5480/2887/5379
f 5495/2885/5377 5350/1314/5380 5391/2888/5381 5496/2886/5378
f 5496/2886/5378 5391/2888/5381 5324/2888/5382 5409/2885/5383
f 5480/2887/5379 5496/2886/5378 5409/2885/5383 5342/2889/5384
f 5374/2890/5385 5471/2891/5386 5497/2892/5387 5456/2893/5385
f 5471/2891/5386 5350/1314/5388 5391/2888/5389 5497/2892/5387
f 5497/2892/5387 5391/2888/5389 5324/2888/5390 5388/2894/5391
f 5456/2893/5385 5497/2892/5387 5388/2894/5391 5341/2895/5392
f 5365/2896/5393 5447/2897/5394 5498/2898/5395 5432/2899/5396
f 5447/2897/5394 5356/1169/5397 5393/2900/5398 5498/2898/5395
f 5498/2898/5395 5393/2900/5398 5325/2900/5399 5403/2898/5400
f 5432/2899/5396 5498/2898/5395 5403/2898/5400 5336/2901/5401
f 5351/1168/5402 5438/2902/5403 5499/2902/5403 5418/1168/5402
f 5438/2902/5403 5359/2903/5404 5424/2904/5404 5499/2902/5403
f 5499/2902/5403 5424/2904/5404 5338/2905/5405 5387/2906/5406
f 5418/1168/5402 5499/2902/5403 5387/2906/5406 5323/1168/5402
f 5359/2903/5404 5441/2907/5407 5500/2908/5407 5424/2904/5404
f 5441/2907/5407 5362/2909/5408 5428/2910/5409 5500/2908/5407
f 5500/2908/5407 5428/2910/5409 5337/2911/5410 5405/2912/5411
f 5424/2904/5404 5500/2908/5407 5405/2912/5411 5338/2905/5405
f 5362/2909/5408 5444/2913/5412 5501/2914/5402 5428/2910/5409
f 5444/2913/5412 5365/2896/5393 5432/2899/5396 5501/2914/5402
f 5501/2914/5402 5432/2899/5396 5336/2901/5401 5404/2915/5413
f 5428/2910/5409 5501/2914/5402 5404/2915/5413 5337/2911/5410
f 5319/2916/5414 5384/2906/5415 5502/2917/5403 5392/2918/5402
f 5384/2906/5415 5329/2905/5416 5425/2919/5404 5502/2917/5403
f 5502/2917/5403 5425/2919/5404 5357/2903/5404 5436/2902/5403
f 5392/2918/5402 5502/2917/5403 5436/2902/5403 5353/1168/5402
f 5353/1168/5402 5436/2902/5403 5503/2902/5403 5420/2918/5402
f 5436/2902/5403 5357/2903/5404 5426/2919/5404 5503/2902/5403
f 5503/2902/5403 5426/2919/5404 5358/2903/5404 5437/2902/5403
f 5420/2918/5402 5503/2902/5403 5437/2902/5403 5352/2920/5402
f 5352/2920/5402 5437/2902/5403 5504/2902/5417 5419/2918/5402
f 5437/2902/5403 5358/2903/5404 5427/2919/5404 5504/2902/5417
f 5504/2902/5417 5427/2919/5404 5359/2903/5404 5438/2902/5403
f 5419/2918/5402 5504/2902/5417 5438/2902/5403 5351/1168/5402
f 5329/2905/5416 5396/2912/5418 5505/2921/5407 5425/2919/5404
f 5396/2912/5418 5328/2911/5419 5429/2922/5408 5505/2921/5407
f 5505/2921/5407 5429/2922/5408 5360/2911/5409 5439/2923/5407
f 5425/2919/5404 5505/2921/5407 5439/2923/5407 5357/2903/5404
f 5357/2903/5404 5439/2923/5407 5506/2907/5407 5426/2919/5404
f 5439/2923/5407 5360/2911/5409 5430/2924/5409 5506/2907/5407
f 5506/2907/5407 5430/2924/5409 5361/2925/5409 5440/2923/5420
f 5426/2919/5404 5506/2907/5407 5440/2923/5420 5358/2903/5404
f 5358/2903/5404 5440/2923/5420 5507/2921/5420 5427/2919/5404
f 5440/2923/5420 5361/2925/5409 5431/2910/5409 5507/2921/5420
f 5507/2921/5420 5431/2910/5409 5362/2909/5408 5441/2907/5407
f 5427/2919/5404 5507/2921/5420 5441/2907/5407 5359/2903/5404
f 5328/2911/5419 5395/2915/5421 5508/2913/5422 5429/2922/5408
f 5395/2915/5421 5327/2901/5423 5433/2926/5424 5508/2913/5422
f 5508/2913/5422 5433/2926/5424 5363/2901/5393 5442/2915/5412
f 5429/2922/5408 5508/2913/5422 5442/2915/5412 5360/2911/5409
f 5360/2911/5409 5442/2915/5412 5509/2927/5412 5430/2924/5409
f 5442/2915/5412 5363/2901/5393 5434/2928/5393 5509/2927/5412
f 5509/2927/5412 5434/2928/5393 5364/2896/5393 5443/2929/5414
f 5430/2924/5409 5509/2927/5412 5443/2929/5414 5361/2925/5409
f 5361/2925/5409 5443/2929/5414 5510/2913/5402 5431/2910/5409
f 5443/2929/5414 5364/2896/5393 5435/2930/5396 5510/2913/5402
f 5510/2913/5402 5435/2930/5396 5365/2896/5393 5444/2913/5412
f 5431/2910/5409 5510/2913/5402 5444/2913/5412 5362/2909/5408
f 5327/2901/5423 5394/2898/5425 5511/2931/5426 5433/2926/5424
f 5394/2898/5425 5321/2900/5427 5421/2900/5428 5511/2931/5426
f 5511/2931/5426 5421/2900/5428 5354/1169/5429 5445/2931/5430
f 5433/2926/5424 5511/2931/5426 5445/2931/5430 5363/2901/5393
f 5363/2901/5393 5445/2931/5430 5512/2932/5430 5434/2928/5393
f 5445/2931/5430 5354/1169/5429 5422/2900/5431 5512/2932/5430
f 5512/2932/5430 5422/2900/5431 5355/1169/5397 5446/2931/5394
f 5434/2928/5393 5512/2932/5430 5446/2931/5394 5364/2896/5393
f 5364/2896/5393 5446/2931/5394 5513/2933/5394 5435/2930/5396
f 5446/2931/5394 5355/1169/5397 5423/2900/5431 5513/2933/5394
f 5513/2933/5394 5423/2900/5431 5356/1169/5397 5447/2897/5394
f 5435/2930/5396 5513/2933/5394 5447/2897/5394 5365/2896/5393
f 5351/1168/5432 5462/2934/5433 5514/2935/5434 5418/1168/5435
f 5462/2934/5433 5368/2936/5436 5448/2937/5437 5514/2935/5434
f 5514/2935/5434 5448/2937/5437 5339/2938/5438 5406/2939/5439
f 5418/1168/5435 5514/2935/5434 5406/2939/5439 5323/1168/5440
f 5368/2936/5436 5465/2940/5441 5515/2940/5442 5448/2937/5437
f 5465/2940/5441 5371/2941/5443 5452/2942/5444 5515/2940/5442
f 5515/2940/5442 5452/2942/5444 5340/2942/5445 5407/2943/5446
f 5448/2937/5437 5515/2940/5442 5407/2943/5446 5339/2938/5438
f 5371/2941/5443 5468/2944/5447 5516/2945/5448 5452/2942/5444
f 5468/2944/5447 5374/2890/5385 5456/2893/5385 5516/2945/5448
f 5516/2945/5448 5456/2893/5385 5341/2895/5392 5408/2946/5449
f 5452/2942/5444 5516/2945/5448 5408/2946/5449 5340/2942/5445
f 5319/2916/5450 5397/2939/5451 5517/2947/5433 5392/2918/5452
f 5397/2939/5451 5330/2938/5453 5449/2948/5436 5517/2947/5433
f 5517/2947/5433 5449/2948/5436 5366/2949/5437 5460/2950/5433
f 5392/2918/5452 5517/2947/5433 5460/2950/5433 5353/1168/5452
f 5353/1168/5452 5460/2950/5433 5518/2947/5433 5420/2918/5450
f 5460/2950/5433 5366/2949/5437 5450/2948/5437 5518/2947/5433
f 5518/2947/5433 5450/2948/5437 5367/2949/5436 5461/2950/5454
f 5420/2918/5450 5518/2947/5433 5461/2950/5454 5352/2920/5432
f 5352/2920/5432 5461/2950/5454 5519/2935/5455 5419/2918/5452
f 5461/2950/5454 5367/2949/5436 5451/2951/5436 5519/2935/5455
f 5519/2935/5455 5451/2951/5436 5368/2936/5436 5462/2934/5433
f 5419/2918/5452 5519/2935/5455 5462/2934/5433 5351/1168/5432
f 5330/2938/5453 5398/2952/5456 5520/2953/5442 5449/2948/5436
f 5398/2952/5456 5331/2954/5457 5453/2955/5444 5520/2953/5442
f 5520/2953/5442 5453/2955/5444 5369/2954/5458 5463/2952/5442
f 5449/2948/5436 5520/2953/5442 5463/2952/5442 5366/2949/5437
f 5366/2949/5437 5463/2952/5442 5521/2956/5459 5450/2948/5437
f 5463/2952/5442 5369/2954/5458 5454/2942/5458 5521/2956/5459
f 5521/2956/5459 5454/2942/5458 5370/2957/5444 5464/2958/5442
f 5450/2948/5437 5521/2956/5459 5464/2958/5442 5367/2949/5436
f 5367/2949/5436 5464/2958/5442 5522/2958/5459 5451/2951/5436
f 5464/2958/5442 5370/2957/5444 5455/2959/5458 5522/2958/5459
f 5522/2958/5459 5455/2959/5458 5371/2941/5443 5465/2940/5441
f 5451/2951/5436 5522/2958/5459 5465/2940/5441 5368/2936/5436
f 5331/2954/5457 5399/2946/5436 5523/2960/5448 5453/2955/5444
f 5399/2946/5436 5332/2895/5460 5457/2961/5385 5523/2960/5448
f 5523/2960/5448 5457/2961/5385 5372/2895/5385 5466/2946/5448
f 5453/2955/5444 5523/2960/5448 5466/2946/5448 5369/2954/5458
f 5369/2954/5458 5466/2946/5448 5524/2945/5448 5454/2942/5458
f 5466/2946/5448 5372/2895/5385 5458/2962/5385 5524/2945/5448
f 5524/2945/5448 5458/2962/5385 5373/2962/5461 5467/2946/5462
f 5454/2942/5458 5524/2945/5448 5467/2946/5462 5370/2957/5444
f 5370/2957/5444 5467/2946/5462 5525/2963/5448 5455/2959/5458
f 5467/2946/5462 5373/2962/5461 5459/2964/5461 5525/2963/5448
f 5525/2963/5448 5459/2964/5461 5374/2890/5385 5468/2944/5447
f 5455/2959/5458 5525/2963/5448 5468/2944/5447 5371/2941/5443
f 5332/2895/5460 5385/2894/5387 5526/2891/5387 5457/2961/5385
f 5385/2894/5387 5320/2888/5463 5415/2888/5388 5526/2891/5387
f 5526/2891/5387 5415/2888/5388 5348/1314/5463 5469/2965/5387
f 5457/2961/5385 5526/2891/5387 5469/2965/5387 5372/2895/5385
f 5372/2895/5385 5469/2965/5387 5527/2891/5386 5458/2962/5385
f 5469/2965/5387 5348/1314/5463 5416/2888/5464 5527/2891/5386
f 5527/2891/5386 5416/2888/5464 5349/1314/5388 5470/2891/5386
f 5458/2962/5385 5527/2891/5386 5470/2891/5386 5373/2962/5461
f 5373/2962/5461 5470/2891/5386 5528/2966/5387 5459/2964/5461
f 5470/2891/5386 5349/1314/5388 5417/2888/5463 5528/2966/5387
f 5528/2966/5387 5417/2888/5463 5350/1314/5388 5471/2891/5386
f 5459/2964/5461 5528/2966/5387 5471/2891/5386 5374/2890/5385
f 5345/1317/5465 5486/2967/5466 5529/2968/5467 5412/2969/5468
f 5486/2967/5466 5377/2970/5469 5472/2971/5470 5529/2968/5467
f 5529/2968/5467 5472/2971/5470 5344/2972/5471 5389/2973/5472
f 5412/2969/5468 5529/2968/5467 5389/2973/5472 5326/2974/5473
f 5377/2970/5469 5489/2975/5474 5530/2976/5475 5472/2971/5470
f 5489/2975/5474 5380/2977/5476 5476/2978/5477 5530/2976/5475
f 5530/2976/5475 5476/2978/5477 5343/2979/5478 5411/2980/5479
f 5472/2971/5470 5530/2976/5475 5411/2980/5479 5344/2972/5471
f 5380/2977/5476 5492/2981/5480 5531/2982/5481 5476/2978/5477
f 5492/2981/5480 5383/2884/5376 5480/2887/5379 5531/2982/5481
f 5531/2982/5481 5480/2887/5379 5342/2889/5384 5410/2983/5482
f 5476/2978/5477 5531/2982/5481 5410/2983/5482 5343/2979/5478
f 5322/2974/5483 5386/2973/5484 5532/2968/5485 5390/2969/5486
f 5386/2973/5484 5335/2972/5487 5473/2984/5488 5532/2968/5485
f 5532/2968/5485 5473/2984/5488 5375/2972/5489 5484/2973/5490
f 5390/2969/5486 5532/2968/5485 5484/2973/5490 5347/2974/5491
f 5347/2974/5491 5484/2973/5490 5533/2985/5492 5414/2969/5493
f 5484/2973/5490 5375/2972/5489 5474/2986/5494 5533/2985/5492
f 5533/2985/5492 5474/2986/5494 5376/2986/5495 5485/2987/5496
f 5414/2969/5493 5533/2985/5492 5485/2987/5496 5346/2969/5497
f 5346/2969/5497 5485/2987/5496 5534/2988/5492 5413/2969/5497
f 5485/2987/5496 5376/2986/5495 5475/2989/5498 5534/2988/5492
f 5534/2988/5492 5475/2989/5498 5377/2970/5469 5486/2967/5466
f 5413/2969/5497 5534/2988/5492 5486/2967/5466 5345/1317/5465
f 5335/2972/5487 5402/2980/5499 5535/2990/5500 5473/2984/5488
f 5402/2980/5499 5334/2979/5501 5477/2991/5477 5535/2990/5500
f 5535/2990/5500 5477/2991/5477 5378/2977/5477 5487/2990/5474
f 5473/2984/5488 5535/2990/5500 5487/2990/5474 5375/2972/5489
f 5375/2972/5489 5487/2990/5474 5536/2990/5502 5474/2986/5494
f 5487/2990/5474 5378/2977/5477 5478/2992/5477 5536/2990/5502
f 5536/2990/5502 5478/2992/5477 5379/2993/5503 5488/2994/5500
f 5474/2986/5494 5536/2990/5502 5488/2994/5500 5376/2986/5495
f 5376/2986/5495 5488/2994/5500 5537/2990/5474 5475/2989/5498
f 5488/2994/5500 5379/2993/5503 5479/2992/5504 5537/2990/5474
f 5537/2990/5474 5479/2992/5504 5380/2977/5476 5489/2975/5474
f 5475/2989/5498 5537/2990/5474 5489/2975/5474 5377/2970/5469
f 5334/2979/5501 5401/2983/5505 5538/2981/5481 5477/2991/5477
f 5401/2983/5505 5333/2889/5506 5481/2995/5507 5538/2981/5481
f 5538/2981/5481 5481/2995/5507 5381/2996/5376 5490/2981/5480
f 5477/2991/5477 5538/2981/5481 5490/2981/5480 5378/2977/5477
f 5378/2977/5477 5490/2981/5480 5539/2983/5508 5478/2992/5477
f 5490/2981/5480 5381/2996/5376 5482/2997/5379 5539/2983/5508
f 5539/2983/5508 5482/2997/5379 5382/2889/5507 5491/2998/5509
f 5478/2992/5477 5539/2983/5508 5491/2998/5509 5379/2993/5503
f 5379/2993/5503 5491/2998/5509 5540/2983/5510 5479/2992/5504
f 5491/2998/5509 5382/2889/5507 5483/2997/5511 5540/2983/5510
f 5540/2983/5510 5483/2997/5511 5383/2884/5376 5492/2981/5480
f 5479/2992/5504 5540/2983/5510 5492/2981/5480 5380/2977/5476
f 5333/2889/5506 5400/2885/5512 5541/2885/5513 5481/2995/5507
f 5400/2885/5512 5320/2888/5514 5415/2888/5515 5541/2885/5513
f 5541/2885/5513 5415/2888/5515 5348/1314/5516 5493/2885/5513
f 5481/2995/5507 5541/2885/5513 5493/2885/5513 5381/2996/5376
f 5381/2996/5376 5493/2885/5513 5542/2885/5377 5482/2997/5379
f 5493/2885/5513 5348/1314/5516 5416/2888/5517 5542/2885/5377
f 5542/2885/5377 5416/2888/5517 5349/1314/5518 5494/2885/5519
f 5482/2997/5379 5542/2885/5377 5494/2885/5519 5382/2889/5507
f 5382/2889/5507 5494/2885/5519 5543/2885/5520 5483/2997/5511
f 5494/2885/5519 5349/1314/5518 5417/2888/5381 5543/2885/5520
f 5543/2885/5520 5417/2888/5381 5350/1314/5380 5495/2885/5377
f 5483/2997/5511 5543/2885/5520 5495/2885/5377 5383/2884/5376
f 5608/2884/5521 5705/2887/5522 5721/2886/5523 5720/2885/5524
f 5720/2885/5524 5721/2886/5523 5616/2888/5525 5575/1314/5526
f 5721/2886/5523 5634/2885/5527 5549/2888/5528 5616/2888/5525
f 5705/2887/5522 5567/2889/5529 5634/2885/5527 5721/2886/5523
f 5599/2890/5530 5681/2893/5530 5722/2892/5531 5696/2891/5532
f 5696/2891/5532 5722/2892/5531 5616/2888/5533 5575/1314/5534
f 5722/2892/5531 5613/2894/5535 5549/2888/5536 5616/2888/5533
f 5681/2893/5530 5566/2895/5537 5613/2894/5535 5722/2892/5531
f 5590/2896/5538 5657/2899/5539 5723/2898/5540 5672/2897/5541
f 5672/2897/5541 5723/2898/5540 5618/2900/5542 5581/1169/5543
f 5723/2898/5540 5628/2898/5544 5550/2900/5545 5618/2900/5542
f 5657/2899/5539 5561/2901/5546 5628/2898/5544 5723/2898/5540
f 5576/1168/5547 5643/1168/5547 5724/2902/5548 5663/2902/5549
f 5663/2902/5549 5724/2902/5548 5649/2904/5550 5584/2903/5550
f 5724/2902/5548 5612/2906/5551 5563/2905/5552 5649/2904/5550
f 5643/1168/5547 5548/1168/5547 5612/2906/5551 5724/2902/5548
f 5584/2903/5550 5649/2904/5550 5725/2908/5553 5666/2907/5553
f 5666/2907/5553 5725/2908/5553 5653/2910/5554 5587/2909/5555
f 5725/2908/5553 5630/2912/5556 5562/2911/5557 5653/2910/5554
f 5649/2904/5550 5563/2905/5552 5630/2912/5556 5725/2908/5553
f 5587/2909/5555 5653/2910/5554 5726/2914/5547 5669/2913/5558
f 5669/2913/5558 5726/2914/5547 5657/2899/5539 5590/2896/5538
f 5726/2914/5547 5629/2915/5559 5561/2901/5546 5657/2899/5539
f 5653/2910/5554 5562/2911/5557 5629/2915/5559 5726/2914/5547
f 5544/2916/5560 5617/2918/5547 5727/2917/5549 5609/2906/5561
f 5609/2906/5561 5727/2917/5549 5650/2919/5550 5554/2905/5562
f 5727/2917/5549 5661/2902/5549 5582/2903/5550 5650/2919/5550
f 5617/2918/5547 5578/1168/5547 5661/2902/5549 5727/2917/5549
f 5578/1168/5547 5645/2918/5547 5728/2902/5549 5661/2902/5549
f 5661/2902/5549 5728/2902/5549 5651/2919/5550 5582/2903/5550
f 5728/2902/5549 5662/2902/5549 5583/2903/5550 5651/2919/5550
f 5645/2918/5547 5577/2920/5560 5662/2902/5549 5728/2902/5549
f 5577/2920/5560 5644/2918/5547 5729/2902/5548 5662/2902/5549
f 5662/2902/5549 5729/2902/5548 5652/2919/5550 5583/2903/5550
f 5729/2902/5548 5663/2902/5549 5584/2903/5550 5652/2919/5550
f 5644/2918/5547 5576/1168/5547 5663/2902/5549 5729/2902/5548
f 5554/2905/5562 5650/2919/5550 5730/2921/5553 5621/2912/5563
f 5621/2912/5563 5730/2921/5553 5654/2922/5555 5553/2911/5564
f 5730/2921/5553 5664/2923/5553 5585/2911/5554 5654/2922/5555
f 5650/2919/5550 5582/2903/5550 5664/2923/5553 5730/2921/5553
f 5582/2903/5550 5651/2919/5550 5731/2907/5553 5664/2923/5553
f 5664/2923/5553 5731/2907/5553 5655/2924/5554 5585/2911/5554
f 5731/2907/5553 5665/2923/5565 5586/2925/5554 5655/2924/5554
f 5651/2919/5550 5583/2903/5550 5665/2923/5565 5731/2907/5553
f 5583/2903/5550 5652/2919/5550 5732/2921/5565 5665/2923/5565
f 5665/2923/5565 5732/2921/5565 5656/2910/5554 5586/2925/5554
f 5732/2921/5565 5666/2907/5553 5587/2909/5555 5656/2910/5554
f 5652/2919/5550 5584/2903/5550 5666/2907/5553 5732/2921/5565
f 5553/2911/5564 5654/2922/5555 5733/2913/5566 5620/2915/5567
f 5620/2915/5567 5733/2913/5566 5658/2926/5568 5552/2901/5569
f 5733/2913/5566 5667/2915/5558 5588/2901/5538 5658/2926/5568
f 5654/2922/5555 5585/2911/5554 5667/2915/5558 5733/2913/5566
f 5585/2911/5554 5655/2924/5554 5734/2927/5558 5667/2915/5558
f 5667/2915/5558 5734/2927/5558 5659/2928/5538 5588/2901/5538
f 5734/2927/5558 5668/2929/5560 5589/2896/5538 5659/2928/5538
f 5655/2924/5554 5586/2925/5554 5668/2929/5560 5734/2927/5558
f 5586/2925/5554 5656/2910/5554 5735/2913/5560 5668/2929/5560
f 5668/2929/5560 5735/2913/5560 5660/2930/5539 5589/2896/5538
f 5735/2913/5560 5669/2913/5558 5590/2896/5538 5660/2930/5539
f 5656/2910/5554 5587/2909/5555 5669/2913/5558 5735/2913/5560
f 5552/2901/5569 5658/2926/5568 5736/2931/5570 5619/2898/5571
f 5619/2898/5571 5736/2931/5570 5646/2900/5572 5546/2900/5573
f 5736/2931/5570 5670/2931/5574 5579/1169/5575 5646/2900/5572
f 5658/2926/5568 5588/2901/5538 5670/2931/5574 5736/2931/5570
f 5588/2901/5538 5659/2928/5538 5737/2932/5574 5670/2931/5574
f 5670/2931/5574 5737/2932/5574 5647/2900/5576 5579/1169/5575
f 5737/2932/5574 5671/2931/5541 5580/1169/5543 5647/2900/5576
f 5659/2928/5538 5589/2896/5538 5671/2931/5541 5737/2932/5574
f 5589/2896/5538 5660/2930/5539 5738/2933/5541 5671/2931/5541
f 5671/2931/5541 5738/2933/5541 5648/2900/5576 5580/1169/5543
f 5738/2933/5541 5672/2897/5541 5581/1169/5543 5648/2900/5576
f 5660/2930/5539 5590/2896/5538 5672/2897/5541 5738/2933/5541
f 5576/1168/5577 5643/1168/5578 5739/2935/5579 5687/2934/5579
f 5687/2934/5579 5739/2935/5579 5673/2937/5580 5593/2936/5581
f 5739/2935/5579 5631/2939/5582 5564/2938/5583 5673/2937/5580
f 5643/1168/5578 5548/1168/5578 5631/2939/5582 5739/2935/5579
f 5593/2936/5581 5673/2937/5580 5740/2940/5584 5690/2940/5585
f 5690/2940/5585 5740/2940/5584 5677/2942/5586 5596/2941/5587
f 5740/2940/5584 5632/2943/5588 5565/2942/5589 5677/2942/5586
f 5673/2937/5580 5564/2938/5583 5632/2943/5588 5740/2940/5584
f 5596/2941/5587 5677/2942/5586 5741/2945/5590 5693/2944/5591
f 5693/2944/5591 5741/2945/5590 5681/2893/5530 5599/2890/5530
f 5741/2945/5590 5633/2946/5592 5566/2895/5537 5681/2893/5530
f 5677/2942/5586 5565/2942/5589 5633/2946/5592 5741/2945/5590
f 5544/2916/5593 5617/2918/5594 5742/2947/5579 5622/2939/5595
f 5622/2939/5595 5742/2947/5579 5674/2948/5581 5555/2938/5596
f 5742/2947/5579 5685/2950/5579 5591/2949/5580 5674/2948/5581
f 5617/2918/5594 5578/1168/5594 5685/2950/5579 5742/2947/5579
f 5578/1168/5594 5645/2918/5593 5743/2947/5579 5685/2950/5579
f 5685/2950/5579 5743/2947/5579 5675/2948/5580 5591/2949/5580
f 5743/2947/5579 5686/2950/5597 5592/2949/5581 5675/2948/5580
f 5645/2918/5593 5577/2920/5594 5686/2950/5597 5743/2947/5579
f 5577/2920/5594 5644/2918/5594 5744/2935/5598 5686/2950/5597
f 5686/2950/5597 5744/2935/5598 5676/2951/5581 5592/2949/5581
f 5744/2935/5598 5687/2934/5579 5593/2936/5581 5676/2951/5581
f 5644/2918/5594 5576/1168/5577 5687/2934/5579 5744/2935/5598
f 5555/2938/5596 5674/2948/5581 5745/2953/5584 5623/2952/5599
f 5623/2952/5599 5745/2953/5584 5678/2955/5586 5556/2954/5600
f 5745/2953/5584 5688/2952/5584 5594/2954/5586 5678/2955/5586
f 5674/2948/5581 5591/2949/5580 5688/2952/5584 5745/2953/5584
f 5591/2949/5580 5675/2948/5580 5746/2956/5601 5688/2952/5584
f 5688/2952/5584 5746/2956/5601 5679/2942/5602 5594/2954/5586
f 5746/2956/5601 5689/2958/5584 5595/2957/5603 5679/2942/5602
f 5675/2948/5580 5592/2949/5581 5689/2958/5584 5746/2956/5601
f 5592/2949/5581 5676/2951/5581 5747/2958/5601 5689/2958/5584
f 5689/2958/5584 5747/2958/5601 5680/2959/5602 5595/2957/5603
f 5747/2958/5601 5690/2940/5585 5596/2941/5587 5680/2959/5602
f 5676/2951/5581 5593/2936/5581 5690/2940/5585 5747/2958/5601
f 5556/2954/5600 5678/2955/5586 5748/2960/5590 5624/2946/5581
f 5624/2946/5581 5748/2960/5590 5682/2961/5530 5557/2895/5604
f 5748/2960/5590 5691/2946/5590 5597/2895/5530 5682/2961/5530
f 5678/2955/5586 5594/2954/5586 5691/2946/5590 5748/2960/5590
f 5594/2954/5586 5679/2942/5602 5749/2945/5590 5691/2946/5590
f 5691/2946/5590 5749/2945/5590 5683/2962/5530 5597/2895/5530
f 5749/2945/5590 5692/2946/5605 5598/2962/5606 5683/2962/5530
f 5679/2942/5602 5595/2957/5603 5692/2946/5605 5749/2945/5590
f 5595/2957/5603 5680/2959/5602 5750/2963/5607 5692/2946/5605
f 5692/2946/5605 5750/2963/5607 5684/2964/5537 5598/2962/5606
f 5750/2963/5607 5693/2944/5591 5599/2890/5530 5684/2964/5537
f 5680/2959/5602 5596/2941/5587 5693/2944/5591 5750/2963/5607
f 5557/2895/5604 5682/2961/5530 5751/2891/5531 5610/2894/5531
f 5610/2894/5531 5751/2891/5531 5640/2888/5608 5545/2888/5608
f 5751/2891/5531 5694/2965/5531 5573/1314/5608 5640/2888/5608
f 5682/2961/5530 5597/2895/5530 5694/2965/5531 5751/2891/5531
f 5597/2895/5530 5683/2962/5530 5752/2891/5532 5694/2965/5531
f 5694/2965/5531 5752/2891/5532 5641/2888/5609 5573/1314/5608
f 5752/2891/5532 5695/2891/5532 5574/1314/5608 5641/2888/5609
f 5683/2962/5530 5598/2962/5606 5695/2891/5532 5752/2891/5532
f 5598/2962/5606 5684/2964/5537 5753/2966/5531 5695/2891/5532
f 5695/2891/5532 5753/2966/5531 5642/2888/5608 5574/1314/5608
f 5753/2966/5531 5696/2891/5532 5575/1314/5534 5642/2888/5608
f 5684/2964/5537 5599/2890/5530 5696/2891/5532 5753/2966/5531
f 5570/1317/5610 5637/2969/5611 5754/2968/5612 5711/2967/5613
f 5711/2967/5613 5754/2968/5612 5697/2971/5614 5602/2970/5615
f 5754/2968/5612 5614/2973/5616 5569/2972/5617 5697/2971/5614
f 5637/2969/5611 5551/2974/5618 5614/2973/5616 5754/2968/5612
f 5602/2970/5615 5697/2971/5614 5755/2976/5619 5714/2975/5620
f 5714/2975/5620 5755/2976/5619 5701/2978/5621 5605/2977/5621
f 5755/2976/5619 5636/2980/5622 5568/2979/5623 5701/2978/5621
f 5697/2971/5614 5569/2972/5617 5636/2980/5622 5755/2976/5619
f 5605/2977/5621 5701/2978/5621 5756/2982/5624 5717/2981/5625
f 5717/2981/5625 5756/2982/5624 5705/2887/5522 5608/2884/5521
f 5756/2982/5624 5635/2983/5626 5567/2889/5529 5705/2887/5522
f 5701/2978/5621 5568/2979/5623 5635/2983/5626 5756/2982/5624
f 5547/2974/5627 5615/2969/5628 5757/2968/5629 5611/2973/5630
f 5611/2973/5630 5757/2968/5629 5698/2984/5631 5560/2972/5632
f 5757/2968/5629 5709/2973/5633 5600/2972/5634 5698/2984/5631
f 5615/2969/5628 5572/2974/5635 5709/2973/5633 5757/2968/5629
f 5572/2974/5635 5639/2969/5636 5758/2985/5637 5709/2973/5633
f 5709/2973/5633 5758/2985/5637 5699/2986/5638 5600/2972/5634
f 5758/2985/5637 5710/2987/5639 5601/2986/5640 5699/2986/5638
f 5639/2969/5636 5571/2969/5636 5710/2987/5639 5758/2985/5637
f 5571/2969/5636 5638/2969/5641 5759/2988/5637 5710/2987/5639
f 5710/2987/5639 5759/2988/5637 5700/2989/5642 5601/2986/5640
f 5759/2988/5637 5711/2967/5613 5602/2970/5615 5700/2989/5642
f 5638/2969/5641 5570/1317/5610 5711/2967/5613 5759/2988/5637
f 5560/2972/5632 5698/2984/5631 5760/2990/5643 5627/2980/5644
f 5627/2980/5644 5760/2990/5643 5702/2991/5621 5559/2979/5645
f 5760/2990/5643 5712/2990/5620 5603/2977/5621 5702/2991/5621
f 5698/2984/5631 5600/2972/5634 5712/2990/5620 5760/2990/5643
f 5600/2972/5634 5699/2986/5638 5761/2990/5646 5712/2990/5620
f 5712/2990/5620 5761/2990/5646 5703/2992/5621 5603/2977/5621
f 5761/2990/5646 5713/2994/5643 5604/2993/5647 5703/2992/5621
f 5699/2986/5638 5601/2986/5640 5713/2994/5643 5761/2990/5646
f 5601/2986/5640 5700/2989/5642 5762/2990/5620 5713/2994/5643
f 5713/2994/5643 5762/2990/5620 5704/2992/5648 5604/2993/5647
f 5762/2990/5620 5714/2975/5620 5605/2977/5621 5704/2992/5648
f 5700/2989/5642 5602/2970/5615 5714/2975/5620 5762/2990/5620
f 5559/2979/5645 5702/2991/5621 5763/2981/5649 5626/2983/5650
f 5626/2983/5650 5763/2981/5649 5706/2995/5651 5558/2889/5652
f 5763/2981/5649 5715/2981/5625 5606/2996/5521 5706/2995/5651
f 5702/2991/5621 5603/2977/5621 5715/2981/5625 5763/2981/5649
f 5603/2977/5621 5703/2992/5621 5764/2983/5653 5715/2981/5625
f 5715/2981/5625 5764/2983/5653 5707/2997/5522 5606/2996/5521
f 5764/2983/5653 5716/2998/5654 5607/2889/5651 5707/2997/5522
f 5703/2992/5621 5604/2993/5647 5716/2998/5654 5764/2983/5653
f 5604/2993/5647 5704/2992/5648 5765/2983/5655 5716/2998/5654
f 5716/2998/5654 5765/2983/5655 5708/2997/5656 5607/2889/5651
f 5765/2983/5655 5717/2981/5625 5608/2884/5521 5708/2997/5656
f 5704/2992/5648 5605/2977/5621 5717/2981/5625 5765/2983/5655
f 5558/2889/5652 5706/2995/5651 5766/2885/5657 5625/2885/5658
f 5625/2885/5658 5766/2885/5657 5640/2888/5659 5545/2888/5660
f 5766/2885/5657 5718/2885/5657 5573/1314/5661 5640/2888/5659
f 5706/2995/5651 5606/2996/5521 5718/2885/5657 5766/2885/5657
f 5606/2996/5521 5707/2997/5522 5767/2885/5662 5718/2885/5657
f 5718/2885/5657 5767/2885/5662 5641/2888/5663 5573/1314/5661
f 5767/2885/5662 5719/2885/5657 5574/1314/5664 5641/2888/5663
f 5707/2997/5522 5607/2889/5651 5719/2885/5657 5767/2885/5662
f 5607/2889/5651 5708/2997/5656 5768/2885/5523 5719/2885/5657
f 5719/2885/5657 5768/2885/5523 5642/2888/5525 5574/1314/5664
f 5768/2885/5523 5720/2885/5524 5575/1314/5526 5642/2888/5525
f 5708/2997/5656 5608/2884/5521 5720/2885/5524 5768/2885/5523
usemtl hair.008
f 2999/1837/3054 3512/1838/3055 3265/1839/3056 3515/1840/3057
f 3512/1838/3055 3000/1841/3058 3513/1842/3059 3265/1839/3056
f 3090/1843/3060 3514/1844/3061 3265/1839/3056 3513/1842/3059
f 3514/1844/3061 3088/1845/3062 3515/1840/3057 3265/1839/3056
f 3109/1846/3063 3516/1847/3064 3266/1848/3065 3519/1849/3066
f 3516/1847/3064 3037/1850/3067 3517/1851/3068 3266/1848/3065
f 3096/1852/3069 3518/1853/3070 3266/1848/3065 3517/1851/3068
f 3518/1853/3070 3012/1854/3071 3519/1849/3066 3266/1848/3065
f 3007/1855/3072 3520/1856/3073 3267/1857/3074 3523/1858/3075
f 3520/1856/3073 3005/1859/3076 3521/1860/3077 3267/1857/3074
f 3140/1861/3078 3522/1862/3079 3267/1857/3074 3521/1860/3077
f 3522/1862/3079 3141/1863/3080 3523/1858/3075 3267/1857/3074
f 3010/1864/3081 3524/1865/3082 3268/1866/3083 3527/1867/3084
f 3524/1865/3082 3104/1868/3085 3525/1869/3086 3268/1866/3083
f 3105/1870/3087 3526/1871/3088 3268/1866/3083 3525/1869/3086
f 3526/1871/3088 3021/1872/3089 3527/1867/3084 3268/1866/3083
f 3245/1873/3090 3528/1874/3091 3269/1875/3092 3531/1876/3093
f 3528/1874/3091 3236/1877/3094 3529/1878/3095 3269/1875/3092
f 3064/1879/3096 3530/1880/3097 3269/1875/3092 3529/1878/3095
f 3530/1880/3097 3065/1881/3098 3531/1876/3093 3269/1875/3092
f 3103/1882/3099 3532/1883/3100 3270/1884/3101 3534/1885/3102
f 3532/1883/3100 3104/1868/3085 3524/1865/3082 3270/1884/3101
f 3010/1864/3081 3533/1886/3103 3270/1884/3101 3524/1865/3082
f 3533/1886/3103 3009/1887/3104 3534/1885/3102 3270/1884/3101
f 3236/1877/3094 3535/1888/3105 3271/1889/3106 3529/1878/3095
f 3535/1888/3105 3237/1890/3107 3536/1891/3108 3271/1889/3106
f 3063/1892/3109 3537/1893/3110 3271/1889/3106 3536/1891/3108
f 3537/1893/3110 3064/1879/3096 3529/1878/3095 3271/1889/3106
f 3044/1894/3111 3538/1895/3112 3272/1896/3113 3540/1897/3114
f 3538/1895/3112 3090/1843/3060 3513/1842/3059 3272/1896/3113
f 3000/1841/3058 3539/1898/3115 3272/1896/3113 3513/1842/3059
f 3539/1898/3115 3091/1899/3116 3540/1897/3114 3272/1896/3113
f 3090/1843/3060 3538/1895/3112 3273/1900/3117 3543/1901/3118
f 3538/1895/3112 3044/1894/3111 3541/1902/3119 3273/1900/3117
f 3045/1903/3120 3542/1904/3121 3273/1900/3117 3541/1902/3119
f 3542/1904/3121 3089/1905/3122 3543/1901/3118 3273/1900/3117
f 3038/1906/3123 3544/1907/3124 3274/1908/3125 3546/1909/3126
f 3544/1907/3124 3097/1910/3127 3545/1911/3128 3274/1908/3125
f 3096/1852/3069 3517/1851/3068 3274/1908/3125 3545/1911/3128
f 3517/1851/3068 3037/1850/3067 3546/1909/3126 3274/1908/3125
f 3018/1912/3129 3547/1913/3130 3275/1914/3131 3550/1915/3132
f 3547/1913/3130 3011/1916/3133 3548/1917/3134 3275/1914/3131
f 3097/1910/3127 3549/1918/3135 3275/1914/3131 3548/1917/3134
f 3549/1918/3135 3098/1919/3136 3550/1915/3132 3275/1914/3131
f 3021/1872/3089 3526/1871/3088 3276/1920/3137 3553/1921/3138
f 3526/1871/3088 3105/1870/3087 3551/1922/3139 3276/1920/3137
f 3106/1923/3140 3552/1924/3141 3276/1920/3137 3551/1922/3139
f 3552/1924/3141 3099/1925/3142 3553/1921/3138 3276/1920/3137
f 3065/1881/3098 3554/1926/3143 3277/1927/3144 3531/1876/3093
f 3554/1926/3143 3100/1928/3145 3555/1929/3146 3277/1927/3144
f 3246/1930/3147 3556/1931/3148 3277/1927/3144 3555/1929/3146
f 3556/1931/3148 3245/1873/3090 3531/1876/3093 3277/1927/3144
f 3019/1932/3149 3558/1933/3150 3278/1934/3151 3561/1935/3152
f 3558/1933/3150 3017/1936/3153 3559/1937/3154 3278/1934/3151
f 3042/1938/3155 3560/1939/3156 3278/1934/3151 3559/1937/3154
f 3560/1939/3156 3043/1940/3157 3561/1935/3152 3278/1934/3151
f 3017/1936/3153 3562/1941/3158 3279/1942/3159 3559/1937/3154
f 3562/1941/3158 3201/1943/3160 3563/1944/3161 3279/1942/3159
f 3041/1945/3162 3564/1946/3163 3279/1942/3159 3563/1944/3161
f 3564/1946/3163 3042/1938/3155 3559/1937/3154 3279/1942/3159
f 3041/1947/3162 3565/1948/3164 3280/1949/3165 3567/1950/3166
f 3565/1948/3164 3093/1951/3167 3566/1952/3168 3280/1949/3165
f 3082/1953/3169 3569/1954/3170 3281/1955/3171 3572/1956/3172
f 3569/1954/3170 3217/1957/3173 3570/1958/3174 3281/1955/3171
f 3218/1959/3175 3571/1960/3176 3281/1955/3171 3570/1958/3174
f 3571/1960/3176 3247/1961/3177 3572/1956/3172 3281/1955/3171
f 3124/1962/3178 3575/1963/3179 3282/1964/3180 3578/1965/3181
f 3575/1963/3179 3071/1966/3182 3576/1967/3183 3282/1964/3180
f 3086/1968/3184 3577/1969/3185 3282/1964/3180 3576/1967/3183
f 3577/1969/3185 3123/1970/3186 3578/1965/3181 3282/1964/3180
f 3004/1971/3187 3579/1972/3188 3283/1973/3189 3582/1974/3190
f 3579/1972/3188 3107/1975/3191 3580/1976/3192 3283/1973/3189
f 3108/1977/3193 3581/1978/3194 3283/1973/3189 3580/1976/3192
f 3581/1978/3194 3005/1859/3076 3582/1974/3190 3283/1973/3189
f 3085/1979/3195 3584/1980/3196 3284/1981/3197 3587/1982/3198
f 3584/1980/3196 3209/1983/3199 3585/1984/3200 3284/1981/3197
f 3202/1985/3201 3586/1986/3202 3284/1981/3197 3585/1984/3200
f 3586/1986/3202 3025/1987/3203 3587/1982/3198 3284/1981/3197
f 3084/1988/3204 3588/1989/3205 3285/1990/3206 3590/1991/3207
f 3588/1989/3205 3085/1979/3195 3587/1982/3198 3285/1990/3206
f 3025/1987/3203 3589/1992/3208 3285/1990/3206 3587/1982/3198
f 3589/1992/3208 3024/1993/3209 3590/1991/3207 3285/1990/3206
f 3083/1994/3210 3591/1995/3211 3286/1996/3212 3593/1997/3213
f 3591/1995/3211 3084/1988/3204 3590/1991/3207 3286/1996/3212
f 3024/1993/3209 3592/1998/3214 3286/1996/3212 3590/1991/3207
f 3592/1998/3214 3022/1999/3215 3593/1997/3213 3286/1996/3212
f 3247/1961/3177 3571/1960/3176 3287/2000/3216 3596/2001/3217
f 3571/1960/3176 3218/1959/3175 3594/2002/3218 3287/2000/3216
f 3219/2003/3219 3595/2004/3220 3287/2000/3216 3594/2002/3218
f 3595/2004/3220 3248/2005/3221 3596/2001/3217 3287/2000/3216
f 3022/1999/3215 3592/1998/3214 3288/2006/3222 3599/2007/3223
f 3592/1998/3214 3024/1993/3209 3597/2008/3224 3288/2006/3222
f 3026/2009/3225 3598/2010/3226 3288/2006/3222 3597/2008/3224
f 3598/2010/3226 3023/2011/3227 3599/2007/3223 3288/2006/3222
f 3027/2012/3228 3600/2013/3229 3289/2014/3230 3602/2015/3231
f 3600/2013/3229 3025/1987/3203 3586/1986/3202 3289/2014/3230
f 3202/1985/3201 3601/2016/3232 3289/2014/3230 3586/1986/3202
f 3601/2016/3232 3203/2017/3233 3602/2015/3231 3289/2014/3230
f 3025/1987/3203 3600/2013/3229 3290/2018/3234 3589/1992/3208
f 3600/2013/3229 3027/2012/3228 3603/2019/3235 3290/2018/3234
f 3026/2009/3225 3597/2008/3224 3290/2018/3234 3603/2019/3235
f 3597/2008/3224 3024/1993/3209 3589/1992/3208 3290/2018/3234
f 3249/2020/3236 3604/2021/3237 3291/2022/3238 3607/2023/3239
f 3604/2021/3237 3250/2024/3240 3605/2025/3241 3291/2022/3238
f 3222/2026/3242 3606/2027/3243 3291/2022/3238 3605/2025/3241
f 3606/2027/3243 3223/2028/3244 3607/2023/3239 3291/2022/3238
f 3049/2029/3245 3608/2030/3246 3292/2031/3247 3611/2032/3248
f 3608/2030/3246 3050/2033/3249 3609/2034/3250 3292/2031/3247
f 3165/2035/3251 3610/2036/3252 3292/2031/3247 3609/2034/3250
f 3610/2036/3252 3166/2037/3253 3611/2032/3248 3292/2031/3247
f 3005/1859/3076 3520/1856/3073 3293/2038/3254 3582/1974/3190
f 3520/1856/3073 3007/1855/3072 3612/2039/3255 3293/2038/3254
f 3006/2040/3256 3613/2041/3257 3293/2038/3254 3612/2039/3255
f 3613/2041/3257 3004/1971/3187 3582/1974/3190 3293/2038/3254
f 3008/2042/3258 3614/2043/3259 3294/2044/3260 3617/2045/3261
f 3614/2043/3259 3176/2046/3262 3615/2047/3263 3294/2044/3260
f 3175/2048/3264 3616/2049/3265 3294/2044/3260 3615/2047/3263
f 3616/2049/3265 3157/2050/3266 3617/2045/3261 3294/2044/3260
f 3031/2051/3267 3618/2052/3268 3295/2053/3269 3621/2054/3270
f 3618/2052/3268 3059/2055/3271 3619/2056/3272 3295/2053/3269
f 3060/2057/3273 3620/2058/3274 3295/2053/3269 3619/2056/3272
f 3620/2058/3274 3032/2059/3275 3621/2054/3270 3295/2053/3269
f 3030/2060/3276 3622/2061/3277 3296/2062/3278 3624/2063/3279
f 3622/2061/3277 3058/2064/3280 3623/2065/3281 3296/2062/3278
f 3059/2055/3271 3618/2052/3268 3296/2062/3278 3623/2065/3281
f 3618/2052/3268 3031/2051/3267 3624/2063/3279 3296/2062/3278
f 3251/2066/3282 3625/2067/3283 3297/2068/3284 3628/2069/3285
f 3625/2067/3283 3238/2070/3286 3626/2071/3287 3297/2068/3284
f 3227/2072/3288 3627/2073/3289 3297/2068/3284 3626/2071/3287
f 3627/2073/3289 3228/2074/3290 3628/2069/3285 3297/2068/3284
f 3228/2074/3290 3629/2075/3291 3298/2076/3292 3628/2069/3285
f 3629/2075/3291 3229/2077/3293 3630/2078/3294 3298/2076/3292
f 3252/2079/3295 3631/2080/3296 3298/2076/3292 3630/2078/3294
f 3631/2080/3296 3251/2066/3282 3628/2069/3285 3298/2076/3292
f 3174/2081/3297 3632/2082/3298 3299/2083/3299 3635/2084/3300
f 3632/2082/3298 3183/2085/3301 3633/2086/3302 3299/2083/3299
f 3184/2087/3303 3634/2088/3304 3299/2083/3299 3633/2086/3302
f 3634/2088/3304 3173/2089/3305 3635/2084/3300 3299/2083/3299
f 3195/2090/3306 3636/2091/3307 3300/2092/3308 3639/2093/3309
f 3636/2091/3307 3192/2094/3310 3637/2095/3311 3300/2092/3308
f 3193/2096/3312 3638/2097/3313 3300/2092/3308 3637/2095/3311
f 3638/2097/3313 3194/2098/3314 3639/2093/3309 3300/2092/3308
f 3173/2089/3305 3634/2088/3304 3301/2099/3315 3642/2100/3316
f 3634/2088/3304 3184/2087/3303 3640/2101/3317 3301/2099/3315
f 3185/2102/3318 3641/2103/3319 3301/2099/3315 3640/2101/3317
f 3641/2103/3319 3172/2104/3320 3642/2100/3316 3301/2099/3315
f 3162/2105/3321 3643/2106/3322 3302/2107/3323 3646/2108/3324
f 3643/2106/3322 3186/2109/3325 3644/2110/3326 3302/2107/3323
f 3185/2102/3318 3645/2111/3327 3302/2107/3323 3644/2110/3326
f 3645/2111/3327 3032/2059/3275 3646/2108/3324 3302/2107/3323
f 3195/2090/3306 3647/2112/3328 3303/2113/3329 3636/2091/3307
f 3647/2112/3328 3196/2114/3330 3648/2115/3331 3303/2113/3329
f 3191/2116/3332 3649/2117/3333 3303/2113/3329 3648/2115/3331
f 3649/2117/3333 3192/2094/3310 3636/2091/3307 3303/2113/3329
f 3062/2118/3334 3650/2119/3335 3304/2120/3336 3653/2121/3337
f 3650/2119/3335 3113/2122/3338 3651/2123/3339 3304/2120/3336
f 3188/2124/3340 3652/2125/3341 3304/2120/3336 3651/2123/3339
f 3652/2125/3341 3189/2126/3342 3653/2121/3337 3304/2120/3336
f 3191/2116/3332 3648/2115/3331 3305/2127/3343 3656/2128/3344
f 3648/2115/3331 3196/2114/3330 3654/2129/3345 3305/2127/3343
f 3197/2130/3346 3655/2131/3347 3305/2127/3343 3654/2129/3345
f 3655/2131/3347 3190/2132/3348 3656/2128/3344 3305/2127/3343
f 3016/2133/3349 3657/2134/3350 3306/2135/3351 3660/2136/3352
f 3657/2134/3350 3201/1943/3160 3658/2137/3353 3306/2135/3351
f 3037/1850/3067 3659/2138/3354 3306/2135/3351 3658/2137/3353
f 3659/2138/3354 3110/2139/3355 3660/2136/3352 3306/2135/3351
f 3201/1943/3160 3562/1941/3158 3307/2140/3356 3658/2137/3353
f 3562/1941/3158 3017/1936/3153 3661/2141/3357 3307/2140/3356
f 3038/1906/3123 3546/1909/3126 3307/2140/3356 3661/2141/3357
f 3546/1909/3126 3037/1850/3067 3658/2137/3353 3307/2140/3356
f 3017/1936/3153 3558/1933/3150 3308/2142/3358 3661/2141/3357
f 3558/1933/3150 3019/1932/3149 3662/2143/3359 3308/2142/3358
f 3039/2144/3360 3663/2145/3361 3308/2142/3358 3662/2143/3359
f 3663/2145/3361 3038/1906/3123 3661/2141/3357 3308/2142/3358
f 3144/2146/3362 3557/2147/3363 3309/2148/3364 3666/2149/3365
f 3557/2147/3363 3020/2150/3366 3664/2151/3367 3309/2148/3364
f 3040/2152/3368 3665/2153/3369 3309/2148/3364 3664/2151/3367
f 3665/2153/3369 3143/2154/3370 3666/2149/3365 3309/2148/3364
f 3239/2155/3371 3668/2156/3372 3310/2157/3373 3667/2158/3374
f 3668/2156/3372 3066/2159/3375 3669/2160/3376 3310/2157/3373
f 3042/2161/3155 3564/2162/3163 3311/2163/3377 3670/2164/3378
f 3564/2162/3163 3041/1947/3162 3567/1950/3166 3311/2163/3377
f 3043/2165/3157 3560/2166/3156 3312/2167/3379 3671/2168/3380
f 3560/2166/3156 3042/2161/3155 3670/2164/3378 3312/2167/3379
f 3145/2169/3381 3672/2170/3382 3313/2171/3383 3673/2172/3384
f 3672/2170/3382 3043/2165/3157 3671/2168/3380 3313/2171/3383
f 3041/1945/3162 3675/2173/3385 3314/2174/3386 3565/2175/3164
f 3675/2173/3385 3016/2133/3349 3676/2176/3387 3314/2174/3386
f 3076/2177/3388 3677/2178/3389 3314/2174/3386 3676/2176/3387
f 3677/2178/3389 3093/2179/3167 3565/2175/3164 3314/2174/3386
f 3121/2180/3390 3678/2181/3391 3315/2182/3392 3681/2183/3393
f 3678/2181/3391 3146/2184/3394 3679/2185/3395 3315/2182/3392
f 3149/2186/3396 3680/2187/3397 3315/2182/3392 3679/2185/3395
f 3680/2187/3397 3150/2188/3398 3681/2183/3393 3315/2182/3392
f 3146/2184/3394 3678/2181/3391 3316/2189/3399 3684/2190/3400
f 3678/2181/3391 3121/2180/3390 3682/2191/3401 3316/2189/3399
f 3095/2192/3402 3683/2193/3403 3316/2189/3399 3682/2191/3401
f 3683/2193/3403 3069/2194/3404 3684/2190/3400 3316/2189/3399
f 3250/2024/3240 3687/2195/3405 3317/2196/3406 3605/2025/3241
f 3687/2195/3405 3133/2197/3407 3688/2198/3408 3317/2196/3406
f 3221/2199/3409 3689/2200/3410 3317/2196/3406 3688/2198/3408
f 3689/2200/3410 3222/2026/3242 3605/2025/3241 3317/2196/3406
f 3134/2201/3411 3690/2202/3412 3318/2203/3413 3692/2204/3414
f 3690/2202/3412 3135/2205/3415 3691/2206/3416 3318/2203/3413
f 3050/2033/3249 3608/2030/3246 3318/2203/3413 3691/2206/3416
f 3608/2030/3246 3049/2029/3245 3692/2204/3414 3318/2203/3413
f 3050/2033/3249 3691/2206/3416 3319/2207/3417 3695/2208/3418
f 3691/2206/3416 3135/2205/3415 3693/2209/3419 3319/2207/3417
f 3136/2210/3420 3694/2211/3421 3319/2207/3417 3693/2209/3419
f 3694/2211/3421 3051/2212/3422 3695/2208/3418 3319/2207/3417
f 3004/1971/3187 3613/2041/3257 3320/2213/3423 3698/2214/3424
f 3613/2041/3257 3006/2040/3256 3696/2215/3425 3320/2213/3423
f 3102/2216/3426 3697/2217/3427 3320/2213/3423 3696/2215/3425
f 3697/2217/3427 3156/2218/3428 3698/2214/3424 3320/2213/3423
f 3102/2216/3426 3699/2219/3429 3321/2220/3430 3701/2221/3431
f 3699/2219/3429 3175/2048/3264 3615/2047/3263 3321/2220/3430
f 3176/2046/3262 3700/2222/3432 3321/2220/3430 3615/2047/3263
f 3700/2222/3432 3053/2223/3433 3701/2221/3431 3321/2220/3430
f 3054/2224/3434 3702/2225/3435 3322/2226/3436 3704/2227/3437
f 3702/2225/3435 3006/2040/3256 3612/2039/3255 3322/2226/3436
f 3007/1855/3072 3703/2228/3438 3322/2226/3436 3612/2039/3255
f 3703/2228/3438 3055/2229/3439 3704/2227/3437 3322/2226/3436
f 3055/2229/3439 3703/2228/3438 3323/2230/3440 3706/2231/3441
f 3703/2228/3438 3007/1855/3072 3523/1858/3075 3323/2230/3440
f 3141/1863/3080 3705/2232/3442 3323/2230/3440 3523/1858/3075
f 3705/2232/3442 3142/2233/3443 3706/2231/3441 3323/2230/3440
f 3142/2233/3443 3707/2234/3444 3324/2235/3445 3709/2236/3446
f 3707/2234/3444 3011/1916/3133 3547/1913/3130 3324/2235/3445
f 3018/1912/3129 3708/2237/3447 3324/2235/3445 3547/1913/3130
f 3708/2237/3447 3056/2238/3448 3709/2236/3446 3324/2235/3445
f 3154/2239/3449 3710/2240/3450 3325/2241/3451 3713/2242/3452
f 3710/2240/3450 3052/2243/3453 3711/2244/3454 3325/2241/3451
f 3152/2245/3455 3712/2246/3456 3325/2241/3451 3711/2244/3454
f 3712/2246/3456 3153/2247/3457 3713/2242/3452 3325/2241/3451
f 3216/2248/3458 3714/2249/3459 3326/2250/3460 3716/2251/3461
f 3714/2249/3459 3137/2252/3462 3715/2253/3463 3326/2250/3460
f 3215/2254/3464 3716/2251/3461 3326/2250/3460 3715/2253/3463
f 3238/2070/3286 3717/2255/3465 3327/2256/3466 3626/2071/3287
f 3717/2255/3465 3253/2257/3467 3718/2258/3468 3327/2256/3466
f 3226/2259/3469 3719/2260/3470 3327/2256/3466 3718/2258/3468
f 3719/2260/3470 3227/2072/3288 3626/2071/3287 3327/2256/3466
f 3058/2064/3280 3720/2261/3471 3328/2262/3472 3623/2065/3281
f 3720/2261/3471 3028/2263/3473 3721/2264/3474 3328/2262/3472
f 3029/2265/3475 3722/2266/3476 3328/2262/3472 3721/2264/3474
f 3722/2266/3476 3059/2055/3271 3623/2065/3281 3328/2262/3472
f 3061/2267/3477 3723/2268/3478 3329/2269/3479 3726/2270/3480
f 3723/2268/3478 3112/2271/3481 3724/2272/3482 3329/2269/3479
f 3177/2273/3483 3725/2274/3484 3329/2269/3479 3724/2272/3482
f 3725/2274/3484 3178/2275/3485 3726/2270/3480 3329/2269/3479
f 3063/1892/3109 3727/2276/3486 3330/2277/3487 3537/1893/3110
f 3727/2276/3486 3009/1887/3104 3533/1886/3103 3330/2277/3487
f 3010/1864/3081 3728/2278/3488 3330/2277/3487 3533/1886/3103
f 3728/2278/3488 3064/1879/3096 3537/1893/3110 3330/2277/3487
f 3010/1864/3081 3527/1867/3084 3331/2279/3489 3728/2278/3488
f 3527/1867/3084 3021/1872/3089 3729/2280/3490 3331/2279/3489
f 3065/1881/3098 3530/1880/3097 3331/2279/3489 3729/2280/3490
f 3530/1880/3097 3064/1879/3096 3728/2278/3488 3331/2279/3489
f 3021/1872/3089 3553/1921/3138 3332/2281/3491 3729/2280/3490
f 3553/1921/3138 3099/1925/3142 3730/2282/3492 3332/2281/3491
f 3100/1928/3145 3554/1926/3143 3332/2281/3491 3730/2282/3492
f 3554/1926/3143 3065/1881/3098 3729/2280/3490 3332/2281/3491
f 3066/2159/3375 3731/2283/3493 3333/2284/3494 3669/2160/3376
f 3731/2283/3493 3040/2152/3368 3664/2151/3367 3333/2284/3494
f 3018/1912/3129 3550/1915/3132 3334/2285/3495 3708/2237/3447
f 3550/1915/3132 3098/1919/3136 3732/2286/3496 3334/2285/3495
f 3101/2287/3497 3733/2288/3498 3334/2285/3495 3732/2286/3496
f 3733/2288/3498 3056/2238/3448 3708/2237/3447 3334/2285/3495
f 3067/2289/3499 3734/2290/3500 3335/2291/3501 3736/2292/3502
f 3734/2290/3500 3039/2144/3360 3662/2143/3359 3335/2291/3501
f 3019/1932/3149 3735/2293/3503 3335/2291/3501 3662/2143/3359
f 3735/2293/3503 3068/2294/3504 3736/2292/3502 3335/2291/3501
f 3013/2295/3505 3737/2296/3506 3336/2297/3507 3740/2298/3508
f 3737/2296/3506 3045/1903/3120 3738/2299/3509 3336/2297/3507
f 3069/2194/3404 3739/2300/3510 3336/2297/3507 3738/2299/3509
f 3739/2300/3510 3014/2301/3511 3740/2298/3508 3336/2297/3507
f 3045/1903/3120 3737/2296/3506 3337/2302/3512 3542/1904/3121
f 3737/2296/3506 3013/2295/3505 3741/2303/3513 3337/2302/3512
f 3070/2304/3514 3742/2305/3515 3337/2302/3512 3741/2303/3513
f 3742/2305/3515 3089/1905/3122 3542/1904/3121 3337/2302/3512
f 3005/1859/3076 3581/1978/3194 3338/2306/3516 3521/1860/3077
f 3581/1978/3194 3108/1977/3193 3743/2307/3517 3338/2306/3516
f 3139/2308/3518 3744/2309/3519 3338/2306/3516 3743/2307/3517
f 3744/2309/3519 3140/1861/3078 3521/1860/3077 3338/2306/3516
f 3070/2304/3514 3745/2310/3520 3339/2311/3521 3742/2305/3515
f 3745/2310/3520 3002/2312/3522 3746/2313/3523 3339/2311/3521
f 3094/2314/3524 3747/2315/3525 3339/2311/3521 3746/2313/3523
f 3747/2315/3525 3089/1905/3122 3742/2305/3515 3339/2311/3521
f 3071/1966/3182 3575/1963/3179 3340/2316/3526 3750/2317/3527
f 3575/1963/3179 3124/1962/3178 3748/2318/3528 3340/2316/3526
f 3003/2319/3529 3749/2320/3530 3340/2316/3526 3748/2318/3528
f 3749/2320/3530 3072/2321/3531 3750/2317/3527 3340/2316/3526
f 3057/2322/3532 3751/2323/3533 3341/2324/3534 3754/2325/3535
f 3751/2323/3533 3130/2326/3536 3752/2327/3537 3341/2324/3534
f 3208/2328/3538 3753/2329/3539 3341/2324/3534 3752/2327/3537
f 3753/2329/3539 3214/2330/3540 3754/2325/3535 3341/2324/3534
f 3124/1962/3178 3755/2331/3541 3342/2332/3542 3748/2318/3528
f 3755/2331/3541 3002/2312/3522 3756/2333/3543 3342/2332/3542
f 3125/2334/3544 3757/2335/3545 3342/2332/3542 3756/2333/3543
f 3757/2335/3545 3003/2319/3529 3748/2318/3528 3342/2332/3542
f 3073/2336/3546 3758/2337/3547 3343/2338/3548 3760/2339/3549
f 3758/2337/3547 3070/2304/3514 3741/2303/3513 3343/2338/3548
f 3013/2295/3505 3759/2340/3550 3343/2338/3548 3741/2303/3513
f 3759/2340/3550 3074/2341/3551 3760/2339/3549 3343/2338/3548
f 3074/2341/3551 3759/2340/3550 3344/2342/3552 3762/2343/3553
f 3759/2340/3550 3013/2295/3505 3740/2298/3508 3344/2342/3552
f 3014/2301/3511 3761/2344/3554 3344/2342/3552 3740/2298/3508
f 3761/2344/3554 3075/2345/3555 3762/2343/3553 3344/2342/3552
f 3015/2346/3556 3763/2347/3557 3345/2348/3558 3765/2349/3559
f 3763/2347/3557 3093/2179/3167 3677/2178/3389 3345/2348/3558
f 3076/2177/3388 3764/2350/3560 3345/2348/3558 3677/2178/3389
f 3764/2350/3560 3262/2351/3561 3765/2349/3559 3345/2348/3558
f 3077/2352/3562 3766/2353/3563 3346/2354/3564 3769/2355/3565
f 3766/2353/3563 3131/2356/3566 3767/2357/3567 3346/2354/3564
f 3132/2358/3568 3768/2359/3569 3346/2354/3564 3767/2357/3567
f 3768/2359/3569 3078/2360/3570 3769/2355/3565 3346/2354/3564
f 3032/2059/3275 3620/2058/3274 3347/2361/3571 3646/2108/3324
f 3620/2058/3274 3060/2057/3273 3770/2362/3572 3347/2361/3571
f 3161/2363/3573 3771/2364/3574 3347/2361/3571 3770/2362/3572
f 3771/2364/3574 3162/2105/3321 3646/2108/3324 3347/2361/3571
f 3052/2243/3453 3772/2365/3575 3348/2366/3576 3711/2244/3454
f 3772/2365/3575 3155/2367/3577 3773/2368/3578 3348/2366/3576
f 3111/2369/3579 3774/2370/3580 3348/2366/3576 3773/2368/3578
f 3774/2370/3580 3152/2245/3455 3711/2244/3454 3348/2366/3576
f 3112/2271/3481 3723/2268/3478 3349/2371/3581 3777/2372/3582
f 3723/2268/3478 3061/2267/3477 3775/2373/3583 3349/2371/3581
f 3080/2374/3584 3776/2375/3585 3349/2371/3581 3775/2373/3583
f 3776/2375/3585 3111/2369/3579 3777/2372/3582 3349/2371/3581
f 3087/2376/3586 3779/2377/3587 3350/2378/3588 3781/2379/3589
f 3779/2377/3587 3088/1845/3062 3780/2380/3590 3350/2378/3588
f 3094/2314/3524 3746/2313/3523 3350/2378/3588 3780/2380/3590
f 3746/2313/3523 3002/2312/3522 3781/2379/3589 3350/2378/3588
f 3254/2381/3591 3782/2382/3592 3351/2383/3593 3784/2384/3594
f 3782/2382/3592 3235/2385/3595 3783/2386/3596 3351/2383/3593
f 3217/1957/3173 3569/1954/3170 3351/2383/3593 3783/2386/3596
f 3569/1954/3170 3082/1953/3169 3784/2384/3594 3351/2383/3593
f 3083/1994/3210 3785/2387/3597 3352/2388/3598 3591/1995/3211
f 3785/2387/3597 3047/2389/3599 3686/2390/3600 3352/2388/3598
f 3048/2391/3601 3786/2392/3602 3352/2388/3598 3686/2390/3600
f 3786/2392/3602 3084/1988/3204 3591/1995/3211 3352/2388/3598
f 3048/2391/3601 3583/2393/3603 3353/2394/3604 3786/2392/3602
f 3583/2393/3603 2998/2395/3605 3787/2396/3606 3353/2394/3604
f 3085/1979/3195 3588/1989/3205 3353/2394/3604 3787/2396/3606
f 3588/1989/3205 3084/1988/3204 3786/2392/3602 3353/2394/3604
f 3210/2397/3607 3573/2398/3608 3354/2399/3609 3790/2400/3610
f 3573/2398/3608 3204/2401/3611 3788/2402/3612 3354/2399/3609
f 3205/2403/3613 3789/2404/3614 3354/2399/3609 3788/2402/3612
f 3789/2404/3614 3209/1983/3199 3790/2400/3610 3354/2399/3609
f 3046/2405/3615 3511/2406/3616 3355/2407/3617 3792/2408/3618
f 3511/2406/3616 3122/2409/3619 3791/2410/3620 3355/2407/3617
f 3123/1970/3186 3577/1969/3185 3355/2407/3617 3791/2410/3620
f 3577/1969/3185 3086/1968/3184 3792/2408/3618 3355/2407/3617
f 3087/2376/3586 3793/2411/3621 3356/2412/3622 3779/2377/3587
f 3793/2411/3621 3081/2413/3623 3778/2414/3624 3356/2412/3622
f 2999/1837/3054 3515/1840/3057 3356/2412/3622 3778/2414/3624
f 3515/1840/3057 3088/1845/3062 3779/2377/3587 3356/2412/3622
f 3090/1843/3060 3543/1901/3118 3357/2415/3625 3514/1844/3061
f 3543/1901/3118 3089/1905/3122 3747/2315/3525 3357/2415/3625
f 3094/2314/3524 3780/2380/3590 3357/2415/3625 3747/2315/3525
f 3780/2380/3590 3088/1845/3062 3514/1844/3061 3357/2415/3625
f 3097/1910/3127 3548/1917/3134 3358/2416/3626 3545/1911/3128
f 3548/1917/3134 3011/1916/3133 3795/2417/3627 3358/2416/3626
f 3012/1854/3071 3518/1853/3070 3358/2416/3626 3795/2417/3627
f 3518/1853/3070 3096/1852/3069 3545/1911/3128 3358/2416/3626
f 3038/1906/3123 3663/2145/3361 3359/2418/3628 3544/1907/3124
f 3663/2145/3361 3039/2144/3360 3796/2419/3629 3359/2418/3628
f 3098/1919/3136 3549/1918/3135 3359/2418/3628 3796/2419/3629
f 3549/1918/3135 3097/1910/3127 3544/1907/3124 3359/2418/3628
f 3143/2154/3370 3665/2153/3369 3360/2420/3630 3798/2421/3631
f 3665/2153/3369 3040/2152/3368 3797/2422/3632 3360/2420/3630
f 3099/1925/3142 3552/1924/3141 3360/2420/3630 3797/2422/3632
f 3552/1924/3141 3106/1923/3140 3798/2421/3631 3360/2420/3630
f 3100/1928/3145 3799/2423/3633 3361/2424/3634 3555/1929/3146
f 3799/2423/3633 3066/2159/3375 3668/2156/3372 3361/2424/3634
f 3239/2155/3371 3800/2425/3635 3361/2424/3634 3668/2156/3372
f 3800/2425/3635 3246/1930/3147 3555/1929/3146 3361/2424/3634
f 3099/1925/3142 3797/2422/3632 3362/2426/3636 3730/2282/3492
f 3797/2422/3632 3040/2152/3368 3731/2283/3493 3362/2426/3636
f 3066/2159/3375 3799/2423/3633 3362/2426/3636 3731/2283/3493
f 3799/2423/3633 3100/1928/3145 3730/2282/3492 3362/2426/3636
f 3098/1919/3136 3796/2419/3629 3363/2427/3637 3732/2286/3496
f 3796/2419/3629 3039/2144/3360 3734/2290/3500 3363/2427/3637
f 3067/2289/3499 3801/2428/3638 3363/2427/3637 3734/2290/3500
f 3801/2428/3638 3101/2287/3497 3732/2286/3496 3363/2427/3637
f 3102/2216/3426 3696/2215/3425 3364/2429/3639 3699/2219/3429
f 3696/2215/3425 3006/2040/3256 3702/2225/3435 3364/2429/3639
f 3054/2224/3434 3802/2430/3640 3364/2429/3639 3702/2225/3435
f 3802/2430/3640 3175/2048/3264 3699/2219/3429 3364/2429/3639
f 3175/2048/3264 3802/2430/3640 3365/2431/3641 3804/2432/3642
f 3802/2430/3640 3054/2224/3434 3704/2227/3437 3365/2431/3641
f 3055/2229/3439 3803/2433/3643 3365/2431/3641 3704/2227/3437
f 3803/2433/3643 3103/1882/3099 3804/2432/3642 3365/2431/3641
f 3055/2229/3439 3706/2231/3441 3366/2434/3644 3803/2433/3643
f 3706/2231/3441 3142/2233/3443 3805/2435/3645 3366/2434/3644
f 3104/1868/3085 3532/1883/3100 3366/2434/3644 3805/2435/3645
f 3532/1883/3100 3103/1882/3099 3803/2433/3643 3366/2434/3644
f 3104/1868/3085 3805/2435/3645 3367/2436/3646 3525/1869/3086
f 3805/2435/3645 3142/2233/3443 3709/2236/3446 3367/2436/3646
f 3056/2238/3448 3806/2437/3647 3367/2436/3646 3709/2236/3446
f 3806/2437/3647 3105/1870/3087 3525/1869/3086 3367/2436/3646
f 3056/2238/3448 3733/2288/3498 3368/2438/3648 3806/2437/3647
f 3733/2288/3498 3101/2287/3497 3807/2439/3649 3368/2438/3648
f 3106/1923/3140 3551/1922/3139 3368/2438/3648 3807/2439/3649
f 3551/1922/3139 3105/1870/3087 3806/2437/3647 3368/2438/3648
f 3053/2223/3433 3808/2440/3650 3369/2441/3651 3701/2221/3431
f 3808/2440/3650 3155/2367/3577 3809/2442/3652 3369/2441/3651
f 3156/2218/3428 3697/2217/3427 3369/2441/3651 3809/2442/3652
f 3697/2217/3427 3102/2216/3426 3701/2221/3431 3369/2441/3651
f 3052/2243/3453 3710/2240/3450 3370/2443/3653 3811/2444/3654
f 3710/2240/3450 3154/2239/3449 3810/2445/3655 3370/2443/3653
f 3137/2252/3462 3714/2249/3459 3370/2443/3653 3810/2445/3655
f 3714/2249/3459 3216/2248/3458 3811/2444/3654 3370/2443/3653
f 3137/2252/3462 3812/2446/3656 3371/2447/3657 3715/2253/3463
f 3812/2446/3656 3057/2322/3532 3754/2325/3535 3371/2447/3657
f 3214/2330/3540 3813/2448/3658 3371/2447/3657 3754/2325/3535
f 3813/2448/3658 3215/2254/3464 3715/2253/3463 3371/2447/3657
f 3107/1975/3191 3814/2449/3659 3372/2450/3660 3580/1976/3192
f 3814/2449/3659 3077/2352/3562 3769/2355/3565 3372/2450/3660
f 3078/2360/3570 3815/2451/3661 3372/2450/3660 3769/2355/3565
f 3815/2451/3661 3108/1977/3193 3580/1976/3192 3372/2450/3660
f 3078/2360/3570 3816/2452/3662 3373/2453/3663 3815/2451/3661
f 3816/2452/3662 3138/2454/3664 3817/2455/3665 3373/2453/3663
f 3139/2308/3518 3743/2307/3517 3373/2453/3663 3817/2455/3665
f 3743/2307/3517 3108/1977/3193 3815/2451/3661 3373/2453/3663
f 3079/2456/3666 3818/2457/3667 3374/2458/3668 3819/2459/3669
f 3818/2457/3667 3110/2139/3355 3659/2138/3354 3374/2458/3668
f 3037/1850/3067 3516/1847/3064 3374/2458/3668 3659/2138/3354
f 3516/1847/3064 3109/1846/3063 3819/2459/3669 3374/2458/3668
f 3199/2460/3670 3820/2461/3671 3375/2462/3672 3822/2463/3673
f 3820/2461/3671 3200/2464/3674 3821/2465/3675 3375/2462/3672
f 3110/2139/3355 3818/2457/3667 3375/2462/3672 3821/2465/3675
f 3818/2457/3667 3079/2456/3666 3822/2463/3673 3375/2462/3672
f 3110/2139/3355 3821/2465/3675 3376/2466/3676 3660/2136/3352
f 3821/2465/3675 3200/2464/3674 3823/2467/3677 3376/2466/3676
f 3016/2133/3349 3660/2136/3352 3376/2466/3676 3823/2467/3677
f 3155/2367/3577 3808/2440/3650 3377/2468/3678 3773/2368/3578
f 3808/2440/3650 3053/2223/3433 3824/2469/3679 3377/2468/3678
f 3112/2271/3481 3777/2372/3582 3377/2468/3678 3824/2469/3679
f 3777/2372/3582 3111/2369/3579 3773/2368/3578 3377/2468/3678
f 3053/2223/3433 3700/2222/3432 3378/2470/3680 3824/2469/3679
f 3700/2222/3432 3176/2046/3262 3825/2471/3681 3378/2470/3680
f 3177/2273/3483 3724/2272/3482 3378/2470/3680 3825/2471/3681
f 3724/2272/3482 3112/2271/3481 3824/2469/3679 3378/2470/3680
f 3113/2122/3338 3826/2472/3682 3379/2473/3683 3651/2123/3339
f 3826/2472/3682 3008/2042/3258 3827/2474/3684 3379/2473/3683
f 3187/2475/3685 3828/2476/3686 3379/2473/3683 3827/2474/3684
f 3828/2476/3686 3188/2124/3340 3651/2123/3339 3379/2473/3683
f 3060/2057/3273 3829/2477/3687 3380/2478/3688 3770/2362/3572
f 3829/2477/3687 3116/2479/3689 3830/2480/3690 3380/2478/3688
f 3160/2481/3691 3831/2482/3692 3380/2478/3688 3830/2480/3690
f 3831/2482/3692 3161/2363/3573 3770/2362/3572 3380/2478/3688
f 3059/2055/3271 3722/2266/3476 3381/2483/3693 3619/2056/3272
f 3722/2266/3476 3029/2265/3475 3832/2484/3694 3381/2483/3693
f 3116/2479/3689 3829/2477/3687 3381/2483/3693 3832/2484/3694
f 3829/2477/3687 3060/2057/3273 3619/2056/3272 3381/2483/3693
f 3050/2033/3249 3695/2208/3418 3382/2485/3695 3609/2034/3250
f 3695/2208/3418 3051/2212/3422 3833/2486/3696 3382/2485/3695
f 3159/2487/3697 3834/2488/3698 3382/2485/3695 3833/2486/3696
f 3834/2488/3698 3165/2035/3251 3609/2034/3250 3382/2485/3695
f 3169/2489/3699 3835/2490/3700 3383/2491/3701 3837/2492/3702
f 3835/2490/3700 3116/2479/3689 3832/2484/3694 3383/2491/3701
f 3029/2265/3475 3836/2493/3703 3383/2491/3701 3832/2484/3694
f 3836/2493/3703 3168/2494/3704 3837/2492/3702 3383/2491/3701
f 3168/2494/3704 3836/2493/3703 3384/2495/3705 3839/2496/3706
f 3836/2493/3703 3029/2265/3475 3721/2264/3474 3384/2495/3705
f 3028/2263/3473 3838/2497/3707 3384/2495/3705 3721/2264/3474
f 3838/2497/3707 3167/2498/3708 3839/2496/3706 3384/2495/3705
f 3253/2257/3467 3840/2499/3709 3385/2500/3710 3718/2258/3468
f 3840/2499/3709 3255/2501/3711 3841/2502/3712 3385/2500/3710
f 3225/2503/3713 3842/2504/3714 3385/2500/3710 3841/2502/3712
f 3842/2504/3714 3226/2259/3469 3718/2258/3468 3385/2500/3710
f 3169/2489/3699 3843/2505/3715 3386/2506/3716 3846/2507/3717
f 3843/2505/3715 3117/2508/3718 3844/2509/3719 3386/2506/3716
f 3159/2487/3697 3845/2510/3720 3386/2506/3716 3844/2509/3719
f 3845/2510/3720 3170/2511/3721 3846/2507/3717 3386/2506/3716
f 3264/2512/3722 3848/2513/3723 3387/2514/3724 3850/2515/3725
f 3848/2513/3723 3263/2516/3726 3849/2517/3727 3387/2514/3724
f 3121/2180/3390 3681/2183/3393 3387/2514/3724 3849/2517/3727
f 3681/2183/3393 3150/2188/3398 3850/2515/3725 3387/2514/3724
f 3001/2518/3728 3674/2519/3729 3388/2520/3730 3852/2521/3731
f 3674/2519/3729 3015/2346/3556 3765/2349/3559 3388/2520/3730
f 3262/2351/3561 3851/2522/3732 3388/2520/3730 3765/2349/3559
f 3851/2522/3732 3263/2516/3726 3852/2521/3731 3388/2520/3730
f 3122/2409/3619 3853/2523/3733 3389/2524/3734 3791/2410/3620
f 3853/2523/3733 3081/2413/3623 3793/2411/3621 3389/2524/3734
f 3087/2376/3586 3854/2525/3735 3389/2524/3734 3793/2411/3621
f 3854/2525/3735 3123/1970/3186 3791/2410/3620 3389/2524/3734
f 3123/1970/3186 3854/2525/3735 3390/2526/3736 3578/1965/3181
f 3854/2525/3735 3087/2376/3586 3781/2379/3589 3390/2526/3736
f 3002/2312/3522 3755/2331/3541 3390/2526/3736 3781/2379/3589
f 3755/2331/3541 3124/1962/3178 3578/1965/3181 3390/2526/3736
f 3073/2336/3546 3855/2527/3737 3391/2528/3738 3858/2529/3739
f 3855/2527/3737 3198/2530/3740 3856/2531/3741 3391/2528/3738
f 3132/2358/3568 3857/2532/3742 3391/2528/3738 3856/2531/3741
f 3857/2532/3742 3125/2334/3544 3858/2529/3739 3391/2528/3738
f 3070/2304/3514 3758/2337/3547 3392/2533/3743 3745/2310/3520
f 3758/2337/3547 3073/2336/3546 3858/2529/3739 3392/2533/3743
f 3125/2334/3544 3756/2333/3543 3392/2533/3743 3858/2529/3739
f 3756/2333/3543 3002/2312/3522 3745/2310/3520 3392/2533/3743
f 3248/2005/3221 3595/2004/3220 3393/2534/3744 3861/2535/3745
f 3595/2004/3220 3219/2003/3219 3859/2536/3746 3393/2534/3744
f 3220/2537/3747 3860/2538/3748 3393/2534/3744 3859/2536/3746
f 3860/2538/3748 3126/2539/3749 3861/2535/3745 3393/2534/3744
f 3127/2540/3750 3862/2541/3751 3394/2542/3752 3864/2543/3753
f 3862/2541/3751 3023/2011/3227 3598/2010/3226 3394/2542/3752
f 3026/2009/3225 3863/2544/3754 3394/2542/3752 3598/2010/3226
f 3863/2544/3754 3128/2545/3755 3864/2543/3753 3394/2542/3752
f 3128/2545/3755 3863/2544/3754 3395/2546/3756 3866/2547/3757
f 3863/2544/3754 3026/2009/3225 3603/2019/3235 3395/2546/3756
f 3027/2012/3228 3865/2548/3758 3395/2546/3756 3603/2019/3235
f 3865/2548/3758 3129/2549/3759 3866/2547/3757 3395/2546/3756
f 3129/2549/3759 3865/2548/3758 3396/2550/3760 3868/2551/3761
f 3865/2548/3758 3027/2012/3228 3602/2015/3231 3396/2550/3760
f 3203/2017/3233 3867/2552/3762 3396/2550/3760 3602/2015/3231
f 3867/2552/3762 3130/2326/3536 3868/2551/3761 3396/2550/3760
f 3131/2356/3566 3869/2553/3763 3397/2554/3764 3767/2357/3567
f 3869/2553/3763 3003/2319/3529 3757/2335/3545 3397/2554/3764
f 3125/2334/3544 3857/2532/3742 3397/2554/3764 3757/2335/3545
f 3857/2532/3742 3132/2358/3568 3767/2357/3567 3397/2554/3764
f 3133/2197/3407 3870/2555/3765 3398/2556/3766 3688/2198/3408
f 3870/2555/3765 3126/2539/3749 3860/2538/3748 3398/2556/3766
f 3220/2537/3747 3871/2557/3767 3398/2556/3766 3860/2538/3748
f 3871/2557/3767 3221/2199/3409 3688/2198/3408 3398/2556/3766
f 3134/2201/3411 3872/2558/3768 3399/2559/3769 3690/2202/3412
f 3872/2558/3768 3127/2540/3750 3864/2543/3753 3399/2559/3769
f 3128/2545/3755 3873/2560/3770 3399/2559/3769 3864/2543/3753
f 3873/2560/3770 3135/2205/3415 3690/2202/3412 3399/2559/3769
f 3135/2205/3415 3873/2560/3770 3400/2561/3771 3693/2209/3419
f 3873/2560/3770 3128/2545/3755 3866/2547/3757 3400/2561/3771
f 3129/2549/3759 3874/2562/3772 3400/2561/3771 3866/2547/3757
f 3874/2562/3772 3136/2210/3420 3693/2209/3419 3400/2561/3771
f 3129/2549/3759 3868/2551/3761 3401/2563/3773 3874/2562/3772
f 3868/2551/3761 3130/2326/3536 3751/2323/3533 3401/2563/3773
f 3057/2322/3532 3875/2564/3774 3401/2563/3773 3751/2323/3533
f 3875/2564/3774 3136/2210/3420 3874/2562/3772 3401/2563/3773
f 3051/2212/3422 3694/2211/3421 3402/2565/3775 3876/2566/3776
f 3694/2211/3421 3136/2210/3420 3875/2564/3774 3402/2565/3775
f 3057/2322/3532 3812/2446/3656 3402/2565/3775 3875/2564/3774
f 3812/2446/3656 3137/2252/3462 3876/2566/3776 3402/2565/3775
f 3199/2460/3670 3822/2463/3673 3403/2567/3777 3879/2568/3778
f 3822/2463/3673 3079/2456/3666 3877/2569/3779 3403/2567/3777
f 3138/2454/3664 3878/2570/3780 3403/2567/3777 3877/2569/3779
f 3878/2570/3780 3198/2530/3740 3879/2568/3778 3403/2567/3777
f 3079/2456/3666 3819/2459/3669 3404/2571/3781 3877/2569/3779
f 3819/2459/3669 3109/1846/3063 3880/2572/3782 3404/2571/3781
f 3139/2308/3518 3817/2455/3665 3404/2571/3781 3880/2572/3782
f 3817/2455/3665 3138/2454/3664 3877/2569/3779 3404/2571/3781
f 3109/1846/3063 3519/1849/3066 3405/2573/3783 3880/2572/3782
f 3519/1849/3066 3012/1854/3071 3881/2574/3784 3405/2573/3783
f 3140/1861/3078 3744/2309/3519 3405/2573/3783 3881/2574/3784
f 3744/2309/3519 3139/2308/3518 3880/2572/3782 3405/2573/3783
f 3012/1854/3071 3795/2417/3627 3406/2575/3785 3881/2574/3784
f 3795/2417/3627 3011/1916/3133 3882/2576/3786 3406/2575/3785
f 3141/1863/3080 3522/1862/3079 3406/2575/3785 3882/2576/3786
f 3522/1862/3079 3140/1861/3078 3881/2574/3784 3406/2575/3785
f 3141/1863/3080 3882/2576/3786 3407/2577/3787 3705/2232/3442
f 3882/2576/3786 3011/1916/3133 3707/2234/3444 3407/2577/3787
f 3142/2233/3443 3705/2232/3442 3407/2577/3787 3707/2234/3444
f 3198/2530/3740 3878/2570/3780 3408/2578/3788 3856/2531/3741
f 3878/2570/3780 3138/2454/3664 3816/2452/3662 3408/2578/3788
f 3078/2360/3570 3768/2359/3569 3408/2578/3788 3816/2452/3662
f 3768/2359/3569 3132/2358/3568 3856/2531/3741 3408/2578/3788
f 3106/1923/3140 3807/2439/3649 3409/2579/3789 3798/2421/3631
f 3807/2439/3649 3101/2287/3497 3801/2428/3638 3409/2579/3789
f 3067/2289/3499 3883/2580/3790 3409/2579/3789 3801/2428/3638
f 3883/2580/3790 3143/2154/3370 3798/2421/3631 3409/2579/3789
f 3143/2154/3370 3883/2580/3790 3410/2581/3791 3666/2149/3365
f 3883/2580/3790 3067/2289/3499 3736/2292/3502 3410/2581/3791
f 3068/2294/3504 3884/2582/3792 3410/2581/3791 3736/2292/3502
f 3884/2582/3792 3144/2146/3362 3666/2149/3365 3410/2581/3791
f 3068/2294/3504 3885/2583/3793 3411/2584/3794 3884/2582/3792
f 3885/2583/3793 3145/2585/3381 3673/2586/3384 3411/2584/3794
f 3068/2294/3504 3735/2293/3503 3412/2587/3795 3885/2583/3793
f 3735/2293/3503 3019/1932/3149 3561/1935/3152 3412/2587/3795
f 3043/1940/3157 3672/2588/3382 3412/2587/3795 3561/1935/3152
f 3672/2588/3382 3145/2585/3381 3885/2583/3793 3412/2587/3795
f 3069/2194/3404 3738/2299/3509 3413/2589/3796 3684/2190/3400
f 3738/2299/3509 3045/1903/3120 3541/1902/3119 3413/2589/3796
f 3044/1894/3111 3886/2590/3797 3413/2589/3796 3541/1902/3119
f 3886/2590/3797 3146/2184/3394 3684/2190/3400 3413/2589/3796
f 3146/2184/3394 3886/2590/3797 3414/2591/3798 3679/2185/3395
f 3886/2590/3797 3044/1894/3111 3540/1897/3114 3414/2591/3798
f 3091/1899/3116 3887/2592/3799 3414/2591/3798 3540/1897/3114
f 3887/2592/3799 3149/2186/3396 3679/2185/3395 3414/2591/3798
f 3151/2593/3800 3568/2594/3801 3415/2595/3802 3890/2596/3803
f 3568/2594/3801 3001/2518/3728 3852/2521/3731 3415/2595/3802
f 3263/2516/3726 3848/2513/3723 3415/2595/3802 3852/2521/3731
f 3848/2513/3723 3264/2512/3722 3890/2596/3803 3415/2595/3802
f 3091/2597/3116 3888/2598/3804 3416/2599/3805 3887/2600/3799
f 3888/2598/3804 3147/2601/3806 3891/2602/3807 3416/2599/3805
f 3149/2603/3396 3887/2600/3799 3416/2599/3805 3891/2602/3807
f 3149/2604/3396 3891/2605/3807 3417/2606/3808 3680/2607/3397
f 3891/2605/3807 3147/2608/3806 3794/2609/3809 3417/2606/3808
f 3120/2610/3810 3892/2611/3811 3417/2606/3808 3794/2609/3809
f 3892/2611/3811 3150/2612/3398 3680/2607/3397 3417/2606/3808
f 3150/2612/3398 3892/2611/3811 3418/2613/3812 3850/2614/3725
f 3892/2611/3811 3120/2610/3810 3847/2615/3813 3418/2613/3812
f 3148/2616/3814 3893/2617/3815 3418/2613/3812 3847/2615/3813
f 3893/2617/3815 3264/2618/3722 3850/2614/3725 3418/2613/3812
f 3148/2616/3814 3889/2619/3816 3419/2620/3817 3893/2617/3815
f 3889/2619/3816 3092/2621/3818 3419/2620/3817
f 3151/2622/3800 3890/2623/3803 3419/2620/3817 3092/2621/3818
f 3890/2623/3803 3264/2618/3722 3893/2617/3815 3419/2620/3817
f 3111/2369/3579 3776/2375/3585 3420/2624/3819 3774/2370/3580
f 3776/2375/3585 3080/2374/3584 3894/2625/3820 3420/2624/3819
f 3115/2626/3821 3895/2627/3822 3420/2624/3819 3894/2625/3820
f 3895/2627/3822 3152/2245/3455 3774/2370/3580 3420/2624/3819
f 3115/2626/3821 3896/2628/3823 3421/2629/3824 3895/2627/3822
f 3896/2628/3823 3051/2212/3422 3897/2630/3825 3421/2629/3824
f 3153/2247/3457 3712/2246/3456 3421/2629/3824 3897/2630/3825
f 3712/2246/3456 3152/2245/3455 3895/2627/3822 3421/2629/3824
f 3137/2252/3462 3810/2445/3655 3422/2631/3826 3876/2566/3776
f 3810/2445/3655 3154/2239/3449 3713/2242/3452 3422/2631/3826
f 3153/2247/3457 3897/2630/3825 3422/2631/3826 3713/2242/3452
f 3897/2630/3825 3051/2212/3422 3876/2566/3776 3422/2631/3826
f 3103/1882/3099 3534/1885/3102 3423/2632/3827 3804/2432/3642
f 3534/1885/3102 3009/1887/3104 3898/2633/3828 3423/2632/3827
f 3157/2050/3266 3616/2049/3265 3423/2632/3827 3898/2633/3828
f 3616/2049/3265 3175/2048/3264 3804/2432/3642 3423/2632/3827
f 3009/1887/3104 3727/2276/3486 3424/2634/3829 3898/2633/3828
f 3727/2276/3486 3063/1892/3109 3899/2635/3830 3424/2634/3829
f 3158/2636/3831 3900/2637/3832 3424/2634/3829 3899/2635/3830
f 3900/2637/3832 3157/2050/3266 3898/2633/3828 3424/2634/3829
f 3063/1892/3109 3536/1891/3108 3425/2638/3833 3899/2635/3830
f 3536/1891/3108 3237/1890/3107 3901/2639/3834 3425/2638/3833
f 3256/2640/3835 3902/2641/3836 3425/2638/3833 3901/2639/3834
f 3902/2641/3836 3158/2636/3831 3899/2635/3830 3425/2638/3833
f 3008/2042/3258 3617/2045/3261 3426/2642/3837 3827/2474/3684
f 3617/2045/3261 3157/2050/3266 3900/2637/3832 3426/2642/3837
f 3158/2636/3831 3903/2643/3838 3426/2642/3837 3900/2637/3832
f 3903/2643/3838 3187/2475/3685 3827/2474/3684 3426/2642/3837
f 3051/2212/3422 3896/2628/3823 3427/2644/3839 3833/2486/3696
f 3896/2628/3823 3115/2626/3821 3904/2645/3840 3427/2644/3839
f 3170/2511/3721 3845/2510/3720 3427/2644/3839 3904/2645/3840
f 3845/2510/3720 3159/2487/3697 3833/2486/3696 3427/2644/3839
f 3115/2626/3821 3894/2625/3820 3428/2646/3841 3906/2647/3842
f 3894/2625/3820 3080/2374/3584 3905/2648/3843 3428/2646/3841
f 3161/2363/3573 3831/2482/3692 3428/2646/3841 3905/2648/3843
f 3831/2482/3692 3160/2481/3691 3906/2647/3842 3428/2646/3841
f 3080/2374/3584 3775/2373/3583 3429/2649/3844 3905/2648/3843
f 3775/2373/3583 3061/2267/3477 3907/2650/3845 3429/2649/3844
f 3162/2105/3321 3771/2364/3574 3429/2649/3844 3907/2650/3845
f 3771/2364/3574 3161/2363/3573 3905/2648/3843 3429/2649/3844
f 3061/2267/3477 3908/2651/3846 3430/2652/3847 3907/2650/3845
f 3908/2651/3846 3171/2653/3848 3909/2654/3849 3430/2652/3847
f 3186/2109/3325 3643/2106/3322 3430/2652/3847 3909/2654/3849
f 3643/2106/3322 3162/2105/3321 3907/2650/3845 3430/2652/3847
f 3062/2118/3334 3653/2121/3337 3431/2655/3850 3911/2656/3851
f 3653/2121/3337 3189/2126/3342 3910/2657/3852 3431/2655/3850
f 3190/2132/3348 3655/2131/3347 3431/2655/3850 3910/2657/3852
f 3655/2131/3347 3197/2130/3346 3911/2656/3851 3431/2655/3850
f 3117/2508/3718 3912/2658/3853 3432/2659/3854 3844/2509/3719
f 3912/2658/3853 3118/2660/3855 3913/2661/3856 3432/2659/3854
f 3165/2035/3251 3834/2488/3698 3432/2659/3854 3913/2661/3856
f 3834/2488/3698 3159/2487/3697 3844/2509/3719 3432/2659/3854
f 3118/2660/3855 3914/2662/3857 3433/2663/3858 3913/2661/3856
f 3914/2662/3857 3119/2664/3859 3915/2665/3860 3433/2663/3858
f 3166/2037/3253 3610/2036/3252 3433/2663/3858 3915/2665/3860
f 3610/2036/3252 3165/2035/3251 3913/2661/3856 3433/2663/3858
f 3240/2666/3861 3916/2667/3862 3434/2668/3863 3918/2669/3864
f 3916/2667/3862 3249/2020/3236 3607/2023/3239 3434/2668/3863
f 3223/2028/3244 3917/2670/3865 3434/2668/3863 3607/2023/3239
f 3917/2670/3865 3224/2671/3866 3918/2669/3864 3434/2668/3863
f 3255/2501/3711 3919/2672/3867 3435/2673/3868 3841/2502/3712
f 3919/2672/3867 3240/2666/3861 3918/2669/3864 3435/2673/3868
f 3224/2671/3866 3920/2674/3869 3435/2673/3868 3918/2669/3864
f 3920/2674/3869 3225/2503/3713 3841/2502/3712 3435/2673/3868
f 3167/2498/3708 3921/2675/3870 3436/2676/3871 3839/2496/3706
f 3921/2675/3870 3119/2664/3859 3914/2662/3857 3436/2676/3871
f 3118/2660/3855 3922/2677/3872 3436/2676/3871 3914/2662/3857
f 3922/2677/3872 3168/2494/3704 3839/2496/3706 3436/2676/3871
f 3168/2494/3704 3922/2677/3872 3437/2678/3873 3837/2492/3702
f 3922/2677/3872 3118/2660/3855 3912/2658/3853 3437/2678/3873
f 3117/2508/3718 3843/2505/3715 3437/2678/3873 3912/2658/3853
f 3843/2505/3715 3169/2489/3699 3837/2492/3702 3437/2678/3873
f 3115/2626/3821 3906/2647/3842 3438/2679/3874 3904/2645/3840
f 3906/2647/3842 3160/2481/3691 3923/2680/3875 3438/2679/3874
f 3170/2511/3721 3904/2645/3840 3438/2679/3874 3923/2680/3875
f 3170/2511/3721 3923/2680/3875 3439/2681/3876 3846/2507/3717
f 3923/2680/3875 3160/2481/3691 3830/2480/3690 3439/2681/3876
f 3116/2479/3689 3835/2490/3700 3439/2681/3876 3830/2480/3690
f 3835/2490/3700 3169/2489/3699 3846/2507/3717 3439/2681/3876
f 3178/2275/3485 3924/2682/3877 3440/2683/3878 3726/2270/3480
f 3924/2682/3877 3179/2684/3879 3925/2685/3880 3440/2683/3878
f 3171/2653/3848 3908/2651/3846 3440/2683/3878 3925/2685/3880
f 3908/2651/3846 3061/2267/3477 3726/2270/3480 3440/2683/3878
f 3171/2653/3848 3925/2685/3880 3441/2686/3881 3928/2687/3882
f 3925/2685/3880 3179/2684/3879 3926/2688/3883 3441/2686/3881
f 3180/2689/3884 3927/2690/3885 3441/2686/3881 3926/2688/3883
f 3927/2690/3885 3172/2104/3320 3928/2687/3882 3441/2686/3881
f 3180/2689/3884 3929/2691/3886 3442/2692/3887 3927/2690/3885
f 3929/2691/3886 3181/2693/3888 3930/2694/3889 3442/2692/3887
f 3173/2089/3305 3642/2100/3316 3442/2692/3887 3930/2694/3889
f 3642/2100/3316 3172/2104/3320 3927/2690/3885 3442/2692/3887
f 3181/2693/3888 3931/2695/3890 3443/2696/3891 3930/2694/3889
f 3931/2695/3890 3182/2697/3892 3932/2698/3893 3443/2696/3891
f 3174/2081/3297 3635/2084/3300 3443/2696/3891 3932/2698/3893
f 3635/2084/3300 3173/2089/3305 3930/2694/3889 3443/2696/3891
f 3257/2699/3894 3933/2700/3895 3444/2701/3896 3936/2702/3897
f 3933/2700/3895 3241/2703/3898 3934/2704/3899 3444/2701/3896
f 3230/2705/3900 3935/2706/3901 3444/2701/3896 3934/2704/3899
f 3935/2706/3901 3231/2707/3902 3936/2702/3897 3444/2701/3896
f 3176/2046/3262 3614/2043/3259 3445/2708/3903 3825/2471/3681
f 3614/2043/3259 3008/2042/3258 3826/2472/3682 3445/2708/3903
f 3113/2122/3338 3937/2709/3904 3445/2708/3903 3826/2472/3682
f 3937/2709/3904 3177/2273/3483 3825/2471/3681 3445/2708/3903
f 3177/2273/3483 3937/2709/3904 3446/2710/3905 3725/2274/3484
f 3937/2709/3904 3113/2122/3338 3650/2119/3335 3446/2710/3905
f 3062/2118/3334 3938/2711/3906 3446/2710/3905 3650/2119/3335
f 3938/2711/3906 3178/2275/3485 3725/2274/3484 3446/2710/3905
f 3178/2275/3485 3938/2711/3906 3447/2712/3907 3924/2682/3877
f 3938/2711/3906 3062/2118/3334 3939/2713/3908 3447/2712/3907
f 3163/2714/3909 3940/2715/3910 3447/2712/3907 3939/2713/3908
f 3940/2715/3910 3179/2684/3879 3924/2682/3877 3447/2712/3907
f 3179/2684/3879 3940/2715/3910 3448/2716/3911 3926/2688/3883
f 3940/2715/3910 3163/2714/3909 3941/2717/3912 3448/2716/3911
f 3033/2718/3913 3942/2719/3914 3448/2716/3911 3941/2717/3912
f 3942/2719/3914 3180/2689/3884 3926/2688/3883 3448/2716/3911
f 3180/2689/3884 3942/2719/3914 3449/2720/3915 3929/2691/3886
f 3942/2719/3914 3033/2718/3913 3943/2721/3916 3449/2720/3915
f 3034/2722/3917 3944/2723/3918 3449/2720/3915 3943/2721/3916
f 3944/2723/3918 3181/2693/3888 3929/2691/3886 3449/2720/3915
f 3181/2693/3888 3944/2723/3918 3450/2724/3919 3931/2695/3890
f 3944/2723/3918 3034/2722/3917 3945/2725/3920 3450/2724/3919
f 3035/2726/3921 3946/2727/3922 3450/2724/3919 3945/2725/3920
f 3946/2727/3922 3182/2697/3892 3931/2695/3890 3450/2724/3919
f 3036/2728/3923 3947/2729/3924 3451/2730/3925 3949/2731/3926
f 3947/2729/3924 3257/2699/3894 3936/2702/3897 3451/2730/3925
f 3231/2707/3902 3948/2732/3927 3451/2730/3925 3936/2702/3897
f 3948/2732/3927 3232/2733/3928 3949/2731/3926 3451/2730/3925
f 3241/2703/3898 3950/2734/3929 3452/2735/3930 3934/2704/3899
f 3950/2734/3929 3252/2079/3295 3630/2078/3294 3452/2735/3930
f 3229/2077/3293 3951/2736/3931 3452/2735/3930 3630/2078/3294
f 3951/2736/3931 3230/2705/3900 3934/2704/3899 3452/2735/3930
f 3183/2085/3301 3952/2737/3932 3453/2738/3933 3633/2086/3302
f 3952/2737/3932 3030/2060/3276 3624/2063/3279 3453/2738/3933
f 3031/2051/3267 3953/2739/3934 3453/2738/3933 3624/2063/3279
f 3953/2739/3934 3184/2087/3303 3633/2086/3302 3453/2738/3933
f 3031/2051/3267 3621/2054/3270 3454/2740/3935 3953/2739/3934
f 3621/2054/3270 3032/2059/3275 3645/2111/3327 3454/2740/3935
f 3185/2102/3318 3640/2101/3317 3454/2740/3935 3645/2111/3327
f 3640/2101/3317 3184/2087/3303 3953/2739/3934 3454/2740/3935
f 3186/2109/3325 3909/2654/3849 3455/2741/3936 3644/2110/3326
f 3909/2654/3849 3171/2653/3848 3928/2687/3882 3455/2741/3936
f 3172/2104/3320 3641/2103/3319 3455/2741/3936 3928/2687/3882
f 3641/2103/3319 3185/2102/3318 3644/2110/3326 3455/2741/3936
f 3158/2636/3831 3902/2641/3836 3456/2742/3937 3903/2643/3838
f 3902/2641/3836 3256/2640/3835 3954/2743/3938 3456/2742/3937
f 3258/2744/3939 3955/2745/3940 3456/2742/3937 3954/2743/3938
f 3955/2745/3940 3187/2475/3685 3903/2643/3838 3456/2742/3937
f 3187/2475/3685 3955/2745/3940 3457/2746/3941 3828/2476/3686
f 3955/2745/3940 3258/2744/3939 3956/2747/3942 3457/2746/3941
f 3114/2748/3943 3957/2749/3944 3457/2746/3941 3956/2747/3942
f 3957/2749/3944 3188/2124/3340 3828/2476/3686 3457/2746/3941
f 3188/2124/3340 3957/2749/3944 3458/2750/3945 3652/2125/3341
f 3957/2749/3944 3114/2748/3943 3958/2751/3946 3458/2750/3945
f 3242/2752/3947 3959/2753/3948 3458/2750/3945 3958/2751/3946
f 3959/2753/3948 3189/2126/3342 3652/2125/3341 3458/2750/3945
f 3189/2126/3342 3959/2753/3948 3459/2754/3949 3910/2657/3852
f 3959/2753/3948 3242/2752/3947 3960/2755/3950 3459/2754/3949
f 3164/2756/3951 3961/2757/3952 3459/2754/3949 3960/2755/3950
f 3961/2757/3952 3190/2132/3348 3910/2657/3852 3459/2754/3949
f 3190/2132/3348 3961/2757/3952 3460/2758/3953 3656/2128/3344
f 3961/2757/3952 3164/2756/3951 3962/2759/3954 3460/2758/3953
f 3243/2760/3955 3963/2761/3956 3460/2758/3953 3962/2759/3954
f 3963/2761/3956 3191/2116/3332 3656/2128/3344 3460/2758/3953
f 3191/2116/3332 3963/2761/3956 3461/2762/3957 3649/2117/3333
f 3963/2761/3956 3243/2760/3955 3964/2763/3958 3461/2762/3957
f 3259/2764/3959 3965/2765/3960 3461/2762/3957 3964/2763/3958
f 3965/2765/3960 3192/2094/3310 3649/2117/3333 3461/2762/3957
f 3192/2094/3310 3965/2765/3960 3462/2766/3961 3637/2095/3311
f 3965/2765/3960 3259/2764/3959 3966/2767/3962 3462/2766/3961
f 3260/2768/3963 3967/2769/3964 3462/2766/3961 3966/2767/3962
f 3967/2769/3964 3193/2096/3312 3637/2095/3311 3462/2766/3961
f 3260/2768/3963 3968/2770/3965 3463/2771/3966 3967/2769/3964
f 3968/2770/3965 3244/2772/3967 3969/2773/3968 3463/2771/3966
f 3234/2774/3969 3970/2775/3970 3463/2771/3966 3969/2773/3968
f 3970/2775/3970 3193/2096/3312 3967/2769/3964 3463/2771/3966
f 3261/2776/3971 3971/2777/3972 3464/2778/3973 3973/2779/3974
f 3971/2777/3972 3036/2728/3923 3949/2731/3926 3464/2778/3973
f 3232/2733/3928 3972/2780/3975 3464/2778/3973 3949/2731/3926
f 3972/2780/3975 3233/2781/3976 3973/2779/3974 3464/2778/3973
f 3194/2098/3314 3974/2782/3977 3465/2783/3978 3639/2093/3309
f 3974/2782/3977 3035/2726/3921 3945/2725/3920 3465/2783/3978
f 3034/2722/3917 3975/2784/3979 3465/2783/3978 3945/2725/3920
f 3975/2784/3979 3195/2090/3306 3639/2093/3309 3465/2783/3978
f 3034/2722/3917 3943/2721/3916 3466/2785/3980 3975/2784/3979
f 3943/2721/3916 3033/2718/3913 3976/2786/3981 3466/2785/3980
f 3196/2114/3330 3647/2112/3328 3466/2785/3980 3976/2786/3981
f 3647/2112/3328 3195/2090/3306 3975/2784/3979 3466/2785/3980
f 3196/2114/3330 3976/2786/3981 3467/2787/3982 3654/2129/3345
f 3976/2786/3981 3033/2718/3913 3941/2717/3912 3467/2787/3982
f 3163/2714/3909 3977/2788/3983 3467/2787/3982 3941/2717/3912
f 3977/2788/3983 3197/2130/3346 3654/2129/3345 3467/2787/3982
f 3197/2130/3346 3977/2788/3983 3468/2789/3984 3911/2656/3851
f 3977/2788/3983 3163/2714/3909 3939/2713/3908 3468/2789/3984
f 3062/2118/3334 3911/2656/3851 3468/2789/3984 3939/2713/3908
f 3198/2530/3740 3855/2527/3737 3469/2790/3985 3879/2568/3778
f 3855/2527/3737 3073/2336/3546 3760/2339/3549 3469/2790/3985
f 3074/2341/3551 3978/2791/3986 3469/2790/3985 3760/2339/3549
f 3978/2791/3986 3199/2460/3670 3879/2568/3778 3469/2790/3985
f 3074/2341/3551 3762/2343/3553 3470/2792/3987 3978/2791/3986
f 3762/2343/3553 3075/2345/3555 3979/2793/3988 3470/2792/3987
f 3200/2464/3674 3820/2461/3671 3470/2792/3987 3979/2793/3988
f 3820/2461/3671 3199/2460/3670 3978/2791/3986 3470/2792/3987
f 3075/2345/3555 3980/2794/3989 3471/2795/3990 3979/2793/3988
f 3980/2794/3989 3076/2177/3388 3676/2176/3387 3471/2795/3990
f 3016/2133/3349 3823/2467/3677 3471/2795/3990 3676/2176/3387
f 3823/2467/3677 3200/2464/3674 3979/2793/3988 3471/2795/3990
f 3201/1943/3160 3657/2134/3350 3472/2796/3991 3563/1944/3161
f 3657/2134/3350 3016/2133/3349 3675/2173/3385 3472/2796/3991
f 3041/1945/3162 3563/1944/3161 3472/2796/3991 3675/2173/3385
f 3205/2403/3613 3981/2797/3992 3473/2798/3993 3789/2404/3614
f 3981/2797/3992 3206/2799/3994 3982/2800/3995 3473/2798/3993
f 3202/1985/3201 3585/1984/3200 3473/2798/3993 3982/2800/3995
f 3585/1984/3200 3209/1983/3199 3789/2404/3614 3473/2798/3993
f 3206/2799/3994 3983/2801/3996 3474/2802/3997 3982/2800/3995
f 3983/2801/3996 3207/2803/3998 3984/2804/3999 3474/2802/3997
f 3203/2017/3233 3601/2016/3232 3474/2802/3997 3984/2804/3999
f 3601/2016/3232 3202/1985/3201 3982/2800/3995 3474/2802/3997
f 3207/2803/3998 3985/2805/4000 3475/2806/4001 3984/2804/3999
f 3985/2805/4000 3208/2328/3538 3752/2327/3537 3475/2806/4001
f 3130/2326/3536 3867/2552/3762 3475/2806/4001 3752/2327/3537
f 3867/2552/3762 3203/2017/3233 3984/2804/3999 3475/2806/4001
f 3204/2401/3611 3986/2807/4002 3476/2808/4003 3788/2402/3612
f 3986/2807/4002 3046/2405/3615 3792/2408/3618 3476/2808/4003
f 3086/1968/3184 3987/2809/4004 3476/2808/4003 3792/2408/3618
f 3987/2809/4004 3205/2403/3613 3788/2402/3612 3476/2808/4003
f 3205/2403/3613 3987/2809/4004 3477/2810/4005 3981/2797/3992
f 3987/2809/4004 3086/1968/3184 3576/1967/3183 3477/2810/4005
f 3071/1966/3182 3988/2811/4006 3477/2810/4005 3576/1967/3183
f 3988/2811/4006 3206/2799/3994 3981/2797/3992 3477/2810/4005
f 3071/1966/3182 3750/2317/3527 3478/2812/4007 3988/2811/4006
f 3750/2317/3527 3072/2321/3531 3989/2813/4008 3478/2812/4007
f 3207/2803/3998 3983/2801/3996 3478/2812/4007 3989/2813/4008
f 3983/2801/3996 3206/2799/3994 3988/2811/4006 3478/2812/4007
f 3072/2321/3531 3990/2814/4009 3479/2815/4010 3989/2813/4008
f 3990/2814/4009 3211/2816/4011 3991/2817/4012 3479/2815/4010
f 3208/2328/3538 3985/2805/4000 3479/2815/4010 3991/2817/4012
f 3985/2805/4000 3207/2803/3998 3989/2813/4008 3479/2815/4010
f 3209/1983/3199 3584/1980/3196 3480/2818/4013 3790/2400/3610
f 3584/1980/3196 3085/1979/3195 3787/2396/3606 3480/2818/4013
f 2998/2395/3605 3574/2819/4014 3480/2818/4013 3787/2396/3606
f 3574/2819/4014 3210/2397/3607 3790/2400/3610 3480/2818/4013
f 3003/2319/3529 3869/2553/3763 3481/2820/4015 3749/2320/3530
f 3869/2553/3763 3131/2356/3566 3992/2821/4016 3481/2820/4015
f 3211/2816/4011 3990/2814/4009 3481/2820/4015 3992/2821/4016
f 3990/2814/4009 3072/2321/3531 3749/2320/3530 3481/2820/4015
f 3131/2356/3566 3766/2353/3563 3482/2822/4017 3992/2821/4016
f 3766/2353/3563 3077/2352/3562 3993/2823/4018 3482/2822/4017
f 3212/2824/4019 3994/2825/4020 3482/2822/4017 3993/2823/4018
f 3994/2825/4020 3211/2816/4011 3992/2821/4016 3482/2822/4017
f 3077/2352/3562 3814/2449/3659 3483/2826/4021 3993/2823/4018
f 3814/2449/3659 3107/1975/3191 3995/2827/4022 3483/2826/4021
f 3213/2828/4023 3996/2829/4024 3483/2826/4021 3995/2827/4022
f 3996/2829/4024 3212/2824/4019 3993/2823/4018 3483/2826/4021
f 3107/1975/3191 3579/1972/3188 3484/2830/4025 3995/2827/4022
f 3579/1972/3188 3004/1971/3187 3698/2214/3424 3484/2830/4025
f 3156/2218/3428 3997/2831/4026 3484/2830/4025 3698/2214/3424
f 3997/2831/4026 3213/2828/4023 3995/2827/4022 3484/2830/4025
f 3211/2816/4011 3994/2825/4020 3485/2832/4027 3991/2817/4012
f 3994/2825/4020 3212/2824/4019 3998/2833/4028 3485/2832/4027
f 3214/2330/3540 3753/2329/3539 3485/2832/4027 3998/2833/4028
f 3753/2329/3539 3208/2328/3538 3991/2817/4012 3485/2832/4027
f 3212/2824/4019 3996/2829/4024 3486/2834/4029 3998/2833/4028
f 3996/2829/4024 3213/2828/4023 3999/2835/4030 3486/2834/4029
f 3215/2254/3464 3813/2448/3658 3486/2834/4029 3999/2835/4030
f 3813/2448/3658 3214/2330/3540 3998/2833/4028 3486/2834/4029
f 3156/2218/3428 4000/2836/4031 3487/2837/4032 3997/2831/4026
f 4000/2836/4031 3216/2248/3458 3716/2251/3461 3487/2837/4032
f 3215/2254/3464 3999/2835/4030 3487/2837/4032 3716/2251/3461
f 3999/2835/4030 3213/2828/4023 3997/2831/4026 3487/2837/4032
f 3156/2218/3428 3809/2442/3652 3488/2838/4033 4000/2836/4031
f 3809/2442/3652 3155/2367/3577 3772/2365/3575 3488/2838/4033
f 3052/2243/3453 3811/2444/3654 3488/2838/4033 3772/2365/3575
f 3811/2444/3654 3216/2248/3458 4000/2836/4031 3488/2838/4033
f 3047/2389/3599 3785/2387/3597 3489/2839/4034 3685/2840/4035
f 3785/2387/3597 3083/1994/3210 4001/2841/4036 3489/2839/4034
f 3217/1957/3173 3783/2386/3596 3489/2839/4034 4001/2841/4036
f 3783/2386/3596 3235/2385/3595 3685/2840/4035 3489/2839/4034
f 3083/1994/3210 3593/1997/3213 3490/2842/4037 4001/2841/4036
f 3593/1997/3213 3022/1999/3215 4002/2843/4038 3490/2842/4037
f 3218/1959/3175 3570/1958/3174 3490/2842/4037 4002/2843/4038
f 3570/1958/3174 3217/1957/3173 4001/2841/4036 3490/2842/4037
f 3022/1999/3215 3599/2007/3223 3491/2844/4039 4002/2843/4038
f 3599/2007/3223 3023/2011/3227 4003/2845/4040 3491/2844/4039
f 3219/2003/3219 3594/2002/3218 3491/2844/4039 4003/2845/4040
f 3594/2002/3218 3218/1959/3175 4002/2843/4038 3491/2844/4039
f 3219/2003/3219 4003/2845/4040 3492/2846/4041 3859/2536/3746
f 4003/2845/4040 3023/2011/3227 3862/2541/3751 3492/2846/4041
f 3127/2540/3750 4004/2847/4042 3492/2846/4041 3862/2541/3751
f 4004/2847/4042 3220/2537/3747 3859/2536/3746 3492/2846/4041
f 3127/2540/3750 3872/2558/3768 3493/2848/4043 4004/2847/4042
f 3872/2558/3768 3134/2201/3411 4005/2849/4044 3493/2848/4043
f 3221/2199/3409 3871/2557/3767 3493/2848/4043 4005/2849/4044
f 3871/2557/3767 3220/2537/3747 4004/2847/4042 3493/2848/4043
f 3134/2201/3411 3692/2204/3414 3494/2850/4045 4005/2849/4044
f 3692/2204/3414 3049/2029/3245 4006/2851/4046 3494/2850/4045
f 3222/2026/3242 3689/2200/3410 3494/2850/4045 4006/2851/4046
f 3689/2200/3410 3221/2199/3409 4005/2849/4044 3494/2850/4045
f 3049/2029/3245 3611/2032/3248 3495/2852/4047 4006/2851/4046
f 3611/2032/3248 3166/2037/3253 4007/2853/4048 3495/2852/4047
f 3223/2028/3244 3606/2027/3243 3495/2852/4047 4007/2853/4048
f 3606/2027/3243 3222/2026/3242 4006/2851/4046 3495/2852/4047
f 3166/2037/3253 3915/2665/3860 3496/2854/4049 4007/2853/4048
f 3915/2665/3860 3119/2664/3859 4008/2855/4050 3496/2854/4049
f 3224/2671/3866 3917/2670/3865 3496/2854/4049 4008/2855/4050
f 3917/2670/3865 3223/2028/3244 4007/2853/4048 3496/2854/4049
f 3119/2664/3859 3921/2675/3870 3497/2856/4051 4008/2855/4050
f 3921/2675/3870 3167/2498/3708 4009/2857/4052 3497/2856/4051
f 3225/2503/3713 3920/2674/3869 3497/2856/4051 4009/2857/4052
f 3920/2674/3869 3224/2671/3866 4008/2855/4050 3497/2856/4051
f 3167/2498/3708 3838/2497/3707 3498/2858/4053 4009/2857/4052
f 3838/2497/3707 3028/2263/3473 4010/2859/4054 3498/2858/4053
f 3226/2259/3469 3842/2504/3714 3498/2858/4053 4010/2859/4054
f 3842/2504/3714 3225/2503/3713 4009/2857/4052 3498/2858/4053
f 3028/2263/3473 3720/2261/3471 3499/2860/4055 4010/2859/4054
f 3720/2261/3471 3058/2064/3280 4011/2861/4056 3499/2860/4055
f 3227/2072/3288 3719/2260/3470 3499/2860/4055 4011/2861/4056
f 3719/2260/3470 3226/2259/3469 4010/2859/4054 3499/2860/4055
f 3058/2064/3280 3622/2061/3277 3500/2862/4057 4011/2861/4056
f 3622/2061/3277 3030/2060/3276 4012/2863/4058 3500/2862/4057
f 3228/2074/3290 3627/2073/3289 3500/2862/4057 4012/2863/4058
f 3627/2073/3289 3227/2072/3288 4011/2861/4056 3500/2862/4057
f 3228/2074/3290 4012/2863/4058 3501/2864/4059 3629/2075/3291
f 4012/2863/4058 3030/2060/3276 3952/2737/3932 3501/2864/4059
f 3183/2085/3301 4013/2865/4060 3501/2864/4059 3952/2737/3932
f 4013/2865/4060 3229/2077/3293 3629/2075/3291 3501/2864/4059
f 3183/2085/3301 3632/2082/3298 3502/2866/4061 4013/2865/4060
f 3632/2082/3298 3174/2081/3297 4014/2867/4062 3502/2866/4061
f 3230/2705/3900 3951/2736/3931 3502/2866/4061 4014/2867/4062
f 3951/2736/3931 3229/2077/3293 4013/2865/4060 3502/2866/4061
f 3174/2081/3297 3932/2698/3893 3503/2868/4063 4014/2867/4062
f 3932/2698/3893 3182/2697/3892 4015/2869/4064 3503/2868/4063
f 3231/2707/3902 3935/2706/3901 3503/2868/4063 4015/2869/4064
f 3935/2706/3901 3230/2705/3900 4014/2867/4062 3503/2868/4063
f 3231/2707/3902 4015/2869/4064 3504/2870/4065 3948/2732/3927
f 4015/2869/4064 3182/2697/3892 3946/2727/3922 3504/2870/4065
f 3035/2726/3921 4016/2871/4066 3504/2870/4065 3946/2727/3922
f 4016/2871/4066 3232/2733/3928 3948/2732/3927 3504/2870/4065
f 3232/2733/3928 4016/2871/4066 3505/2872/4067 3972/2780/3975
f 4016/2871/4066 3035/2726/3921 3974/2782/3977 3505/2872/4067
f 3194/2098/3314 4017/2873/4068 3505/2872/4067 3974/2782/3977
f 4017/2873/4068 3233/2781/3976 3972/2780/3975 3505/2872/4067
f 3194/2098/3314 3638/2097/3313 3506/2874/4069 4017/2873/4068
f 3638/2097/3313 3193/2096/3312 3970/2775/3970 3506/2874/4069
f 3234/2774/3969 4018/2875/4070 3506/2874/4069 3970/2775/3970
f 4018/2875/4070 3233/2781/3976 4017/2873/4068 3506/2874/4069
f 3244/2772/3967 4019/2876/4071 3507/2877/4072 3969/2773/3968
f 4019/2876/4071 3261/2776/3971 3973/2779/3974 3507/2877/4072
f 3233/2781/3976 4018/2875/4070 3507/2877/4072 3973/2779/3974
f 4018/2875/4070 3234/2774/3969 3969/2773/3968 3507/2877/4072
f 3014/2301/3511 4020/2878/4073 3508/2879/4074 3761/2344/3554
f 4020/2878/4073 3262/2351/3561 3764/2350/3560 3508/2879/4074
f 3076/2177/3388 3980/2794/3989 3508/2879/4074 3764/2350/3560
f 3980/2794/3989 3075/2345/3555 3761/2344/3554 3508/2879/4074
f 3014/2301/3511 3739/2300/3510 3509/2880/4075 4020/2878/4073
f 3739/2300/3510 3069/2194/3404 3683/2193/3403 3509/2880/4075
f 3095/2192/3402 4021/2881/4076 3509/2880/4075 3683/2193/3403
f 4021/2881/4076 3262/2351/3561 4020/2878/4073 3509/2880/4075
f 3095/2192/3402 3682/2191/3401 3510/2882/4077 4021/2881/4076
f 3682/2191/3401 3121/2180/3390 3849/2517/3727 3510/2882/4077
f 3263/2516/3726 3851/2522/3732 3510/2882/4077 3849/2517/3727
f 3851/2522/3732 3262/2351/3561 4021/2881/4076 3510/2882/4077
f 4023/1837/4078 4534/1840/4079 4285/1839/4080 4531/1838/4081
f 4531/1838/4081 4285/1839/4080 4532/1842/4082 4024/1841/4083
f 4114/1843/4084 4532/1842/4082 4285/1839/4080 4533/1844/4085
f 4533/1844/4085 4285/1839/4080 4534/1840/4079 4112/1845/4086
f 4132/1846/4087 4538/1849/4088 4286/1848/4089 4535/1847/4090
f 4535/1847/4090 4286/1848/4089 4536/1851/4091 4061/1850/4092
f 4119/1852/4093 4536/1851/4091 4286/1848/4089 4537/1853/4094
f 4537/1853/4094 4286/1848/4089 4538/1849/4088 4036/1854/4095
f 4031/1855/4096 4542/1858/4097 4287/1857/4098 4539/1856/4099
f 4539/1856/4099 4287/1857/4098 4540/1860/4100 4029/1859/4101
f 4163/1861/4102 4540/1860/4100 4287/1857/4098 4541/1862/4103
f 4541/1862/4103 4287/1857/4098 4542/1858/4097 4164/1863/4104
f 4034/1864/4105 4546/1867/4106 4288/1866/4107 4543/1865/4108
f 4543/1865/4108 4288/1866/4107 4544/1869/4109 4127/1868/4110
f 4128/1870/4111 4544/1869/4109 4288/1866/4107 4545/1871/4112
f 4545/1871/4112 4288/1866/4107 4546/1867/4106 4045/1872/4113
f 4266/1873/4114 4550/1876/4115 4289/1875/4116 4547/1874/4117
f 4547/1874/4117 4289/1875/4116 4548/1878/4118 4258/1877/4119
f 4088/1879/4120 4548/1878/4118 4289/1875/4116 4549/1880/4121
f 4549/1880/4121 4289/1875/4116 4550/1876/4115 4089/1881/4122
f 4126/1882/4123 4553/1885/4124 4290/1884/4125 4551/1883/4126
f 4551/1883/4126 4290/1884/4125 4543/1865/4108 4127/1868/4110
f 4034/1864/4105 4543/1865/4108 4290/1884/4125 4552/1886/4127
f 4552/1886/4127 4290/1884/4125 4553/1885/4124 4033/1887/4128
f 4258/1877/4119 4548/1878/4118 4291/1889/4129 4554/1888/4130
f 4554/1888/4130 4291/1889/4129 4555/1891/4131 4259/1890/4132
f 4087/1892/4133 4555/1891/4131 4291/1889/4129 4556/1893/4134
f 4556/1893/4134 4291/1889/4129 4548/1878/4118 4088/1879/4120
f 4068/1894/4135 4559/1897/4136 4292/1896/4137 4557/1895/4138
f 4557/1895/4138 4292/1896/4137 4532/1842/4082 4114/1843/4084
f 4024/1841/4083 4532/1842/4082 4292/1896/4137 4558/1898/4139
f 4558/1898/4139 4292/1896/4137 4559/1897/4136 4115/1899/4140
f 4114/1843/4084 4562/1901/4141 4293/1900/4142 4557/1895/4138
f 4557/1895/4138 4293/1900/4142 4560/1902/4143 4068/1894/4135
f 4069/1903/4144 4560/1902/4143 4293/1900/4142 4561/1904/4145
f 4561/1904/4145 4293/1900/4142 4562/1901/4141 4113/1905/4146
f 4062/1906/4147 4565/1909/4148 4294/1908/4149 4563/1907/4150
f 4563/1907/4150 4294/1908/4149 4564/1911/4151 4120/1910/4152
f 4119/1852/4093 4564/1911/4151 4294/1908/4149 4536/1851/4091
f 4536/1851/4091 4294/1908/4149 4565/1909/4148 4061/1850/4092
f 4042/1912/4153 4569/1915/4154 4295/1914/4155 4566/1913/4156
f 4566/1913/4156 4295/1914/4155 4567/1917/4157 4035/1916/4158
f 4120/1910/4152 4567/1917/4157 4295/1914/4155 4568/1918/4159
f 4568/1918/4159 4295/1914/4155 4569/1915/4154 4121/1919/4160
f 4045/1872/4113 4572/1921/4161 4296/1920/4162 4545/1871/4112
f 4545/1871/4112 4296/1920/4162 4570/1922/4163 4128/1870/4111
f 4129/1923/4164 4570/1922/4163 4296/1920/4162 4571/1924/4165
f 4571/1924/4165 4296/1920/4162 4572/1921/4161 4122/1925/4166
f 4089/1881/4122 4550/1876/4115 4297/1927/4167 4573/1926/4168
f 4573/1926/4168 4297/1927/4167 4574/1929/4169 4123/1928/4170
f 3246/1930/3147 4574/1929/4169 4297/1927/4167 3556/1931/3148
f 3556/1931/3148 4297/1927/4167 4550/1876/4115 4266/1873/4114
f 4043/1932/4171 4579/1935/4172 4298/1934/4173 4576/1933/4174
f 4576/1933/4174 4298/1934/4173 4577/1937/4175 4041/1936/4176
f 4066/1938/4177 4577/1937/4175 4298/1934/4173 4578/1939/4178
f 4578/1939/4178 4298/1934/4173 4579/1935/4172 4067/1940/4179
f 4041/1936/4176 4577/1937/4175 4299/1942/4180 4580/1941/4181
f 4580/1941/4181 4299/1942/4180 4581/1944/4182 4224/1943/4183
f 4065/1945/4184 4581/1944/4182 4299/1942/4180 4582/1946/4185
f 4582/1946/4185 4299/1942/4180 4577/1937/4175 4066/1938/4177
f 4065/1947/4184 4585/1950/4186 4300/1949/4187 4583/1948/4188
f 4583/1948/4188 4300/1949/4187 4584/1952/4189 4116/1951/4190
f 4106/1953/4191 4590/1956/4192 4301/1955/4193 4587/1954/4194
f 4587/1954/4194 4301/1955/4193 4588/1958/4195 4240/1957/4196
f 4241/1959/4197 4588/1958/4195 4301/1955/4193 4589/1960/4198
f 4589/1960/4198 4301/1955/4193 4590/1956/4192 4267/1961/4199
f 4147/1962/4200 4596/1965/4201 4302/1964/4202 4593/1963/4203
f 4593/1963/4203 4302/1964/4202 4594/1967/4204 4095/1966/4205
f 4110/1968/4206 4594/1967/4204 4302/1964/4202 4595/1969/4207
f 4595/1969/4207 4302/1964/4202 4596/1965/4201 4146/1970/4208
f 4028/1971/4209 4600/1974/4210 4303/1973/4211 4597/1972/4212
f 4597/1972/4212 4303/1973/4211 4598/1976/4213 4130/1975/4214
f 4131/1977/4215 4598/1976/4213 4303/1973/4211 4599/1978/4216
f 4599/1978/4216 4303/1973/4211 4600/1974/4210 4029/1859/4101
f 4109/1979/4217 4605/1982/4218 4304/1981/4219 4602/1980/4220
f 4602/1980/4220 4304/1981/4219 4603/1984/4221 4232/1983/4222
f 4225/1985/4223 4603/1984/4221 4304/1981/4219 4604/1986/4224
f 4604/1986/4224 4304/1981/4219 4605/1982/4218 4049/1987/4225
f 4108/1988/4226 4608/1991/4227 4305/1990/4228 4606/1989/4229
f 4606/1989/4229 4305/1990/4228 4605/1982/4218 4109/1979/4217
f 4049/1987/4225 4605/1982/4218 4305/1990/4228 4607/1992/4230
f 4607/1992/4230 4305/1990/4228 4608/1991/4227 4048/1993/4231
f 4107/1994/4232 4611/1997/4233 4306/1996/4234 4609/1995/4235
f 4609/1995/4235 4306/1996/4234 4608/1991/4227 4108/1988/4226
f 4048/1993/4231 4608/1991/4227 4306/1996/4234 4610/1998/4236
f 4610/1998/4236 4306/1996/4234 4611/1997/4233 4046/1999/4237
f 4267/1961/4199 4614/2001/4238 4307/2000/4239 4589/1960/4198
f 4589/1960/4198 4307/2000/4239 4612/2002/4240 4241/1959/4197
f 4242/2003/4241 4612/2002/4240 4307/2000/4239 4613/2004/4242
f 4613/2004/4242 4307/2000/4239 4614/2001/4238 4268/2005/4243
f 4046/1999/4237 4617/2007/4244 4308/2006/4245 4610/1998/4236
f 4610/1998/4236 4308/2006/4245 4615/2008/4246 4048/1993/4231
f 4050/2009/4247 4615/2008/4246 4308/2006/4245 4616/2010/4248
f 4616/2010/4248 4308/2006/4245 4617/2007/4244 4047/2011/4249
f 4051/2012/4250 4620/2015/4251 4309/2014/4252 4618/2013/4253
f 4618/2013/4253 4309/2014/4252 4604/1986/4224 4049/1987/4225
f 4225/1985/4223 4604/1986/4224 4309/2014/4252 4619/2016/4254
f 4619/2016/4254 4309/2014/4252 4620/2015/4251 4226/2017/4255
f 4049/1987/4225 4607/1992/4230 4310/2018/4256 4618/2013/4253
f 4618/2013/4253 4310/2018/4256 4621/2019/4257 4051/2012/4250
f 4050/2009/4247 4621/2019/4257 4310/2018/4256 4615/2008/4246
f 4615/2008/4246 4310/2018/4256 4607/1992/4230 4048/1993/4231
f 4269/2020/4258 4625/2023/4259 4311/2022/4260 4622/2021/4261
f 4622/2021/4261 4311/2022/4260 4623/2025/4262 4270/2024/4263
f 4244/2026/4264 4623/2025/4262 4311/2022/4260 4624/2027/4265
f 4624/2027/4265 4311/2022/4260 4625/2023/4259 4245/2028/4266
f 4073/2029/4267 4629/2032/4268 4312/2031/4269 4626/2030/4270
f 4626/2030/4270 4312/2031/4269 4627/2034/4271 4074/2033/4272
f 4188/2035/4273 4627/2034/4271 4312/2031/4269 4628/2036/4274
f 4628/2036/4274 4312/2031/4269 4629/2032/4268 4189/2037/4275
f 4029/1859/4101 4600/1974/4210 4313/2038/4276 4539/1856/4099
f 4539/1856/4099 4313/2038/4276 4630/2039/4277 4031/1855/4096
f 4030/2040/4278 4630/2039/4277 4313/2038/4276 4631/2041/4279
f 4631/2041/4279 4313/2038/4276 4600/1974/4210 4028/1971/4209
f 4032/2042/4280 4635/2045/4281 4314/2044/4282 4632/2043/4283
f 4632/2043/4283 4314/2044/4282 4633/2047/4284 4199/2046/4285
f 4198/2048/4286 4633/2047/4284 4314/2044/4282 4634/2049/4287
f 4634/2049/4287 4314/2044/4282 4635/2045/4281 4180/2050/4288
f 4055/2051/4289 4639/2054/4290 4315/2053/4291 4636/2052/4292
f 4636/2052/4292 4315/2053/4291 4637/2056/4293 4083/2055/4294
f 4084/2057/4295 4637/2056/4293 4315/2053/4291 4638/2058/4296
f 4638/2058/4296 4315/2053/4291 4639/2054/4290 4056/2059/4297
f 4054/2060/4298 4642/2063/4299 4316/2062/4300 4640/2061/4301
f 4640/2061/4301 4316/2062/4300 4641/2065/4302 4082/2064/4303
f 4083/2055/4294 4641/2065/4302 4316/2062/4300 4636/2052/4292
f 4636/2052/4292 4316/2062/4300 4642/2063/4299 4055/2051/4289
f 4271/2066/4304 4646/2069/4305 4317/2068/4306 4643/2067/4307
f 4643/2067/4307 4317/2068/4306 4644/2071/4308 4260/2070/4309
f 4249/2072/4310 4644/2071/4308 4317/2068/4306 4645/2073/4311
f 4645/2073/4311 4317/2068/4306 4646/2069/4305 4250/2074/4312
f 4250/2074/4312 4646/2069/4305 4318/2076/4313 4647/2075/4314
f 4647/2075/4314 4318/2076/4313 4648/2078/4315 4251/2077/4316
f 4272/2079/4317 4648/2078/4315 4318/2076/4313 4649/2080/4318
f 4649/2080/4318 4318/2076/4313 4646/2069/4305 4271/2066/4304
f 4197/2081/4319 4653/2084/4320 4319/2083/4321 4650/2082/4322
f 4650/2082/4322 4319/2083/4321 4651/2086/4323 4206/2085/4324
f 4207/2087/4325 4651/2086/4323 4319/2083/4321 4652/2088/4326
f 4652/2088/4326 4319/2083/4321 4653/2084/4320 4196/2089/4327
f 4218/2090/4328 4657/2093/4329 4320/2092/4330 4654/2091/4331
f 4654/2091/4331 4320/2092/4330 4655/2095/4332 4215/2094/4333
f 4216/2096/4334 4655/2095/4332 4320/2092/4330 4656/2097/4335
f 4656/2097/4335 4320/2092/4330 4657/2093/4329 4217/2098/4336
f 4196/2089/4327 4660/2100/4337 4321/2099/4338 4652/2088/4326
f 4652/2088/4326 4321/2099/4338 4658/2101/4339 4207/2087/4325
f 4208/2102/4340 4658/2101/4339 4321/2099/4338 4659/2103/4341
f 4659/2103/4341 4321/2099/4338 4660/2100/4337 4195/2104/4342
f 4185/2105/4343 4664/2108/4344 4322/2107/4345 4661/2106/4346
f 4661/2106/4346 4322/2107/4345 4662/2110/4347 4209/2109/4348
f 4208/2102/4340 4662/2110/4347 4322/2107/4345 4663/2111/4349
f 4663/2111/4349 4322/2107/4345 4664/2108/4344 4056/2059/4297
f 4218/2090/4328 4654/2091/4331 4323/2113/4350 4665/2112/4351
f 4665/2112/4351 4323/2113/4350 4666/2115/4352 4219/2114/4353
f 4214/2116/4354 4666/2115/4352 4323/2113/4350 4667/2117/4355
f 4667/2117/4355 4323/2113/4350 4654/2091/4331 4215/2094/4333
f 4086/2118/4356 4671/2121/4357 4324/2120/4358 4668/2119/4359
f 4668/2119/4359 4324/2120/4358 4669/2123/4360 4136/2122/4361
f 4211/2124/4362 4669/2123/4360 4324/2120/4358 4670/2125/4363
f 4670/2125/4363 4324/2120/4358 4671/2121/4357 4212/2126/4364
f 4214/2116/4354 4674/2128/4365 4325/2127/4366 4666/2115/4352
f 4666/2115/4352 4325/2127/4366 4672/2129/4367 4219/2114/4353
f 4220/2130/4368 4672/2129/4367 4325/2127/4366 4673/2131/4369
f 4673/2131/4369 4325/2127/4366 4674/2128/4365 4213/2132/4370
f 4040/2133/4371 4678/2136/4372 4326/2135/4373 4675/2134/4374
f 4675/2134/4374 4326/2135/4373 4676/2137/4375 4224/1943/4183
f 4061/1850/4092 4676/2137/4375 4326/2135/4373 4677/2138/4376
f 4677/2138/4376 4326/2135/4373 4678/2136/4372 4133/2139/4377
f 4224/1943/4183 4676/2137/4375 4327/2140/4378 4580/1941/4181
f 4580/1941/4181 4327/2140/4378 4679/2141/4379 4041/1936/4176
f 4062/1906/4147 4679/2141/4379 4327/2140/4378 4565/1909/4148
f 4565/1909/4148 4327/2140/4378 4676/2137/4375 4061/1850/4092
f 4041/1936/4176 4679/2141/4379 4328/2142/4380 4576/1933/4174
f 4576/1933/4174 4328/2142/4380 4680/2143/4381 4043/1932/4171
f 4063/2144/4382 4680/2143/4381 4328/2142/4380 4681/2145/4383
f 4681/2145/4383 4328/2142/4380 4679/2141/4379 4062/1906/4147
f 4167/2146/4384 4684/2149/4385 4329/2148/4386 4575/2147/4387
f 4575/2147/4387 4329/2148/4386 4682/2151/4388 4044/2150/4389
f 4064/2152/4390 4682/2151/4388 4329/2148/4386 4683/2153/4391
f 4683/2153/4391 4329/2148/4386 4684/2149/4385 4166/2154/4392
f 3239/2155/3371 3667/2158/3374 3310/2157/3373 4685/2156/4393
f 4685/2156/4393 3310/2157/3373 4686/2160/4394 4090/2159/4395
f 4066/2161/4177 4687/2164/4396 4330/2163/4397 4582/2162/4185
f 4582/2162/4185 4330/2163/4397 4585/1950/4186 4065/1947/4184
f 4067/2165/4179 4688/2168/4398 4331/2167/4399 4578/2166/4178
f 4578/2166/4178 4331/2167/4399 4687/2164/4396 4066/2161/4177
f 4168/2169/4400 4690/2172/4401 4332/2171/4402 4689/2170/4403
f 4689/2170/4403 4332/2171/4402 4688/2168/4398 4067/2165/4179
f 4065/1945/4184 4583/2175/4188 4333/2174/4404 4692/2173/4405
f 4692/2173/4405 4333/2174/4404 4693/2176/4406 4040/2133/4371
f 4100/2177/4407 4693/2176/4406 4333/2174/4404 4694/2178/4408
f 4694/2178/4408 4333/2174/4404 4583/2175/4188 4116/2179/4190
f 4144/2180/4409 4698/2183/4410 4334/2182/4411 4695/2181/4412
f 4695/2181/4412 4334/2182/4411 4696/2185/4413 4169/2184/4414
f 4172/2186/4415 4696/2185/4413 4334/2182/4411 4697/2187/4416
f 4697/2187/4416 4334/2182/4411 4698/2183/4410 4173/2188/4417
f 4169/2184/4414 4701/2190/4418 4335/2189/4419 4695/2181/4412
f 4695/2181/4412 4335/2189/4419 4699/2191/4420 4144/2180/4409
f 4118/2192/4421 4699/2191/4420 4335/2189/4419 4700/2193/4422
f 4700/2193/4422 4335/2189/4419 4701/2190/4418 4093/2194/4423
f 4270/2024/4263 4623/2025/4262 4336/2196/4424 4704/2195/4425
f 4704/2195/4425 4336/2196/4424 4705/2198/4426 4156/2197/4427
f 4243/2199/4428 4705/2198/4426 4336/2196/4424 4706/2200/4429
f 4706/2200/4429 4336/2196/4424 4623/2025/4262 4244/2026/4264
f 4157/2201/4430 4709/2204/4431 4337/2203/4432 4707/2202/4433
f 4707/2202/4433 4337/2203/4432 4708/2206/4434 4158/2205/4435
f 4074/2033/4272 4708/2206/4434 4337/2203/4432 4626/2030/4270
f 4626/2030/4270 4337/2203/4432 4709/2204/4431 4073/2029/4267
f 4074/2033/4272 4712/2208/4436 4338/2207/4437 4708/2206/4434
f 4708/2206/4434 4338/2207/4437 4710/2209/4438 4158/2205/4435
f 4159/2210/4439 4710/2209/4438 4338/2207/4437 4711/2211/4440
f 4711/2211/4440 4338/2207/4437 4712/2208/4436 4075/2212/4441
f 4028/1971/4209 4715/2214/4442 4339/2213/4443 4631/2041/4279
f 4631/2041/4279 4339/2213/4443 4713/2215/4444 4030/2040/4278
f 4125/2216/4445 4713/2215/4444 4339/2213/4443 4714/2217/4446
f 4714/2217/4446 4339/2213/4443 4715/2214/4442 4179/2218/4447
f 4125/2216/4445 4718/2221/4448 4340/2220/4449 4716/2219/4450
f 4716/2219/4450 4340/2220/4449 4633/2047/4284 4198/2048/4286
f 4199/2046/4285 4633/2047/4284 4340/2220/4449 4717/2222/4451
f 4717/2222/4451 4340/2220/4449 4718/2221/4448 4077/2223/4452
f 4078/2224/4453 4721/2227/4454 4341/2226/4455 4719/2225/4456
f 4719/2225/4456 4341/2226/4455 4630/2039/4277 4030/2040/4278
f 4031/1855/4096 4630/2039/4277 4341/2226/4455 4720/2228/4457
f 4720/2228/4457 4341/2226/4455 4721/2227/4454 4079/2229/4458
f 4079/2229/4458 4723/2231/4459 4342/2230/4460 4720/2228/4457
f 4720/2228/4457 4342/2230/4460 4542/1858/4097 4031/1855/4096
f 4164/1863/4104 4542/1858/4097 4342/2230/4460 4722/2232/4461
f 4722/2232/4461 4342/2230/4460 4723/2231/4459 4165/2233/4462
f 4165/2233/4462 4726/2236/4463 4343/2235/4464 4724/2234/4465
f 4724/2234/4465 4343/2235/4464 4566/1913/4156 4035/1916/4158
f 4042/1912/4153 4566/1913/4156 4343/2235/4464 4725/2237/4466
f 4725/2237/4466 4343/2235/4464 4726/2236/4463 4080/2238/4467
f 4177/2239/4468 4730/2242/4469 4344/2241/4470 4727/2240/4471
f 4727/2240/4471 4344/2241/4470 4728/2244/4472 4076/2243/4473
f 4175/2245/4474 4728/2244/4472 4344/2241/4470 4729/2246/4475
f 4729/2246/4475 4344/2241/4470 4730/2242/4469 4176/2247/4476
f 4239/2248/4477 4733/2251/4478 4345/2250/4479 4731/2249/4480
f 4731/2249/4480 4345/2250/4479 4732/2253/4481 4160/2252/4482
f 4238/2254/4483 4732/2253/4481 4345/2250/4479 4733/2251/4478
f 4260/2070/4309 4644/2071/4308 4346/2256/4484 4734/2255/4485
f 4734/2255/4485 4346/2256/4484 4735/2258/4486 4273/2257/4487
f 4248/2259/4488 4735/2258/4486 4346/2256/4484 4736/2260/4489
f 4736/2260/4489 4346/2256/4484 4644/2071/4308 4249/2072/4310
f 4082/2064/4303 4641/2065/4302 4347/2262/4490 4737/2261/4491
f 4737/2261/4491 4347/2262/4490 4738/2264/4492 4052/2263/4493
f 4053/2265/4494 4738/2264/4492 4347/2262/4490 4739/2266/4495
f 4739/2266/4495 4347/2262/4490 4641/2065/4302 4083/2055/4294
f 4085/2267/4496 4743/2270/4497 4348/2269/4498 4740/2268/4499
f 4740/2268/4499 4348/2269/4498 4741/2272/4500 4135/2271/4501
f 4200/2273/4502 4741/2272/4500 4348/2269/4498 4742/2274/4503
f 4742/2274/4503 4348/2269/4498 4743/2270/4497 4201/2275/4504
f 4087/1892/4133 4556/1893/4134 4349/2277/4505 4744/2276/4506
f 4744/2276/4506 4349/2277/4505 4552/1886/4127 4033/1887/4128
f 4034/1864/4105 4552/1886/4127 4349/2277/4505 4745/2278/4507
f 4745/2278/4507 4349/2277/4505 4556/1893/4134 4088/1879/4120
f 4034/1864/4105 4745/2278/4507 4350/2279/4508 4546/1867/4106
f 4546/1867/4106 4350/2279/4508 4746/2280/4509 4045/1872/4113
f 4089/1881/4122 4746/2280/4509 4350/2279/4508 4549/1880/4121
f 4549/1880/4121 4350/2279/4508 4745/2278/4507 4088/1879/4120
f 4045/1872/4113 4746/2280/4509 4351/2281/4510 4572/1921/4161
f 4572/1921/4161 4351/2281/4510 4747/2282/4511 4122/1925/4166
f 4123/1928/4170 4747/2282/4511 4351/2281/4510 4573/1926/4168
f 4573/1926/4168 4351/2281/4510 4746/2280/4509 4089/1881/4122
f 4090/2159/4395 4686/2160/4394 4352/2284/4512 4748/2283/4513
f 4748/2283/4513 4352/2284/4512 4682/2151/4388 4064/2152/4390
f 4042/1912/4153 4725/2237/4466 4353/2285/4514 4569/1915/4154
f 4569/1915/4154 4353/2285/4514 4749/2286/4515 4121/1919/4160
f 4124/2287/4516 4749/2286/4515 4353/2285/4514 4750/2288/4517
f 4750/2288/4517 4353/2285/4514 4725/2237/4466 4080/2238/4467
f 4091/2289/4518 4753/2292/4519 4354/2291/4520 4751/2290/4521
f 4751/2290/4521 4354/2291/4520 4680/2143/4381 4063/2144/4382
f 4043/1932/4171 4680/2143/4381 4354/2291/4520 4752/2293/4522
f 4752/2293/4522 4354/2291/4520 4753/2292/4519 4092/2294/4523
f 4037/2295/4524 4757/2298/4525 4355/2297/4526 4754/2296/4527
f 4754/2296/4527 4355/2297/4526 4755/2299/4528 4069/1903/4144
f 4093/2194/4423 4755/2299/4528 4355/2297/4526 4756/2300/4529
f 4756/2300/4529 4355/2297/4526 4757/2298/4525 4038/2301/4530
f 4069/1903/4144 4561/1904/4145 4356/2302/4531 4754/2296/4527
f 4754/2296/4527 4356/2302/4531 4758/2303/4532 4037/2295/4524
f 4094/2304/4533 4758/2303/4532 4356/2302/4531 4759/2305/4534
f 4759/2305/4534 4356/2302/4531 4561/1904/4145 4113/1905/4146
f 4029/1859/4101 4540/1860/4100 4357/2306/4535 4599/1978/4216
f 4599/1978/4216 4357/2306/4535 4760/2307/4536 4131/1977/4215
f 4162/2308/4537 4760/2307/4536 4357/2306/4535 4761/2309/4538
f 4761/2309/4538 4357/2306/4535 4540/1860/4100 4163/1861/4102
f 4094/2304/4533 4759/2305/4534 4358/2311/4539 4762/2310/4540
f 4762/2310/4540 4358/2311/4539 4763/2313/4541 4026/2312/4542
f 4117/2314/4543 4763/2313/4541 4358/2311/4539 4764/2315/4544
f 4764/2315/4544 4358/2311/4539 4759/2305/4534 4113/1905/4146
f 4095/1966/4205 4767/2317/4545 4359/2316/4546 4593/1963/4203
f 4593/1963/4203 4359/2316/4546 4765/2318/4547 4147/1962/4200
f 4027/2319/4548 4765/2318/4547 4359/2316/4546 4766/2320/4549
f 4766/2320/4549 4359/2316/4546 4767/2317/4545 4096/2321/4550
f 4081/2322/4551 4771/2325/4552 4360/2324/4553 4768/2323/4554
f 4768/2323/4554 4360/2324/4553 4769/2327/4555 4153/2326/4556
f 4231/2328/4557 4769/2327/4555 4360/2324/4553 4770/2329/4558
f 4770/2329/4558 4360/2324/4553 4771/2325/4552 4237/2330/4559
f 4147/1962/4200 4765/2318/4547 4361/2332/4560 4772/2331/4561
f 4772/2331/4561 4361/2332/4560 4773/2333/4562 4026/2312/4542
f 4148/2334/4563 4773/2333/4562 4361/2332/4560 4774/2335/4564
f 4774/2335/4564 4361/2332/4560 4765/2318/4547 4027/2319/4548
f 4097/2336/4565 4777/2339/4566 4362/2338/4567 4775/2337/4568
f 4775/2337/4568 4362/2338/4567 4758/2303/4532 4094/2304/4533
f 4037/2295/4524 4758/2303/4532 4362/2338/4567 4776/2340/4569
f 4776/2340/4569 4362/2338/4567 4777/2339/4566 4098/2341/4570
f 4098/2341/4570 4779/2343/4571 4363/2342/4572 4776/2340/4569
f 4776/2340/4569 4363/2342/4572 4757/2298/4525 4037/2295/4524
f 4038/2301/4530 4757/2298/4525 4363/2342/4572 4778/2344/4573
f 4778/2344/4573 4363/2342/4572 4779/2343/4571 4099/2345/4574
f 4039/2346/4575 4782/2349/4576 4364/2348/4577 4780/2347/4578
f 4780/2347/4578 4364/2348/4577 4694/2178/4408 4116/2179/4190
f 4100/2177/4407 4694/2178/4408 4364/2348/4577 4781/2350/4579
f 4781/2350/4579 4364/2348/4577 4782/2349/4576 4282/2351/4580
f 4101/2352/4581 4786/2355/4582 4365/2354/4583 4783/2353/4584
f 4783/2353/4584 4365/2354/4583 4784/2357/4585 4154/2356/4586
f 4155/2358/4587 4784/2357/4585 4365/2354/4583 4785/2359/4588
f 4785/2359/4588 4365/2354/4583 4786/2355/4582 4102/2360/4589
f 4056/2059/4297 4664/2108/4344 4366/2361/4590 4638/2058/4296
f 4638/2058/4296 4366/2361/4590 4787/2362/4591 4084/2057/4295
f 4184/2363/4592 4787/2362/4591 4366/2361/4590 4788/2364/4593
f 4788/2364/4593 4366/2361/4590 4664/2108/4344 4185/2105/4343
f 4076/2243/4473 4728/2244/4472 4367/2366/4594 4789/2365/4595
f 4789/2365/4595 4367/2366/4594 4790/2368/4596 4178/2367/4597
f 4134/2369/4598 4790/2368/4596 4367/2366/4594 4791/2370/4599
f 4791/2370/4599 4367/2366/4594 4728/2244/4472 4175/2245/4474
f 4135/2271/4501 4794/2372/4600 4368/2371/4601 4740/2268/4499
f 4740/2268/4499 4368/2371/4601 4792/2373/4602 4085/2267/4496
f 4104/2374/4603 4792/2373/4602 4368/2371/4601 4793/2375/4604
f 4793/2375/4604 4368/2371/4601 4794/2372/4600 4134/2369/4598
f 4111/2376/4605 4798/2379/4606 4369/2378/4607 4796/2377/4608
f 4796/2377/4608 4369/2378/4607 4797/2380/4609 4112/1845/4086
f 4117/2314/4543 4797/2380/4609 4369/2378/4607 4763/2313/4541
f 4763/2313/4541 4369/2378/4607 4798/2379/4606 4026/2312/4542
f 4274/2381/4610 4801/2384/4611 4370/2383/4612 4799/2382/4613
f 4799/2382/4613 4370/2383/4612 4800/2386/4614 4257/2385/4615
f 4240/1957/4196 4800/2386/4614 4370/2383/4612 4587/1954/4194
f 4587/1954/4194 4370/2383/4612 4801/2384/4611 4106/1953/4191
f 4107/1994/4232 4609/1995/4235 4371/2388/4616 4802/2387/4617
f 4802/2387/4617 4371/2388/4616 4703/2390/4618 4071/2389/4619
f 4072/2391/4620 4703/2390/4618 4371/2388/4616 4803/2392/4621
f 4803/2392/4621 4371/2388/4616 4609/1995/4235 4108/1988/4226
f 4072/2391/4620 4803/2392/4621 4372/2394/4622 4601/2393/4623
f 4601/2393/4623 4372/2394/4622 4804/2396/4624 4022/2395/4625
f 4109/1979/4217 4804/2396/4624 4372/2394/4622 4606/1989/4229
f 4606/1989/4229 4372/2394/4622 4803/2392/4621 4108/1988/4226
f 4233/2397/4626 4807/2400/4627 4373/2399/4628 4591/2398/4629
f 4591/2398/4629 4373/2399/4628 4805/2402/4630 4227/2401/4631
f 4228/2403/4632 4805/2402/4630 4373/2399/4628 4806/2404/4633
f 4806/2404/4633 4373/2399/4628 4807/2400/4627 4232/1983/4222
f 4070/2405/4634 4809/2408/4635 4374/2407/4636 4530/2406/4637
f 4530/2406/4637 4374/2407/4636 4808/2410/4638 4145/2409/4639
f 4146/1970/4208 4808/2410/4638 4374/2407/4636 4595/1969/4207
f 4595/1969/4207 4374/2407/4636 4809/2408/4635 4110/1968/4206
f 4111/2376/4605 4796/2377/4608 4375/2412/4640 4810/2411/4641
f 4810/2411/4641 4375/2412/4640 4795/2414/4642 4105/2413/4643
f 4023/1837/4078 4795/2414/4642 4375/2412/4640 4534/1840/4079
f 4534/1840/4079 4375/2412/4640 4796/2377/4608 4112/1845/4086
f 4114/1843/4084 4533/1844/4085 4376/2415/4644 4562/1901/4141
f 4562/1901/4141 4376/2415/4644 4764/2315/4544 4113/1905/4146
f 4117/2314/4543 4764/2315/4544 4376/2415/4644 4797/2380/4609
f 4797/2380/4609 4376/2415/4644 4533/1844/4085 4112/1845/4086
f 4120/1910/4152 4564/1911/4151 4377/2416/4645 4567/1917/4157
f 4567/1917/4157 4377/2416/4645 4812/2417/4646 4035/1916/4158
f 4036/1854/4095 4812/2417/4646 4377/2416/4645 4537/1853/4094
f 4537/1853/4094 4377/2416/4645 4564/1911/4151 4119/1852/4093
f 4062/1906/4147 4563/1907/4150 4378/2418/4647 4681/2145/4383
f 4681/2145/4383 4378/2418/4647 4813/2419/4648 4063/2144/4382
f 4121/1919/4160 4813/2419/4648 4378/2418/4647 4568/1918/4159
f 4568/1918/4159 4378/2418/4647 4563/1907/4150 4120/1910/4152
f 4166/2154/4392 4815/2421/4649 4379/2420/4650 4683/2153/4391
f 4683/2153/4391 4379/2420/4650 4814/2422/4651 4064/2152/4390
f 4122/1925/4166 4814/2422/4651 4379/2420/4650 4571/1924/4165
f 4571/1924/4165 4379/2420/4650 4815/2421/4649 4129/1923/4164
f 4123/1928/4170 4574/1929/4169 4380/2424/4652 4816/2423/4653
f 4816/2423/4653 4380/2424/4652 4685/2156/4393 4090/2159/4395
f 3239/2155/3371 4685/2156/4393 4380/2424/4652 3800/2425/3635
f 3800/2425/3635 4380/2424/4652 4574/1929/4169 3246/1930/3147
f 4122/1925/4166 4747/2282/4511 4381/2426/4654 4814/2422/4651
f 4814/2422/4651 4381/2426/4654 4748/2283/4513 4064/2152/4390
f 4090/2159/4395 4748/2283/4513 4381/2426/4654 4816/2423/4653
f 4816/2423/4653 4381/2426/4654 4747/2282/4511 4123/1928/4170
f 4121/1919/4160 4749/2286/4515 4382/2427/4655 4813/2419/4648
f 4813/2419/4648 4382/2427/4655 4751/2290/4521 4063/2144/4382
f 4091/2289/4518 4751/2290/4521 4382/2427/4655 4817/2428/4656
f 4817/2428/4656 4382/2427/4655 4749/2286/4515 4124/2287/4516
f 4125/2216/4445 4716/2219/4450 4383/2429/4657 4713/2215/4444
f 4713/2215/4444 4383/2429/4657 4719/2225/4456 4030/2040/4278
f 4078/2224/4453 4719/2225/4456 4383/2429/4657 4818/2430/4658
f 4818/2430/4658 4383/2429/4657 4716/2219/4450 4198/2048/4286
f 4198/2048/4286 4820/2432/4659 4384/2431/4660 4818/2430/4658
f 4818/2430/4658 4384/2431/4660 4721/2227/4454 4078/2224/4453
f 4079/2229/4458 4721/2227/4454 4384/2431/4660 4819/2433/4661
f 4819/2433/4661 4384/2431/4660 4820/2432/4659 4126/1882/4123
f 4079/2229/4458 4819/2433/4661 4385/2434/4662 4723/2231/4459
f 4723/2231/4459 4385/2434/4662 4821/2435/4663 4165/2233/4462
f 4127/1868/4110 4821/2435/4663 4385/2434/4662 4551/1883/4126
f 4551/1883/4126 4385/2434/4662 4819/2433/4661 4126/1882/4123
f 4127/1868/4110 4544/1869/4109 4386/2436/4664 4821/2435/4663
f 4821/2435/4663 4386/2436/4664 4726/2236/4463 4165/2233/4462
f 4080/2238/4467 4726/2236/4463 4386/2436/4664 4822/2437/4665
f 4822/2437/4665 4386/2436/4664 4544/1869/4109 4128/1870/4111
f 4080/2238/4467 4822/2437/4665 4387/2438/4666 4750/2288/4517
f 4750/2288/4517 4387/2438/4666 4823/2439/4667 4124/2287/4516
f 4129/1923/4164 4823/2439/4667 4387/2438/4666 4570/1922/4163
f 4570/1922/4163 4387/2438/4666 4822/2437/4665 4128/1870/4111
f 4077/2223/4452 4718/2221/4448 4388/2441/4668 4824/2440/4669
f 4824/2440/4669 4388/2441/4668 4825/2442/4670 4178/2367/4597
f 4179/2218/4447 4825/2442/4670 4388/2441/4668 4714/2217/4446
f 4714/2217/4446 4388/2441/4668 4718/2221/4448 4125/2216/4445
f 4076/2243/4473 4827/2444/4671 4389/2443/4672 4727/2240/4471
f 4727/2240/4471 4389/2443/4672 4826/2445/4673 4177/2239/4468
f 4160/2252/4482 4826/2445/4673 4389/2443/4672 4731/2249/4480
f 4731/2249/4480 4389/2443/4672 4827/2444/4671 4239/2248/4477
f 4160/2252/4482 4732/2253/4481 4390/2447/4674 4828/2446/4675
f 4828/2446/4675 4390/2447/4674 4771/2325/4552 4081/2322/4551
f 4237/2330/4559 4771/2325/4552 4390/2447/4674 4829/2448/4676
f 4829/2448/4676 4390/2447/4674 4732/2253/4481 4238/2254/4483
f 4130/1975/4214 4598/1976/4213 4391/2450/4677 4830/2449/4678
f 4830/2449/4678 4391/2450/4677 4786/2355/4582 4101/2352/4581
f 4102/2360/4589 4786/2355/4582 4391/2450/4677 4831/2451/4679
f 4831/2451/4679 4391/2450/4677 4598/1976/4213 4131/1977/4215
f 4102/2360/4589 4831/2451/4679 4392/2453/4680 4832/2452/4681
f 4832/2452/4681 4392/2453/4680 4833/2455/4682 4161/2454/4683
f 4162/2308/4537 4833/2455/4682 4392/2453/4680 4760/2307/4536
f 4760/2307/4536 4392/2453/4680 4831/2451/4679 4131/1977/4215
f 4103/2456/4684 4835/2459/4685 4393/2458/4686 4834/2457/4687
f 4834/2457/4687 4393/2458/4686 4677/2138/4376 4133/2139/4377
f 4061/1850/4092 4677/2138/4376 4393/2458/4686 4535/1847/4090
f 4535/1847/4090 4393/2458/4686 4835/2459/4685 4132/1846/4087
f 4222/2460/4688 4838/2463/4689 4394/2462/4690 4836/2461/4691
f 4836/2461/4691 4394/2462/4690 4837/2465/4692 4223/2464/4693
f 4133/2139/4377 4837/2465/4692 4394/2462/4690 4834/2457/4687
f 4834/2457/4687 4394/2462/4690 4838/2463/4689 4103/2456/4684
f 4133/2139/4377 4678/2136/4372 4395/2466/4694 4837/2465/4692
f 4837/2465/4692 4395/2466/4694 4839/2467/4695 4223/2464/4693
f 4040/2133/4371 4839/2467/4695 4395/2466/4694 4678/2136/4372
f 4178/2367/4597 4790/2368/4596 4396/2468/4696 4824/2440/4669
f 4824/2440/4669 4396/2468/4696 4840/2469/4697 4077/2223/4452
f 4135/2271/4501 4840/2469/4697 4396/2468/4696 4794/2372/4600
f 4794/2372/4600 4396/2468/4696 4790/2368/4596 4134/2369/4598
f 4077/2223/4452 4840/2469/4697 4397/2470/4698 4717/2222/4451
f 4717/2222/4451 4397/2470/4698 4841/2471/4699 4199/2046/4285
f 4200/2273/4502 4841/2471/4699 4397/2470/4698 4741/2272/4500
f 4741/2272/4500 4397/2470/4698 4840/2469/4697 4135/2271/4501
f 4136/2122/4361 4669/2123/4360 4398/2473/4700 4842/2472/4701
f 4842/2472/4701 4398/2473/4700 4843/2474/4702 4032/2042/4280
f 4210/2475/4703 4843/2474/4702 4398/2473/4700 4844/2476/4704
f 4844/2476/4704 4398/2473/4700 4669/2123/4360 4211/2124/4362
f 4084/2057/4295 4787/2362/4591 4399/2478/4705 4845/2477/4706
f 4845/2477/4706 4399/2478/4705 4846/2480/4707 4139/2479/4708
f 4183/2481/4709 4846/2480/4707 4399/2478/4705 4847/2482/4710
f 4847/2482/4710 4399/2478/4705 4787/2362/4591 4184/2363/4592
f 4083/2055/4294 4637/2056/4293 4400/2483/4711 4739/2266/4495
f 4739/2266/4495 4400/2483/4711 4848/2484/4712 4053/2265/4494
f 4139/2479/4708 4848/2484/4712 4400/2483/4711 4845/2477/4706
f 4845/2477/4706 4400/2483/4711 4637/2056/4293 4084/2057/4295
f 4074/2033/4272 4627/2034/4271 4401/2485/4713 4712/2208/4436
f 4712/2208/4436 4401/2485/4713 4849/2486/4714 4075/2212/4441
f 4182/2487/4715 4849/2486/4714 4401/2485/4713 4850/2488/4716
f 4850/2488/4716 4401/2485/4713 4627/2034/4271 4188/2035/4273
f 4192/2489/4717 4853/2492/4718 4402/2491/4719 4851/2490/4720
f 4851/2490/4720 4402/2491/4719 4848/2484/4712 4139/2479/4708
f 4053/2265/4494 4848/2484/4712 4402/2491/4719 4852/2493/4721
f 4852/2493/4721 4402/2491/4719 4853/2492/4718 4191/2494/4722
f 4191/2494/4722 4855/2496/4723 4403/2495/4724 4852/2493/4721
f 4852/2493/4721 4403/2495/4724 4738/2264/4492 4053/2265/4494
f 4052/2263/4493 4738/2264/4492 4403/2495/4724 4854/2497/4725
f 4854/2497/4725 4403/2495/4724 4855/2496/4723 4190/2498/4726
f 4273/2257/4487 4735/2258/4486 4404/2500/4727 4856/2499/4728
f 4856/2499/4728 4404/2500/4727 4857/2502/4729 4275/2501/4730
f 4247/2503/4731 4857/2502/4729 4404/2500/4727 4858/2504/4732
f 4858/2504/4732 4404/2500/4727 4735/2258/4486 4248/2259/4488
f 4192/2489/4717 4862/2507/4733 4405/2506/4734 4859/2505/4735
f 4859/2505/4735 4405/2506/4734 4860/2509/4736 4140/2508/4737
f 4182/2487/4715 4860/2509/4736 4405/2506/4734 4861/2510/4738
f 4861/2510/4738 4405/2506/4734 4862/2507/4733 4193/2511/4739
f 4284/2512/4740 4866/2515/4741 4406/2514/4742 4864/2513/4743
f 4864/2513/4743 4406/2514/4742 4865/2517/4744 4283/2516/4745
f 4144/2180/4409 4865/2517/4744 4406/2514/4742 4698/2183/4410
f 4698/2183/4410 4406/2514/4742 4866/2515/4741 4173/2188/4417
f 4025/2518/4746 4868/2521/4747 4407/2520/4748 4691/2519/4749
f 4691/2519/4749 4407/2520/4748 4782/2349/4576 4039/2346/4575
f 4282/2351/4580 4782/2349/4576 4407/2520/4748 4867/2522/4750
f 4867/2522/4750 4407/2520/4748 4868/2521/4747 4283/2516/4745
f 4145/2409/4639 4808/2410/4638 4408/2524/4751 4869/2523/4752
f 4869/2523/4752 4408/2524/4751 4810/2411/4641 4105/2413/4643
f 4111/2376/4605 4810/2411/4641 4408/2524/4751 4870/2525/4753
f 4870/2525/4753 4408/2524/4751 4808/2410/4638 4146/1970/4208
f 4146/1970/4208 4596/1965/4201 4409/2526/4754 4870/2525/4753
f 4870/2525/4753 4409/2526/4754 4798/2379/4606 4111/2376/4605
f 4026/2312/4542 4798/2379/4606 4409/2526/4754 4772/2331/4561
f 4772/2331/4561 4409/2526/4754 4596/1965/4201 4147/1962/4200
f 4097/2336/4565 4874/2529/4755 4410/2528/4756 4871/2527/4757
f 4871/2527/4757 4410/2528/4756 4872/2531/4758 4221/2530/4759
f 4155/2358/4587 4872/2531/4758 4410/2528/4756 4873/2532/4760
f 4873/2532/4760 4410/2528/4756 4874/2529/4755 4148/2334/4563
f 4094/2304/4533 4762/2310/4540 4411/2533/4761 4775/2337/4568
f 4775/2337/4568 4411/2533/4761 4874/2529/4755 4097/2336/4565
f 4148/2334/4563 4874/2529/4755 4411/2533/4761 4773/2333/4562
f 4773/2333/4562 4411/2533/4761 4762/2310/4540 4026/2312/4542
f 4268/2005/4243 4877/2535/4762 4412/2534/4763 4613/2004/4242
f 4613/2004/4242 4412/2534/4763 4875/2536/4764 4242/2003/4241
f 3220/2537/4765 4875/2536/4764 4412/2534/4763 4876/2538/4766
f 4876/2538/4766 4412/2534/4763 4877/2535/4762 4149/2539/4767
f 4150/2540/4768 4880/2543/4769 4413/2542/4770 4878/2541/4771
f 4878/2541/4771 4413/2542/4770 4616/2010/4248 4047/2011/4249
f 4050/2009/4247 4616/2010/4248 4413/2542/4770 4879/2544/4772
f 4879/2544/4772 4413/2542/4770 4880/2543/4769 4151/2545/4773
f 4151/2545/4773 4882/2547/4774 4414/2546/4775 4879/2544/4772
f 4879/2544/4772 4414/2546/4775 4621/2019/4257 4050/2009/4247
f 4051/2012/4250 4621/2019/4257 4414/2546/4775 4881/2548/4776
f 4881/2548/4776 4414/2546/4775 4882/2547/4774 4152/2549/4777
f 4152/2549/4777 4884/2551/4778 4415/2550/4779 4881/2548/4776
f 4881/2548/4776 4415/2550/4779 4620/2015/4251 4051/2012/4250
f 4226/2017/4255 4620/2015/4251 4415/2550/4779 4883/2552/4780
f 4883/2552/4780 4415/2550/4779 4884/2551/4778 4153/2326/4556
f 4154/2356/4586 4784/2357/4585 4416/2554/4781 4885/2553/4782
f 4885/2553/4782 4416/2554/4781 4774/2335/4564 4027/2319/4548
f 4148/2334/4563 4774/2335/4564 4416/2554/4781 4873/2532/4760
f 4873/2532/4760 4416/2554/4781 4784/2357/4585 4155/2358/4587
f 4156/2197/4427 4705/2198/4426 4417/2556/4783 4886/2555/4784
f 4886/2555/4784 4417/2556/4783 4876/2538/4766 4149/2539/4767
f 3220/2537/4765 4876/2538/4766 4417/2556/4783 4887/2557/4785
f 4887/2557/4785 4417/2556/4783 4705/2198/4426 4243/2199/4428
f 4157/2201/4430 4707/2202/4433 4418/2559/4786 4888/2558/4787
f 4888/2558/4787 4418/2559/4786 4880/2543/4769 4150/2540/4768
f 4151/2545/4773 4880/2543/4769 4418/2559/4786 4889/2560/4788
f 4889/2560/4788 4418/2559/4786 4707/2202/4433 4158/2205/4435
f 4158/2205/4435 4710/2209/4438 4419/2561/4789 4889/2560/4788
f 4889/2560/4788 4419/2561/4789 4882/2547/4774 4151/2545/4773
f 4152/2549/4777 4882/2547/4774 4419/2561/4789 4890/2562/4790
f 4890/2562/4790 4419/2561/4789 4710/2209/4438 4159/2210/4439
f 4152/2549/4777 4890/2562/4790 4420/2563/4791 4884/2551/4778
f 4884/2551/4778 4420/2563/4791 4768/2323/4554 4153/2326/4556
f 4081/2322/4551 4768/2323/4554 4420/2563/4791 4891/2564/4792
f 4891/2564/4792 4420/2563/4791 4890/2562/4790 4159/2210/4439
f 4075/2212/4441 4892/2566/4793 4421/2565/4794 4711/2211/4440
f 4711/2211/4440 4421/2565/4794 4891/2564/4792 4159/2210/4439
f 4081/2322/4551 4891/2564/4792 4421/2565/4794 4828/2446/4675
f 4828/2446/4675 4421/2565/4794 4892/2566/4793 4160/2252/4482
f 4222/2460/4688 4895/2568/4795 4422/2567/4796 4838/2463/4689
f 4838/2463/4689 4422/2567/4796 4893/2569/4797 4103/2456/4684
f 4161/2454/4683 4893/2569/4797 4422/2567/4796 4894/2570/4798
f 4894/2570/4798 4422/2567/4796 4895/2568/4795 4221/2530/4759
f 4103/2456/4684 4893/2569/4797 4423/2571/4799 4835/2459/4685
f 4835/2459/4685 4423/2571/4799 4896/2572/4800 4132/1846/4087
f 4162/2308/4537 4896/2572/4800 4423/2571/4799 4833/2455/4682
f 4833/2455/4682 4423/2571/4799 4893/2569/4797 4161/2454/4683
f 4132/1846/4087 4896/2572/4800 4424/2573/4801 4538/1849/4088
f 4538/1849/4088 4424/2573/4801 4897/2574/4802 4036/1854/4095
f 4163/1861/4102 4897/2574/4802 4424/2573/4801 4761/2309/4538
f 4761/2309/4538 4424/2573/4801 4896/2572/4800 4162/2308/4537
f 4036/1854/4095 4897/2574/4802 4425/2575/4803 4812/2417/4646
f 4812/2417/4646 4425/2575/4803 4898/2576/4804 4035/1916/4158
f 4164/1863/4104 4898/2576/4804 4425/2575/4803 4541/1862/4103
f 4541/1862/4103 4425/2575/4803 4897/2574/4802 4163/1861/4102
f 4164/1863/4104 4722/2232/4461 4426/2577/4805 4898/2576/4804
f 4898/2576/4804 4426/2577/4805 4724/2234/4465 4035/1916/4158
f 4165/2233/4462 4724/2234/4465 4426/2577/4805 4722/2232/4461
f 4221/2530/4759 4872/2531/4758 4427/2578/4806 4894/2570/4798
f 4894/2570/4798 4427/2578/4806 4832/2452/4681 4161/2454/4683
f 4102/2360/4589 4832/2452/4681 4427/2578/4806 4785/2359/4588
f 4785/2359/4588 4427/2578/4806 4872/2531/4758 4155/2358/4587
f 4129/1923/4164 4815/2421/4649 4428/2579/4807 4823/2439/4667
f 4823/2439/4667 4428/2579/4807 4817/2428/4656 4124/2287/4516
f 4091/2289/4518 4817/2428/4656 4428/2579/4807 4899/2580/4808
f 4899/2580/4808 4428/2579/4807 4815/2421/4649 4166/2154/4392
f 4166/2154/4392 4684/2149/4385 4429/2581/4809 4899/2580/4808
f 4899/2580/4808 4429/2581/4809 4753/2292/4519 4091/2289/4518
f 4092/2294/4523 4753/2292/4519 4429/2581/4809 4900/2582/4810
f 4900/2582/4810 4429/2581/4809 4684/2149/4385 4167/2146/4384
f 4092/2294/4523 4900/2582/4810 4430/2584/4811 4901/2583/4812
f 4901/2583/4812 4430/2584/4811 4690/2586/4401 4168/2585/4400
f 4092/2294/4523 4901/2583/4812 4431/2587/4813 4752/2293/4522
f 4752/2293/4522 4431/2587/4813 4579/1935/4172 4043/1932/4171
f 4067/1940/4179 4579/1935/4172 4431/2587/4813 4689/2588/4403
f 4689/2588/4403 4431/2587/4813 4901/2583/4812 4168/2585/4400
f 4093/2194/4423 4701/2190/4418 4432/2589/4814 4755/2299/4528
f 4755/2299/4528 4432/2589/4814 4560/1902/4143 4069/1903/4144
f 4068/1894/4135 4560/1902/4143 4432/2589/4814 4902/2590/4815
f 4902/2590/4815 4432/2589/4814 4701/2190/4418 4169/2184/4414
f 4169/2184/4414 4696/2185/4413 4433/2591/4816 4902/2590/4815
f 4902/2590/4815 4433/2591/4816 4559/1897/4136 4068/1894/4135
f 4115/1899/4140 4559/1897/4136 4433/2591/4816 4903/2592/4817
f 4903/2592/4817 4433/2591/4816 4696/2185/4413 4172/2186/4415
f 4174/2593/4818 4906/2596/4819 4434/2595/4820 4586/2594/4821
f 4586/2594/4821 4434/2595/4820 4868/2521/4747 4025/2518/4746
f 4283/2516/4745 4868/2521/4747 4434/2595/4820 4864/2513/4743
f 4864/2513/4743 4434/2595/4820 4906/2596/4819 4284/2512/4740
f 4115/2597/4140 4903/2600/4817 4435/2599/4822 4904/2598/4823
f 4904/2598/4823 4435/2599/4822 4907/2602/4824 4170/2601/4825
f 4172/2603/4415 4907/2602/4824 4435/2599/4822 4903/2600/4817
f 4172/2604/4415 4697/2607/4416 4436/2606/4826 4907/2605/4824
f 4907/2605/4824 4436/2606/4826 4811/2609/4827 4170/2608/4825
f 4143/2610/4828 4811/2609/4827 4436/2606/4826 4908/2611/4829
f 4908/2611/4829 4436/2606/4826 4697/2607/4416 4173/2612/4417
f 4173/2612/4417 4866/2614/4741 4437/2613/4830 4908/2611/4829
f 4908/2611/4829 4437/2613/4830 4863/2615/4831 4143/2610/4828
f 4171/2616/4832 4863/2615/4831 4437/2613/4830 4909/2617/4833
f 4909/2617/4833 4437/2613/4830 4866/2614/4741 4284/2618/4740
f 4171/2616/4832 4909/2617/4833 4438/2620/4834 4905/2619/4835
f 4905/2619/4835 4438/2620/4834 4910/2883/4836
f 4174/2622/4818 4910/2621/4836 4438/2620/4834 4906/2623/4819
f 4906/2623/4819 4438/2620/4834 4909/2617/4833 4284/2618/4740
f 4134/2369/4598 4791/2370/4599 4439/2624/4837 4793/2375/4604
f 4793/2375/4604 4439/2624/4837 4911/2625/4838 4104/2374/4603
f 4138/2626/4839 4911/2625/4838 4439/2624/4837 4912/2627/4840
f 4912/2627/4840 4439/2624/4837 4791/2370/4599 4175/2245/4474
f 4138/2626/4839 4912/2627/4840 4440/2629/4841 4913/2628/4842
f 4913/2628/4842 4440/2629/4841 4914/2630/4843 4075/2212/4441
f 4176/2247/4476 4914/2630/4843 4440/2629/4841 4729/2246/4475
f 4729/2246/4475 4440/2629/4841 4912/2627/4840 4175/2245/4474
f 4160/2252/4482 4892/2566/4793 4441/2631/4844 4826/2445/4673
f 4826/2445/4673 4441/2631/4844 4730/2242/4469 4177/2239/4468
f 4176/2247/4476 4730/2242/4469 4441/2631/4844 4914/2630/4843
f 4914/2630/4843 4441/2631/4844 4892/2566/4793 4075/2212/4441
f 4126/1882/4123 4820/2432/4659 4442/2632/4845 4553/1885/4124
f 4553/1885/4124 4442/2632/4845 4915/2633/4846 4033/1887/4128
f 4180/2050/4288 4915/2633/4846 4442/2632/4845 4634/2049/4287
f 4634/2049/4287 4442/2632/4845 4820/2432/4659 4198/2048/4286
f 4033/1887/4128 4915/2633/4846 4443/2634/4847 4744/2276/4506
f 4744/2276/4506 4443/2634/4847 4916/2635/4848 4087/1892/4133
f 4181/2636/4849 4916/2635/4848 4443/2634/4847 4917/2637/4850
f 4917/2637/4850 4443/2634/4847 4915/2633/4846 4180/2050/4288
f 4087/1892/4133 4916/2635/4848 4444/2638/4851 4555/1891/4131
f 4555/1891/4131 4444/2638/4851 4918/2639/4852 4259/1890/4132
f 4276/2640/4853 4918/2639/4852 4444/2638/4851 4919/2641/4854
f 4919/2641/4854 4444/2638/4851 4916/2635/4848 4181/2636/4849
f 4032/2042/4280 4843/2474/4702 4445/2642/4855 4635/2045/4281
f 4635/2045/4281 4445/2642/4855 4917/2637/4850 4180/2050/4288
f 4181/2636/4849 4917/2637/4850 4445/2642/4855 4920/2643/4856
f 4920/2643/4856 4445/2642/4855 4843/2474/4702 4210/2475/4703
f 4075/2212/4441 4849/2486/4714 4446/2644/4857 4913/2628/4842
f 4913/2628/4842 4446/2644/4857 4921/2645/4858 4138/2626/4839
f 4193/2511/4739 4921/2645/4858 4446/2644/4857 4861/2510/4738
f 4861/2510/4738 4446/2644/4857 4849/2486/4714 4182/2487/4715
f 4138/2626/4839 4923/2647/4859 4447/2646/4860 4911/2625/4838
f 4911/2625/4838 4447/2646/4860 4922/2648/4861 4104/2374/4603
f 4184/2363/4592 4922/2648/4861 4447/2646/4860 4847/2482/4710
f 4847/2482/4710 4447/2646/4860 4923/2647/4859 4183/2481/4709
f 4104/2374/4603 4922/2648/4861 4448/2649/4862 4792/2373/4602
f 4792/2373/4602 4448/2649/4862 4924/2650/4863 4085/2267/4496
f 4185/2105/4343 4924/2650/4863 4448/2649/4862 4788/2364/4593
f 4788/2364/4593 4448/2649/4862 4922/2648/4861 4184/2363/4592
f 4085/2267/4496 4924/2650/4863 4449/2652/4864 4925/2651/4865
f 4925/2651/4865 4449/2652/4864 4926/2654/4866 4194/2653/4867
f 4209/2109/4348 4926/2654/4866 4449/2652/4864 4661/2106/4346
f 4661/2106/4346 4449/2652/4864 4924/2650/4863 4185/2105/4343
f 4086/2118/4356 4928/2656/4868 4450/2655/4869 4671/2121/4357
f 4671/2121/4357 4450/2655/4869 4927/2657/4870 4212/2126/4364
f 4213/2132/4370 4927/2657/4870 4450/2655/4869 4673/2131/4369
f 4673/2131/4369 4450/2655/4869 4928/2656/4868 4220/2130/4368
f 4140/2508/4737 4860/2509/4736 4451/2659/4871 4929/2658/4872
f 4929/2658/4872 4451/2659/4871 4930/2661/4873 4141/2660/4874
f 4188/2035/4273 4930/2661/4873 4451/2659/4871 4850/2488/4716
f 4850/2488/4716 4451/2659/4871 4860/2509/4736 4182/2487/4715
f 4141/2660/4874 4930/2661/4873 4452/2663/4875 4931/2662/4876
f 4931/2662/4876 4452/2663/4875 4932/2665/4877 4142/2664/4878
f 4189/2037/4275 4932/2665/4877 4452/2663/4875 4628/2036/4274
f 4628/2036/4274 4452/2663/4875 4930/2661/4873 4188/2035/4273
f 4261/2666/4879 4935/2669/4880 4453/2668/4881 4933/2667/4882
f 4933/2667/4882 4453/2668/4881 4625/2023/4259 4269/2020/4258
f 4245/2028/4266 4625/2023/4259 4453/2668/4881 4934/2670/4883
f 4934/2670/4883 4453/2668/4881 4935/2669/4880 4246/2671/4884
f 4275/2501/4730 4857/2502/4729 4454/2673/4885 4936/2672/4886
f 4936/2672/4886 4454/2673/4885 4935/2669/4880 4261/2666/4879
f 4246/2671/4884 4935/2669/4880 4454/2673/4885 4937/2674/4887
f 4937/2674/4887 4454/2673/4885 4857/2502/4729 4247/2503/4731
f 4190/2498/4726 4855/2496/4723 4455/2676/4888 4938/2675/4889
f 4938/2675/4889 4455/2676/4888 4931/2662/4876 4142/2664/4878
f 4141/2660/4874 4931/2662/4876 4455/2676/4888 4939/2677/4890
f 4939/2677/4890 4455/2676/4888 4855/2496/4723 4191/2494/4722
f 4191/2494/4722 4853/2492/4718 4456/2678/4891 4939/2677/4890
f 4939/2677/4890 4456/2678/4891 4929/2658/4872 4141/2660/4874
f 4140/2508/4737 4929/2658/4872 4456/2678/4891 4859/2505/4735
f 4859/2505/4735 4456/2678/4891 4853/2492/4718 4192/2489/4717
f 4138/2626/4839 4921/2645/4858 4457/2679/4892 4923/2647/4859
f 4923/2647/4859 4457/2679/4892 4940/2680/4893 4183/2481/4709
f 4193/2511/4739 4940/2680/4893 4457/2679/4892 4921/2645/4858
f 4193/2511/4739 4862/2507/4733 4458/2681/4894 4940/2680/4893
f 4940/2680/4893 4458/2681/4894 4846/2480/4707 4183/2481/4709
f 4139/2479/4708 4846/2480/4707 4458/2681/4894 4851/2490/4720
f 4851/2490/4720 4458/2681/4894 4862/2507/4733 4192/2489/4717
f 4201/2275/4504 4743/2270/4497 4459/2683/4895 4941/2682/4896
f 4941/2682/4896 4459/2683/4895 4942/2685/4897 4202/2684/4898
f 4194/2653/4867 4942/2685/4897 4459/2683/4895 4925/2651/4865
f 4925/2651/4865 4459/2683/4895 4743/2270/4497 4085/2267/4496
f 4194/2653/4867 4945/2687/4899 4460/2686/4900 4942/2685/4897
f 4942/2685/4897 4460/2686/4900 4943/2688/4901 4202/2684/4898
f 4203/2689/4902 4943/2688/4901 4460/2686/4900 4944/2690/4903
f 4944/2690/4903 4460/2686/4900 4945/2687/4899 4195/2104/4342
f 4203/2689/4902 4944/2690/4903 4461/2692/4904 4946/2691/4905
f 4946/2691/4905 4461/2692/4904 4947/2694/4906 4204/2693/4907
f 4196/2089/4327 4947/2694/4906 4461/2692/4904 4660/2100/4337
f 4660/2100/4337 4461/2692/4904 4944/2690/4903 4195/2104/4342
f 4204/2693/4907 4947/2694/4906 4462/2696/4908 4948/2695/4909
f 4948/2695/4909 4462/2696/4908 4949/2698/4910 4205/2697/4911
f 4197/2081/4319 4949/2698/4910 4462/2696/4908 4653/2084/4320
f 4653/2084/4320 4462/2696/4908 4947/2694/4906 4196/2089/4327
f 4277/2699/4912 4953/2702/4913 4463/2701/4914 4950/2700/4915
f 4950/2700/4915 4463/2701/4914 4951/2704/4916 4262/2703/4917
f 4252/2705/4918 4951/2704/4916 4463/2701/4914 4952/2706/4919
f 4952/2706/4919 4463/2701/4914 4953/2702/4913 4253/2707/4920
f 4199/2046/4285 4841/2471/4699 4464/2708/4921 4632/2043/4283
f 4632/2043/4283 4464/2708/4921 4842/2472/4701 4032/2042/4280
f 4136/2122/4361 4842/2472/4701 4464/2708/4921 4954/2709/4922
f 4954/2709/4922 4464/2708/4921 4841/2471/4699 4200/2273/4502
f 4200/2273/4502 4742/2274/4503 4465/2710/4923 4954/2709/4922
f 4954/2709/4922 4465/2710/4923 4668/2119/4359 4136/2122/4361
f 4086/2118/4356 4668/2119/4359 4465/2710/4923 4955/2711/4924
f 4955/2711/4924 4465/2710/4923 4742/2274/4503 4201/2275/4504
f 4201/2275/4504 4941/2682/4896 4466/2712/4925 4955/2711/4924
f 4955/2711/4924 4466/2712/4925 4956/2713/4926 4086/2118/4356
f 4186/2714/4927 4956/2713/4926 4466/2712/4925 4957/2715/4928
f 4957/2715/4928 4466/2712/4925 4941/2682/4896 4202/2684/4898
f 4202/2684/4898 4943/2688/4901 4467/2716/4929 4957/2715/4928
f 4957/2715/4928 4467/2716/4929 4958/2717/4930 4186/2714/4927
f 4057/2718/4931 4958/2717/4930 4467/2716/4929 4959/2719/4932
f 4959/2719/4932 4467/2716/4929 4943/2688/4901 4203/2689/4902
f 4203/2689/4902 4946/2691/4905 4468/2720/4933 4959/2719/4932
f 4959/2719/4932 4468/2720/4933 4960/2721/4934 4057/2718/4931
f 4058/2722/4935 4960/2721/4934 4468/2720/4933 4961/2723/4936
f 4961/2723/4936 4468/2720/4933 4946/2691/4905 4204/2693/4907
f 4204/2693/4907 4948/2695/4909 4469/2724/4937 4961/2723/4936
f 4961/2723/4936 4469/2724/4937 4962/2725/4938 4058/2722/4935
f 4059/2726/4939 4962/2725/4938 4469/2724/4937 4963/2727/4940
f 4963/2727/4940 4469/2724/4937 4948/2695/4909 4205/2697/4911
f 4060/2728/4941 4966/2731/4942 4470/2730/4943 4964/2729/4944
f 4964/2729/4944 4470/2730/4943 4953/2702/4913 4277/2699/4912
f 4253/2707/4920 4953/2702/4913 4470/2730/4943 4965/2732/4945
f 4965/2732/4945 4470/2730/4943 4966/2731/4942 4254/2733/4946
f 4262/2703/4917 4951/2704/4916 4471/2735/4947 4967/2734/4948
f 4967/2734/4948 4471/2735/4947 4648/2078/4315 4272/2079/4317
f 4251/2077/4316 4648/2078/4315 4471/2735/4947 4968/2736/4949
f 4968/2736/4949 4471/2735/4947 4951/2704/4916 4252/2705/4918
f 4206/2085/4324 4651/2086/4323 4472/2738/4950 4969/2737/4951
f 4969/2737/4951 4472/2738/4950 4642/2063/4299 4054/2060/4298
f 4055/2051/4289 4642/2063/4299 4472/2738/4950 4970/2739/4952
f 4970/2739/4952 4472/2738/4950 4651/2086/4323 4207/2087/4325
f 4055/2051/4289 4970/2739/4952 4473/2740/4953 4639/2054/4290
f 4639/2054/4290 4473/2740/4953 4663/2111/4349 4056/2059/4297
f 4208/2102/4340 4663/2111/4349 4473/2740/4953 4658/2101/4339
f 4658/2101/4339 4473/2740/4953 4970/2739/4952 4207/2087/4325
f 4209/2109/4348 4662/2110/4347 4474/2741/4954 4926/2654/4866
f 4926/2654/4866 4474/2741/4954 4945/2687/4899 4194/2653/4867
f 4195/2104/4342 4945/2687/4899 4474/2741/4954 4659/2103/4341
f 4659/2103/4341 4474/2741/4954 4662/2110/4347 4208/2102/4340
f 4181/2636/4849 4920/2643/4856 4475/2742/4955 4919/2641/4854
f 4919/2641/4854 4475/2742/4955 4971/2743/4956 4276/2640/4853
f 4278/2744/4957 4971/2743/4956 4475/2742/4955 4972/2745/4958
f 4972/2745/4958 4475/2742/4955 4920/2643/4856 4210/2475/4703
f 4210/2475/4703 4844/2476/4704 4476/2746/4959 4972/2745/4958
f 4972/2745/4958 4476/2746/4959 4973/2747/4960 4278/2744/4957
f 4137/2748/4961 4973/2747/4960 4476/2746/4959 4974/2749/4962
f 4974/2749/4962 4476/2746/4959 4844/2476/4704 4211/2124/4362
f 4211/2124/4362 4670/2125/4363 4477/2750/4963 4974/2749/4962
f 4974/2749/4962 4477/2750/4963 4975/2751/4964 4137/2748/4961
f 4263/2752/4965 4975/2751/4964 4477/2750/4963 4976/2753/4966
f 4976/2753/4966 4477/2750/4963 4670/2125/4363 4212/2126/4364
f 4212/2126/4364 4927/2657/4870 4478/2754/4967 4976/2753/4966
f 4976/2753/4966 4478/2754/4967 4977/2755/4968 4263/2752/4965
f 4187/2756/4969 4977/2755/4968 4478/2754/4967 4978/2757/4970
f 4978/2757/4970 4478/2754/4967 4927/2657/4870 4213/2132/4370
f 4213/2132/4370 4674/2128/4365 4479/2758/4971 4978/2757/4970
f 4978/2757/4970 4479/2758/4971 4979/2759/4972 4187/2756/4969
f 4264/2760/4973 4979/2759/4972 4479/2758/4971 4980/2761/4974
f 4980/2761/4974 4479/2758/4971 4674/2128/4365 4214/2116/4354
f 4214/2116/4354 4667/2117/4355 4480/2762/4975 4980/2761/4974
f 4980/2761/4974 4480/2762/4975 4981/2763/4976 4264/2760/4973
f 4279/2764/4977 4981/2763/4976 4480/2762/4975 4982/2765/4978
f 4982/2765/4978 4480/2762/4975 4667/2117/4355 4215/2094/4333
f 4215/2094/4333 4655/2095/4332 4481/2766/4979 4982/2765/4978
f 4982/2765/4978 4481/2766/4979 4983/2767/4980 4279/2764/4977
f 4280/2768/4981 4983/2767/4980 4481/2766/4979 4984/2769/4982
f 4984/2769/4982 4481/2766/4979 4655/2095/4332 4216/2096/4334
f 4280/2768/4981 4984/2769/4982 4482/2771/4983 4985/2770/4984
f 4985/2770/4984 4482/2771/4983 4986/2773/4985 4265/2772/4986
f 4256/2774/4987 4986/2773/4985 4482/2771/4983 4987/2775/4988
f 4987/2775/4988 4482/2771/4983 4984/2769/4982 4216/2096/4334
f 4281/2776/4989 4990/2779/4990 4483/2778/4991 4988/2777/4992
f 4988/2777/4992 4483/2778/4991 4966/2731/4942 4060/2728/4941
f 4254/2733/4946 4966/2731/4942 4483/2778/4991 4989/2780/4993
f 4989/2780/4993 4483/2778/4991 4990/2779/4990 4255/2781/4994
f 4217/2098/4336 4657/2093/4329 4484/2783/4995 4991/2782/4996
f 4991/2782/4996 4484/2783/4995 4962/2725/4938 4059/2726/4939
f 4058/2722/4935 4962/2725/4938 4484/2783/4995 4992/2784/4997
f 4992/2784/4997 4484/2783/4995 4657/2093/4329 4218/2090/4328
f 4058/2722/4935 4992/2784/4997 4485/2785/4998 4960/2721/4934
f 4960/2721/4934 4485/2785/4998 4993/2786/4999 4057/2718/4931
f 4219/2114/4353 4993/2786/4999 4485/2785/4998 4665/2112/4351
f 4665/2112/4351 4485/2785/4998 4992/2784/4997 4218/2090/4328
f 4219/2114/4353 4672/2129/4367 4486/2787/5000 4993/2786/4999
f 4993/2786/4999 4486/2787/5000 4958/2717/4930 4057/2718/4931
f 4186/2714/4927 4958/2717/4930 4486/2787/5000 4994/2788/5001
f 4994/2788/5001 4486/2787/5000 4672/2129/4367 4220/2130/4368
f 4220/2130/4368 4928/2656/4868 4487/2789/5002 4994/2788/5001
f 4994/2788/5001 4487/2789/5002 4956/2713/4926 4186/2714/4927
f 4086/2118/4356 4956/2713/4926 4487/2789/5002 4928/2656/4868
f 4221/2530/4759 4895/2568/4795 4488/2790/5003 4871/2527/4757
f 4871/2527/4757 4488/2790/5003 4777/2339/4566 4097/2336/4565
f 4098/2341/4570 4777/2339/4566 4488/2790/5003 4995/2791/5004
f 4995/2791/5004 4488/2790/5003 4895/2568/4795 4222/2460/4688
f 4098/2341/4570 4995/2791/5004 4489/2792/5005 4779/2343/4571
f 4779/2343/4571 4489/2792/5005 4996/2793/5006 4099/2345/4574
f 4223/2464/4693 4996/2793/5006 4489/2792/5005 4836/2461/4691
f 4836/2461/4691 4489/2792/5005 4995/2791/5004 4222/2460/4688
f 4099/2345/4574 4996/2793/5006 4490/2795/5007 4997/2794/5008
f 4997/2794/5008 4490/2795/5007 4693/2176/4406 4100/2177/4407
f 4040/2133/4371 4693/2176/4406 4490/2795/5007 4839/2467/4695
f 4839/2467/4695 4490/2795/5007 4996/2793/5006 4223/2464/4693
f 4224/1943/4183 4581/1944/4182 4491/2796/5009 4675/2134/4374
f 4675/2134/4374 4491/2796/5009 4692/2173/4405 4040/2133/4371
f 4065/1945/4184 4692/2173/4405 4491/2796/5009 4581/1944/4182
f 4228/2403/4632 4806/2404/4633 4492/2798/5010 4998/2797/5011
f 4998/2797/5011 4492/2798/5010 4999/2800/5012 4229/2799/5013
f 4225/1985/4223 4999/2800/5012 4492/2798/5010 4603/1984/4221
f 4603/1984/4221 4492/2798/5010 4806/2404/4633 4232/1983/4222
f 4229/2799/5013 4999/2800/5012 4493/2802/5014 5000/2801/5015
f 5000/2801/5015 4493/2802/5014 5001/2804/5016 4230/2803/5017
f 4226/2017/4255 5001/2804/5016 4493/2802/5014 4619/2016/4254
f 4619/2016/4254 4493/2802/5014 4999/2800/5012 4225/1985/4223
f 4230/2803/5017 5001/2804/5016 4494/2806/5018 5002/2805/5019
f 5002/2805/5019 4494/2806/5018 4769/2327/4555 4231/2328/4557
f 4153/2326/4556 4769/2327/4555 4494/2806/5018 4883/2552/4780
f 4883/2552/4780 4494/2806/5018 5001/2804/5016 4226/2017/4255
f 4227/2401/4631 4805/2402/4630 4495/2808/5020 5003/2807/5021
f 5003/2807/5021 4495/2808/5020 4809/2408/4635 4070/2405/4634
f 4110/1968/4206 4809/2408/4635 4495/2808/5020 5004/2809/5022
f 5004/2809/5022 4495/2808/5020 4805/2402/4630 4228/2403/4632
f 4228/2403/4632 4998/2797/5011 4496/2810/5023 5004/2809/5022
f 5004/2809/5022 4496/2810/5023 4594/1967/4204 4110/1968/4206
f 4095/1966/4205 4594/1967/4204 4496/2810/5023 5005/2811/5024
f 5005/2811/5024 4496/2810/5023 4998/2797/5011 4229/2799/5013
f 4095/1966/4205 5005/2811/5024 4497/2812/5025 4767/2317/4545
f 4767/2317/4545 4497/2812/5025 5006/2813/5026 4096/2321/4550
f 4230/2803/5017 5006/2813/5026 4497/2812/5025 5000/2801/5015
f 5000/2801/5015 4497/2812/5025 5005/2811/5024 4229/2799/5013
f 4096/2321/4550 5006/2813/5026 4498/2815/5027 5007/2814/5028
f 5007/2814/5028 4498/2815/5027 5008/2817/5029 4234/2816/5030
f 4231/2328/4557 5008/2817/5029 4498/2815/5027 5002/2805/5019
f 5002/2805/5019 4498/2815/5027 5006/2813/5026 4230/2803/5017
f 4232/1983/4222 4807/2400/4627 4499/2818/5031 4602/1980/4220
f 4602/1980/4220 4499/2818/5031 4804/2396/4624 4109/1979/4217
f 4022/2395/4625 4804/2396/4624 4499/2818/5031 4592/2819/5032
f 4592/2819/5032 4499/2818/5031 4807/2400/4627 4233/2397/4626
f 4027/2319/4548 4766/2320/4549 4500/2820/5033 4885/2553/4782
f 4885/2553/4782 4500/2820/5033 5009/2821/5034 4154/2356/4586
f 4234/2816/5030 5009/2821/5034 4500/2820/5033 5007/2814/5028
f 5007/2814/5028 4500/2820/5033 4766/2320/4549 4096/2321/4550
f 4154/2356/4586 5009/2821/5034 4501/2822/5035 4783/2353/4584
f 4783/2353/4584 4501/2822/5035 5010/2823/5036 4101/2352/4581
f 4235/2824/5037 5010/2823/5036 4501/2822/5035 5011/2825/5038
f 5011/2825/5038 4501/2822/5035 5009/2821/5034 4234/2816/5030
f 4101/2352/4581 5010/2823/5036 4502/2826/5039 4830/2449/4678
f 4830/2449/4678 4502/2826/5039 5012/2827/5040 4130/1975/4214
f 4236/2828/5041 5012/2827/5040 4502/2826/5039 5013/2829/5042
f 5013/2829/5042 4502/2826/5039 5010/2823/5036 4235/2824/5037
f 4130/1975/4214 5012/2827/5040 4503/2830/5043 4597/1972/4212
f 4597/1972/4212 4503/2830/5043 4715/2214/4442 4028/1971/4209
f 4179/2218/4447 4715/2214/4442 4503/2830/5043 5014/2831/5044
f 5014/2831/5044 4503/2830/5043 5012/2827/5040 4236/2828/5041
f 4234/2816/5030 5008/2817/5029 4504/2832/5045 5011/2825/5038
f 5011/2825/5038 4504/2832/5045 5015/2833/5046 4235/2824/5037
f 4237/2330/4559 5015/2833/5046 4504/2832/5045 4770/2329/4558
f 4770/2329/4558 4504/2832/5045 5008/2817/5029 4231/2328/4557
f 4235/2824/5037 5015/2833/5046 4505/2834/5047 5013/2829/5042
f 5013/2829/5042 4505/2834/5047 5016/2835/5048 4236/2828/5041
f 4238/2254/4483 5016/2835/5048 4505/2834/5047 4829/2448/4676
f 4829/2448/4676 4505/2834/5047 5015/2833/5046 4237/2330/4559
f 4179/2218/4447 5014/2831/5044 4506/2837/5049 5017/2836/5050
f 5017/2836/5050 4506/2837/5049 4733/2251/4478 4239/2248/4477
f 4238/2254/4483 4733/2251/4478 4506/2837/5049 5016/2835/5048
f 5016/2835/5048 4506/2837/5049 5014/2831/5044 4236/2828/5041
f 4179/2218/4447 5017/2836/5050 4507/2838/5051 4825/2442/4670
f 4825/2442/4670 4507/2838/5051 4789/2365/4595 4178/2367/4597
f 4076/2243/4473 4789/2365/4595 4507/2838/5051 4827/2444/4671
f 4827/2444/4671 4507/2838/5051 5017/2836/5050 4239/2248/4477
f 4071/2389/4619 4702/2840/5052 4508/2839/5053 4802/2387/4617
f 4802/2387/4617 4508/2839/5053 5018/2841/5054 4107/1994/4232
f 4240/1957/4196 5018/2841/5054 4508/2839/5053 4800/2386/4614
f 4800/2386/4614 4508/2839/5053 4702/2840/5052 4257/2385/4615
f 4107/1994/4232 5018/2841/5054 4509/2842/5055 4611/1997/4233
f 4611/1997/4233 4509/2842/5055 5019/2843/5056 4046/1999/4237
f 4241/1959/4197 5019/2843/5056 4509/2842/5055 4588/1958/4195
f 4588/1958/4195 4509/2842/5055 5018/2841/5054 4240/1957/4196
f 4046/1999/4237 5019/2843/5056 4510/2844/5057 4617/2007/4244
f 4617/2007/4244 4510/2844/5057 5020/2845/5058 4047/2011/4249
f 4242/2003/4241 5020/2845/5058 4510/2844/5057 4612/2002/4240
f 4612/2002/4240 4510/2844/5057 5019/2843/5056 4241/1959/4197
f 4242/2003/4241 4875/2536/4764 4511/2846/5059 5020/2845/5058
f 5020/2845/5058 4511/2846/5059 4878/2541/4771 4047/2011/4249
f 4150/2540/4768 4878/2541/4771 4511/2846/5059 5021/2847/5060
f 5021/2847/5060 4511/2846/5059 4875/2536/4764 3220/2537/4765
f 4150/2540/4768 5021/2847/5060 4512/2848/5061 4888/2558/4787
f 4888/2558/4787 4512/2848/5061 5022/2849/5062 4157/2201/4430
f 4243/2199/4428 5022/2849/5062 4512/2848/5061 4887/2557/4785
f 4887/2557/4785 4512/2848/5061 5021/2847/5060 3220/2537/4765
f 4157/2201/4430 5022/2849/5062 4513/2850/5063 4709/2204/4431
f 4709/2204/4431 4513/2850/5063 5023/2851/5064 4073/2029/4267
f 4244/2026/4264 5023/2851/5064 4513/2850/5063 4706/2200/4429
f 4706/2200/4429 4513/2850/5063 5022/2849/5062 4243/2199/4428
f 4073/2029/4267 5023/2851/5064 4514/2852/5065 4629/2032/4268
f 4629/2032/4268 4514/2852/5065 5024/2853/5066 4189/2037/4275
f 4245/2028/4266 5024/2853/5066 4514/2852/5065 4624/2027/4265
f 4624/2027/4265 4514/2852/5065 5023/2851/5064 4244/2026/4264
f 4189/2037/4275 5024/2853/5066 4515/2854/5067 4932/2665/4877
f 4932/2665/4877 4515/2854/5067 5025/2855/5068 4142/2664/4878
f 4246/2671/4884 5025/2855/5068 4515/2854/5067 4934/2670/4883
f 4934/2670/4883 4515/2854/5067 5024/2853/5066 4245/2028/4266
f 4142/2664/4878 5025/2855/5068 4516/2856/5069 4938/2675/4889
f 4938/2675/4889 4516/2856/5069 5026/2857/5070 4190/2498/4726
f 4247/2503/4731 5026/2857/5070 4516/2856/5069 4937/2674/4887
f 4937/2674/4887 4516/2856/5069 5025/2855/5068 4246/2671/4884
f 4190/2498/4726 5026/2857/5070 4517/2858/5071 4854/2497/4725
f 4854/2497/4725 4517/2858/5071 5027/2859/5072 4052/2263/4493
f 4248/2259/4488 5027/2859/5072 4517/2858/5071 4858/2504/4732
f 4858/2504/4732 4517/2858/5071 5026/2857/5070 4247/2503/4731
f 4052/2263/4493 5027/2859/5072 4518/2860/5073 4737/2261/4491
f 4737/2261/4491 4518/2860/5073 5028/2861/5074 4082/2064/4303
f 4249/2072/4310 5028/2861/5074 4518/2860/5073 4736/2260/4489
f 4736/2260/4489 4518/2860/5073 5027/2859/5072 4248/2259/4488
f 4082/2064/4303 5028/2861/5074 4519/2862/5075 4640/2061/4301
f 4640/2061/4301 4519/2862/5075 5029/2863/5076 4054/2060/4298
f 4250/2074/4312 5029/2863/5076 4519/2862/5075 4645/2073/4311
f 4645/2073/4311 4519/2862/5075 5028/2861/5074 4249/2072/4310
f 4250/2074/4312 4647/2075/4314 4520/2864/5077 5029/2863/5076
f 5029/2863/5076 4520/2864/5077 4969/2737/4951 4054/2060/4298
f 4206/2085/4324 4969/2737/4951 4520/2864/5077 5030/2865/5078
f 5030/2865/5078 4520/2864/5077 4647/2075/4314 4251/2077/4316
f 4206/2085/4324 5030/2865/5078 4521/2866/5079 4650/2082/4322
f 4650/2082/4322 4521/2866/5079 5031/2867/5080 4197/2081/4319
f 4252/2705/4918 5031/2867/5080 4521/2866/5079 4968/2736/4949
f 4968/2736/4949 4521/2866/5079 5030/2865/5078 4251/2077/4316
f 4197/2081/4319 5031/2867/5080 4522/2868/5081 4949/2698/4910
f 4949/2698/4910 4522/2868/5081 5032/2869/5082 4205/2697/4911
f 4253/2707/4920 5032/2869/5082 4522/2868/5081 4952/2706/4919
f 4952/2706/4919 4522/2868/5081 5031/2867/5080 4252/2705/4918
f 4253/2707/4920 4965/2732/4945 4523/2870/5083 5032/2869/5082
f 5032/2869/5082 4523/2870/5083 4963/2727/4940 4205/2697/4911
f 4059/2726/4939 4963/2727/4940 4523/2870/5083 5033/2871/5084
f 5033/2871/5084 4523/2870/5083 4965/2732/4945 4254/2733/4946
f 4254/2733/4946 4989/2780/4993 4524/2872/5085 5033/2871/5084
f 5033/2871/5084 4524/2872/5085 4991/2782/4996 4059/2726/4939
f 4217/2098/4336 4991/2782/4996 4524/2872/5085 5034/2873/5086
f 5034/2873/5086 4524/2872/5085 4989/2780/4993 4255/2781/4994
f 4217/2098/4336 5034/2873/5086 4525/2874/5087 4656/2097/4335
f 4656/2097/4335 4525/2874/5087 4987/2775/4988 4216/2096/4334
f 4256/2774/4987 4987/2775/4988 4525/2874/5087 5035/2875/5088
f 5035/2875/5088 4525/2874/5087 5034/2873/5086 4255/2781/4994
f 4265/2772/4986 4986/2773/4985 4526/2877/5089 5036/2876/5090
f 5036/2876/5090 4526/2877/5089 4990/2779/4990 4281/2776/4989
f 4255/2781/4994 4990/2779/4990 4526/2877/5089 5035/2875/5088
f 5035/2875/5088 4526/2877/5089 4986/2773/4985 4256/2774/4987
f 4038/2301/4530 4778/2344/4573 4527/2879/5091 5037/2878/5092
f 5037/2878/5092 4527/2879/5091 4781/2350/4579 4282/2351/4580
f 4100/2177/4407 4781/2350/4579 4527/2879/5091 4997/2794/5008
f 4997/2794/5008 4527/2879/5091 4778/2344/4573 4099/2345/4574
f 4038/2301/4530 5037/2878/5092 4528/2880/5093 4756/2300/4529
f 4756/2300/4529 4528/2880/5093 4700/2193/4422 4093/2194/4423
f 4118/2192/4421 4700/2193/4422 4528/2880/5093 5038/2881/5094
f 5038/2881/5094 4528/2880/5093 5037/2878/5092 4282/2351/4580
f 4118/2192/4421 5038/2881/5094 4529/2882/5095 4699/2191/4420
f 4699/2191/4420 4529/2882/5095 4865/2517/4744 4144/2180/4409
f 4283/2516/4745 4865/2517/4744 4529/2882/5095 4867/2522/4750
f 4867/2522/4750 4529/2882/5095 5038/2881/5094 4282/2351/4580
usemtl Labios
f 5785/2999/5665 5783/1716/2957 5782/1708/2949 5784/3000/5666
f 5804/1735/2978 2828/1722/2963 5801/3001/5667 5802/3002/5668
f 5772/3003/5669 5770/3004/5670 2741/1608/2848 5769/1607/2847
f 5779/3005/5671 2781/1669/2909 5771/1670/2910 5772/3003/5669
f 5785/2999/5665 5784/3000/5666 5774/1636/2876 2786/1675/2915
f 2743/1673/2913 5770/3004/5670 5772/3003/5669 5771/1670/2910
f 2785/1709/5672 2742/1664/2904 2747/1634/2874
f 5773/1672/2912 5770/3004/5670 2743/1673/2913
f 2777/1668/2908 2775/1667/2907 5776/3006/5673 5778/3007/5674
f 5805/1710/2951 5798/3008/5675 5778/3007/5674 5788/1387/2626
f 5786/1711/2952 5777/3009/5676 5785/2999/5665 2786/1675/2915
f 5788/1387/2626 5778/3007/5674 5776/3006/5673 5787/1386/2625
f 5775/1666/2906 2773/1693/2933 5780/3010/5677 5779/3005/5671
f 5780/3010/5677 2773/1693/2933 2774/1692/2932 5781/3011/5678
f 5783/1716/2957 5785/2999/5665 5777/3009/5676 2776/1715/2956
f 5776/3006/5673 2775/1667/2907 2776/1715/2956 5777/3009/5676
f 2782/1776/3019 5780/3010/5677 5781/3011/5678 2783/1712/2953
f 5802/3002/5668 5801/3001/5667 5800/1706/2946 2848/1698/2938
f 5799/3012/5679 5781/3011/5678 2774/1692/2932 5796/1703/2943
f 5802/3002/5668 2848/1698/2938 5797/1697/2937 5798/3008/5675
f 5779/3005/5671 5772/3003/5669 5769/1607/2847 5775/1666/2906
f 5770/3004/5670 5773/1672/2912 2742/1664/2904 2741/1608/2848
f 5784/3000/5666 2785/1709/2950 2747/1634/2874
f 2781/1669/2909 5779/3005/5671 5780/3010/5677 2782/1776/3019
f 5782/1708/2949 2785/1709/2950 5784/3000/5666
f 5774/1636/2876 5784/3000/5666 2747/1634/2874
f 5790/1718/2959 5794/3013/5680 5799/3012/5679 5796/1703/2943
f 5794/3013/5680 5793/1726/2967 2846/1713/2954 5799/3012/5679
f 5792/3014/5681 5791/1727/2968 5793/1726/2967 5794/3013/5680
f 5798/3008/5675 5805/1710/2951 5804/1735/2978 5802/3002/5668
f 2777/1668/2908 5778/3007/5674 5798/3008/5675 5797/1697/2937
f 5792/3014/5681 5795/1734/2976 5791/1727/2968
f 5801/3001/5667 5803/1730/2975 5800/1706/2946
f 2846/1713/2954 2783/1712/2953 5781/3011/5678 5799/3012/5679
f 5792/3014/5681 5794/3013/5680 5790/1718/2959 5789/1719/2960
f 2826/1723/2964 5803/1730/2975 5801/3001/5667
f 5795/1734/2976 5792/3014/5681 5789/1719/2960 2821/1731/2973
f 2826/1723/2964 5801/3001/5667 2828/1722/2963
f 5786/1711/2952 5787/1386/2625 5776/3006/5673 5777/3009/5676
l 2851 2852
